variant,date,plan_total_kwh,plan_cost_yuan_template,final_contract_total_kwh,adjust_cost_yuan_template,emergency_kwh,emergency_cost_yuan,total_cost_yuan,curtail_kwh,adjust_up_kwh,adjust_down_kwh,soc_start_kwh,soc_end_kwh,natural_day_plan_cost_yuan,natural_day_adjust_cost_yuan
2,2025-02-01,44768.305074995515,19224.03507911155,44768.305074995515,0.0,0.0,0.0,19117.537882111552,6365.005659558395,0.0,0.0,1922.8605438888887,2413.58852610823,19117.537882111552,0.0
2,2025-02-02,91362.1909114929,65155.25218484953,91362.1909114929,0.0,0.0,0.0,65133.0451595162,9098.185617062762,0.0,0.0,2413.58852610823,2538.6883986111097,65133.0451595162,0.0
2,2025-02-03,89609.7508815967,64670.33949525649,89609.7508815967,0.0,0.0,0.0,64699.582914089835,5997.898719842731,0.0,0.0,2538.6883986111097,2124.4271515740757,64699.582914089835,0.0
2,2025-02-04,87127.01156585758,62180.63363216819,87127.01156585758,0.0,0.0,0.0,62148.70456716819,1964.2798338711373,0.0,0.0,2124.4271515740757,1681.87743999151,62148.70456716819,0.0
2,2025-02-05,87707.84351097321,62673.96978647104,87707.84351097321,0.0,0.0,0.0,62654.90287497104,2241.2608321571906,0.0,0.0,1681.87743999151,2117.0694937962967,62654.90287497104,0.0
2,2025-02-06,86113.90781636111,61750.65694685999,86113.90781636111,0.0,0.0,0.0,61904.23532285999,2013.609103189316,0.0,0.0,2117.0694937962967,1867.544377870372,61904.23532285999,0.0
2,2025-02-07,38538.580897427986,16272.071388301538,38538.580897427986,0.0,0.0,0.0,16268.506768551537,3265.525400617291,0.0,0.0,1867.544377870372,1581.0325263835146,16268.506768551537,0.0
2,2025-02-08,37176.819700549175,15639.908305510104,37176.819700549175,0.0,0.0,0.0,15571.731895260105,1914.4638270195403,0.0,0.0,1581.0325263835146,1574.5778611111107,15571.731895260105,0.0
2,2025-02-09,83933.42540715843,59008.1897558432,83933.42540715843,0.0,0.0,0.0,58969.29166350987,137.0893000000001,0.0,0.0,1574.5778611111107,1379.7231419722343,58969.29166350987,0.0
2,2025-02-10,81977.77402758435,55949.066197684224,81977.77402758435,0.0,0.0,0.0,55926.82236826755,3795.487692489719,0.0,0.0,1379.7231419722343,1272.0967088603345,55926.82236826755,0.0
2,2025-02-11,82082.03185178069,56624.733190691164,82082.03185178069,0.0,89.50669108333604,414.5790987487626,57109.12478518993,2684.673481172843,0.0,0.0,1272.0967088603345,1318.1765344730225,56694.54568644117,0.0
2,2025-02-12,83199.64800273726,57083.666138399276,83199.64800273726,0.0,0.0,0.0,57034.286849565935,3487.515768153789,0.0,0.0,1318.1765344730225,1615.392411591218,57034.286849565935,0.0
2,2025-02-13,82205.59486204202,56190.96816483543,82205.59486204202,0.0,0.0,0.0,56314.78034833544,7163.415076646099,0.0,0.0,1615.392411591218,1786.0840312749965,56314.78034833544,0.0
2,2025-02-14,35971.69216337519,15066.900403418034,35971.69216337519,0.0,2.6178383933361227,9.895946405377185,15069.155999656745,3189.005638700908,0.0,0.0,1786.0840312749965,1252.6019248148145,15059.260053251368,0.0
2,2025-02-15,35118.48938138272,15057.92133850861,35118.48938138272,0.0,363.28829266666366,1402.0983313277382,16343.533644503013,2721.4083666666684,0.0,0.0,1252.6019248148145,1200.0,14941.435313175276,0.0
2,2025-02-16,80131.30455740739,54898.20475420605,80131.30455740739,0.0,82.89353098373897,270.65093601326384,55174.877624143766,585.9474678860001,0.0,0.0,1200.0,1200.0,54904.226688130504,0.0
2,2025-02-17,78525.3356084792,53328.42189577225,78525.3356084792,0.0,7.349845118312089,15.875665455554113,53309.168952386695,3420.0727446216797,0.0,0.0,1200.0,1284.3945255395483,53293.29328693114,0.0
2,2025-02-18,78251.31589986128,52632.69634502649,78251.31589986128,0.0,0.0,0.0,52701.3163237765,2166.7889147303167,0.0,0.0,1284.3945255395483,1400.2549300925912,52701.3163237765,0.0
2,2025-02-19,77419.25672598009,51810.13493020072,77419.25672598009,0.0,604.5851450466535,2921.3012128528617,54702.43791022025,1239.3610083333328,0.0,0.0,1400.2549300925912,1200.0,51781.13669736739,0.0
2,2025-02-20,78511.94997753394,53511.75740475243,78511.94997753394,0.0,45.034166666666856,98.66985916666708,53722.612937752434,3512.778149382722,0.0,0.0,1200.0,1446.0452896296233,53623.94307858577,0.0
2,2025-02-21,34504.34901552058,14725.39900197381,34504.34901552058,0.0,39.241473083332856,177.45931347124787,14900.913917445057,5422.659986018514,0.0,0.0,1446.0452896296233,1573.3578889685193,14723.454603973809,0.0
2,2025-02-22,33515.19590731892,14281.018821454923,33515.19590731892,0.0,635.2875907499983,2791.047284900824,16979.434415522417,3133.0900083333304,0.0,0.0,1573.3578889685193,1391.1614559259228,14188.387130621591,0.0
2,2025-02-23,75751.35159734568,50604.40612532782,75751.35159734568,0.0,123.8785023800018,583.1725489464924,51172.127224107644,129.33408333333307,0.0,0.0,1391.1614559259228,1316.0022374074078,50588.95467516115,0.0
2,2025-02-24,74263.80187434464,49143.30552747073,74263.80187434464,0.0,23.669891666666672,120.94131147083337,49230.010703608226,1922.6664156378617,0.0,0.0,1316.0022374074078,1431.2535610516693,49109.06939213739,0.0
2,2025-02-25,74610.39116787983,48938.58916815122,74610.39116787983,0.0,11.218333333333362,58.39703416666681,49065.29956265122,5237.756061563786,0.0,0.0,1431.2535610516693,1301.650347222222,49006.902528484556,0.0
2,2025-02-26,73778.77917368518,48790.612797197726,73778.77917368518,0.0,0.0,0.0,48755.79061136439,855.9492082242733,0.0,0.0,1301.650347222222,1458.181085561113,48755.79061136439,0.0
2,2025-02-27,72638.19504222323,47062.35720110359,72638.19504222323,0.0,29.00872208333398,136.49752519104487,47303.61108754463,1346.1327089763504,0.0,0.0,1458.181085561113,1529.4239888888899,47167.11356235359,0.0
2,2025-02-28,33046.53133765456,13686.115107190399,33046.53133765456,0.0,35.97367475000071,174.45433570012844,13858.026864973861,6606.127408690333,0.0,0.0,1529.4239888888899,1433.8973454629672,13683.572529273733,0.0
2,2025-03-01,32695.203669582952,13418.033896728886,32695.203669582952,0.0,68.67144791666644,269.9802686521657,13586.794202047718,6101.459197325107,0.0,0.0,1433.8973454629672,1246.64344465706,13316.813933395553,0.0
2,2025-03-02,72520.86599267188,47370.96214138146,72520.86599267188,0.0,3938.150076919766,24436.662081195238,71803.45942241003,375.85959537037303,0.0,0.0,1246.64344465706,1320.0306331481484,47366.7973412148,0.0
2,2025-03-03,68975.52886308196,44390.39136681378,68975.52886308196,0.0,6812.979889299818,41734.759125399054,86142.18127721283,327.44875401234685,0.0,0.0,1320.0306331481484,1311.706141203704,44407.42215181378,0.0
2,2025-03-04,70593.38737398546,45799.527589534104,70593.38737398546,0.0,2396.7378826027516,14889.085877051724,60673.989867085824,14.001716666666653,0.0,0.0,1311.706141203704,1200.0,45784.9039900341,0.0
2,2025-03-05,71994.73745663992,46128.23263025007,71994.73745663992,0.0,41.047500000000014,89.85297750000004,46196.89346900007,1582.9102563333367,0.0,0.0,1200.0,1470.3676845370392,46107.04049150007,0.0
2,2025-03-06,70345.53371318142,45196.76401956747,70345.53371318142,0.0,513.5126925000014,3435.696478635009,48755.249970702476,1044.8363181069985,0.0,0.0,1470.3676845370392,1339.2613869684506,45319.55349206747,0.0
2,2025-03-07,32055.11383672949,13259.195805865798,32055.11383672949,0.0,0.0,0.0,13250.572015647323,7861.469074382714,0.0,0.0,1339.2613869684506,1558.18757867222,13250.572015647323,0.0
2,2025-03-08,31473.454794959645,13098.873408561289,31473.454794959645,0.0,0.0,0.0,13005.56566619643,9167.21570198971,0.0,0.0,1558.18757867222,1777.1559966206712,13005.56566619643,0.0
2,2025-03-09,74751.86961884069,47762.08056936157,74751.86961884069,0.0,0.0,0.0,47779.91707719491,7799.864332304527,0.0,0.0,1777.1559966206712,1568.3904805269776,47779.91707719491,0.0
2,2025-03-10,71367.2144332159,46806.23151938776,71367.2144332159,0.0,616.9985441543304,3499.342099422814,50239.160252310576,132.4417750000007,0.0,0.0,1568.3904805269776,1288.3401895592604,46739.81815288776,0.0
2,2025-03-11,70355.49491496898,45179.51840506692,70355.49491496898,0.0,0.0,0.0,45253.845693483585,1918.1553361915112,0.0,0.0,1288.3401895592604,1757.34096908042,45253.845693483585,0.0
2,2025-03-12,70118.09787896863,44543.128699810404,70118.09787896863,0.0,65.84792291666645,431.86360244895695,44952.785869842686,4340.685235601799,0.0,0.0,1757.34096908042,1259.7278741666676,44520.92226739373,0.0
2,2025-03-13,68961.34927451223,44343.34313428274,68961.34927451223,0.0,2421.9292994968346,15362.233970840025,59798.58236512276,60.53418333333343,0.0,0.0,1259.7278741666676,1223.8938954629632,44436.34839428274,0.0
2,2025-03-14,30879.891511676953,12464.590471311249,30879.891511676953,0.0,0.0,0.0,12442.036984644583,11331.52288168724,0.0,0.0,1223.8938954629632,1703.6401328143081,12442.036984644583,0.0
2,2025-03-15,29909.04442871147,12630.789314918402,29909.04442871147,0.0,419.70347574999863,1298.736598903954,13824.601472489023,6847.52012698868,0.0,0.0,1703.6401328143081,1453.4864061374058,12525.86487358507,0.0
2,2025-03-16,70846.50077554074,44842.38224610773,70846.50077554074,0.0,1.6400000000001,8.081100000000493,44880.10042235774,3100.7530996913574,0.0,0.0,1453.4864061374058,1772.2719147240769,44872.01932235774,0.0
2,2025-03-17,69716.75595370472,43086.78120125247,69716.75595370472,0.0,0.0,0.0,43089.25379885206,7968.668282407413,0.0,0.0,1772.2719147240769,1949.8802379870372,43089.25379885206,0.0
2,2025-03-18,67535.22198974692,42115.76721511882,67535.22198974692,0.0,304.48455774666576,1475.370686686322,43606.33350220555,2916.469700818934,0.0,0.0,1949.8802379870372,1728.60199314815,42130.962815519226,0.0
2,2025-03-19,66674.0816062274,41257.30771568923,66674.0816062274,0.0,258.00696041666794,1302.1960789218817,42516.07549702778,3071.0974756522996,0.0,0.0,1728.60199314815,2037.003004907411,41213.8794181059,0.0
2,2025-03-20,66498.20414898764,41976.469458223735,66498.20414898764,0.0,0.0,0.0,42121.223143723735,899.0619333333334,0.0,0.0,2037.003004907411,1442.6373479185752,42121.223143723735,0.0
2,2025-03-21,28962.481532520145,11529.242078292116,28962.481532520145,0.0,410.05396283333107,1250.9698684602427,12768.849139585693,14493.912962181395,0.0,0.0,1442.6373479185752,1453.9199994444475,11517.87927112545,0.0
2,2025-03-22,28765.32751530041,11693.502934002765,28765.32751530041,0.0,455.8458255441669,1544.6010251964535,13164.956339365886,10197.264699999998,0.0,0.0,1453.9199994444475,1838.3308025120389,11620.355314169432,0.0
2,2025-03-23,65763.13262046708,40338.147042091296,65763.13262046708,0.0,333.0276550833346,1714.304590945715,42014.857441370346,3589.2223054526753,0.0,0.0,1838.3308025120389,1634.6379649074083,40300.55285042463,0.0
2,2025-03-24,66128.39670771605,40778.794307235745,66128.39670771605,0.0,0.0,0.0,40749.22691915241,3886.6395702674863,0.0,0.0,1634.6379649074083,1844.0285119444484,40749.22691915241,0.0
2,2025-03-25,63428.555117567885,39069.791525434404,63428.555117567885,0.0,1284.292773416665,7121.042023801989,46224.15413506972,391.5516166666665,0.0,0.0,1844.0285119444484,1297.0316541666664,39103.112111267736,0.0
2,2025-03-26,62637.380354889916,38497.36468313444,62637.380354889916,0.0,38.83214633332916,192.58933337414598,38694.56663692525,2640.1622185730484,0.0,0.0,1297.0316541666664,1699.4575597222208,38501.9773035511,0.0
2,2025-03-27,63603.66055955144,38931.03665810828,63603.66055955144,0.0,140.84966841666414,718.5399775468205,39750.637459405094,1327.5644500000003,0.0,0.0,1699.4575597222208,1491.1620633333375,39032.097481858276,0.0
2,2025-03-28,28268.666639045532,11422.53936471441,28268.666639045532,0.0,391.8143829166655,1204.6709537139545,12626.075450511697,14794.996915428252,0.0,0.0,1491.1620633333375,1797.6448046296277,11421.404496797742,0.0
2,2025-03-29,28126.562786390947,11348.048898293582,28126.562786390947,0.0,51.066710747497154,204.54514325610617,11439.576085049688,18110.193123630794,0.0,0.0,1797.6448046296277,1395.8528332958974,11235.030941793582,0.0
2,2025-03-30,62165.853342062175,37489.32779288656,62165.853342062175,0.0,0.0,0.0,37493.74080438656,2535.201241065896,0.0,0.0,1395.8528332958974,1831.8983571657402,37493.74080438656,0.0
2,2025-03-31,60769.20837166255,37161.351404181514,60769.20837166255,0.0,69.4956974999997,431.72474076374834,37566.31891536193,576.3978155349806,0.0,0.0,1831.8983571657402,1454.3344281481482,37134.59417459818,0.0
2,2025-04-01,61144.68308890843,38120.6622062205,61144.68308890843,0.0,2273.6978330353068,14420.64912362818,52536.673410348674,0.0,0.0,0.0,1454.3344281481482,1448.7499426175918,38116.024286720494,0.0
2,2025-04-02,58443.80043032614,35915.39876762562,58443.80043032614,0.0,5098.552648673325,30987.45207342768,66945.77716113663,0.0,0.0,0.0,1448.7499426175918,1338.4165050000001,35958.32508770895,0.0
2,2025-04-03,61002.84329836043,37709.66830643273,61002.84329836043,0.0,274.3727534999957,1450.6042877605605,39255.899758193285,1192.5138770641256,0.0,0.0,1338.4165050000001,1538.4250472222216,37805.29547043273,0.0
2,2025-04-04,27455.32803383437,10795.610156860155,27455.32803383437,0.0,29.50273091666543,92.3878018655378,10880.248429085717,18211.660698884163,0.0,0.0,1538.4250472222216,1738.417956517598,10787.86062722018,0.0
2,2025-04-05,27529.434680618302,11049.168175887171,27529.434680618302,0.0,0.0,0.0,10942.875233693812,13230.275167489712,0.0,0.0,1738.417956517598,1334.6651687120361,10942.875233693812,0.0
2,2025-04-06,60626.35703871555,36848.41477050423,60626.35703871555,0.0,0.0,0.0,36868.952802837564,2199.8223841575846,0.0,0.0,1334.6651687120361,1451.413718461754,36868.952802837564,0.0
2,2025-04-07,59257.807592498255,35812.71532064733,59257.807592498255,0.0,0.0,0.0,35793.726033444196,2259.7220402848134,0.0,0.0,1451.413718461754,1450.2332491999994,35793.726033444196,0.0
2,2025-04-08,61420.534086654705,36799.68856554063,61420.534086654705,0.0,301.8753862500034,1551.7044607738158,38333.67553067167,3639.908919000006,0.0,0.0,1450.2332491999994,1200.0,36781.97106989786,0.0
2,2025-04-09,59504.74794997364,35793.16438511064,59504.74794997364,0.0,3191.4972248763374,20147.16567022336,55967.121985187405,143.49251666666737,0.0,0.0,1200.0,1200.0,35819.956314964045,0.0
2,2025-04-10,59386.007014664174,35963.08722264129,59386.007014664174,0.0,0.0,0.0,36079.70994963378,474.42544216255345,0.0,0.0,1200.0,1572.29931638889,36079.70994963378,0.0
2,2025-04-11,27105.6560078786,10729.968815116014,27105.6560078786,0.0,0.0,0.0,10721.766743116013,19368.248511459125,0.0,0.0,1572.29931638889,1359.0951423030153,10721.766743116013,0.0
2,2025-04-12,27614.52226469315,10704.989480808468,27614.52226469315,0.0,0.0,0.0,10559.911210808468,15623.282204218103,0.0,0.0,1359.0951423030153,1798.5175018575683,10559.911210808468,0.0
2,2025-04-13,57160.81634814234,34689.43648358906,57160.81634814234,0.0,1004.3747616505054,6397.765827323171,41110.0678735789,479.0565467078206,0.0,0.0,1798.5175018575683,1441.6018780555555,34712.302046255725,0.0
2,2025-04-14,56827.67752864864,34299.672384329184,56827.67752864864,0.0,269.3502597500018,1367.184925356009,35663.98244901852,619.4536390984541,0.0,0.0,1441.6018780555555,1468.8914997521604,34296.79752366251,0.0
2,2025-04-15,60291.79373440602,35850.805795073415,60291.79373440602,0.0,0.0,0.0,35877.699311406745,6246.759478609045,0.0,0.0,1468.8914997521604,1769.9545206481512,35877.699311406745,0.0
2,2025-04-16,59397.01575532099,36026.620523087,59397.01575532099,0.0,0.0,0.0,36000.316270420335,239.53372273268667,0.0,0.0,1769.9545206481512,1534.156513796295,36000.316270420335,0.0
2,2025-04-17,58381.493250925916,35233.95831473753,58381.493250925916,0.0,0.0,0.0,35369.47399198753,1554.9314941357961,0.0,0.0,1534.156513796295,1825.2032601851843,35369.47399198753,0.0
2,2025-04-18,26215.74014647634,10272.32797041988,26215.74014647634,0.0,0.0,0.0,10257.51024416988,17212.702941769545,0.0,0.0,1825.2032601851843,1943.1098178537059,10257.51024416988,0.0
2,2025-04-19,26010.826676213914,10250.645384538122,26010.826676213914,0.0,0.0,0.0,10163.390711871456,16757.52985836001,0.0,0.0,1943.1098178537059,1949.4893022462259,10163.390711871456,0.0
2,2025-04-20,55643.378151355006,33561.41700002908,55643.378151355006,0.0,0.0,0.0,33527.21719352908,11.859524999999849,0.0,0.0,1949.4893022462259,1848.342635542591,33527.21719352908,0.0
2,2025-04-21,55481.35438505246,33038.180039202955,55481.35438505246,0.0,0.0,0.0,33068.32816386962,3583.108571405542,0.0,0.0,1848.342635542591,1472.5491520715836,33068.32816386962,0.0
2,2025-04-22,57281.950674487336,34526.977523029826,57281.950674487336,0.0,0.0,0.0,34503.99824086316,1108.8536829564414,0.0,0.0,1472.5491520715836,1784.8889617925915,34503.99824086316,0.0
2,2025-04-23,58411.00625036565,35409.69882012905,58411.00625036565,0.0,0.0,0.0,35410.27733312905,3319.202855296445,0.0,0.0,1784.8889617925915,1902.757667940064,35410.27733312905,0.0
2,2025-04-24,55564.68614954087,33624.82531930014,55564.68614954087,0.0,0.0,0.0,33749.30358563347,5234.348545810701,0.0,0.0,1902.757667940064,1632.6277082435204,33749.30358563347,0.0
2,2025-04-25,25277.145900105963,9553.67602460879,25277.145900105963,0.0,0.0,0.0,9569.08115277546,21007.569361419748,0.0,0.0,1632.6277082435204,1421.711090383333,9569.08115277546,0.0
2,2025-04-26,25433.209395474725,9820.117950826152,25433.209395474725,0.0,10.369093333332223,35.218625506662896,9709.148661332816,23115.757887860083,0.0,0.0,1421.711090383333,1241.8848576531782,9673.930035826153,0.0
2,2025-04-27,54505.21499579288,32291.214073473915,54505.21499579288,0.0,414.1636732304523,2645.1788882756746,34931.03182424959,2500.4273113386007,0.0,0.0,1241.8848576531782,1320.1508350925924,32285.85293597392,0.0
2,2025-04-28,53555.53889151159,32168.21286687707,53555.53889151159,0.0,5930.772415129401,37411.196414258535,69584.6486493856,32.03231666666636,0.0,0.0,1320.1508350925924,1378.5244833493275,32173.45223512707,0.0
2,2025-04-29,54023.296595514126,32186.674260135813,54023.296595514126,0.0,231.1527971666614,1529.7692116489652,33747.060297284785,3243.3202742798385,0.0,0.0,1378.5244833493275,1441.8937210277777,32217.291085635818,0.0
2,2025-04-30,56772.1260236039,33122.40056141446,56772.1260236039,0.0,0.0,0.0,33094.56950583113,5042.3236469135845,0.0,0.0,1441.8937210277777,1560.2727162990707,33094.56950583113,0.0
2,2025-05-01,53183.81792303601,32833.76310657445,53183.81792303601,0.0,2612.0859090833337,13420.242487103333,46390.781877677786,1310.9296869340412,0.0,0.0,1560.2727162990707,1200.0,32970.53939057445,0.0
2,2025-05-02,24807.12193394753,9931.194366998066,24807.12193394753,0.0,3779.2053262654385,16893.62404201546,26799.25531234686,11872.839683333332,0.0,0.0,1200.0,1200.0,9905.6312703314,0.0
2,2025-05-03,25988.068957166663,10293.190026788643,25988.068957166663,0.0,2314.5862754166656,11000.29278841706,21175.636541372372,16420.56793333333,0.0,0.0,1200.0,1634.6611942592601,10175.343752955312,0.0
2,2025-05-04,54302.86986427057,34356.530736232984,54302.86986427057,0.0,707.6374061666633,4164.762441149144,38502.53491738212,0.0,0.0,0.0,1634.6611942592601,1420.4617612037036,34337.77247623298,0.0
2,2025-05-05,57307.84042604732,35515.69213162116,57307.84042604732,0.0,2419.585115812496,14449.413960594853,49979.72894388268,935.5886333333331,0.0,0.0,1420.4617612037036,1474.840381388889,35530.314983287826,0.0
2,2025-05-06,54866.663516597735,35181.643171118456,54866.663516597735,0.0,1911.4461192499962,10428.659299144223,45574.79995167934,421.9934405000075,0.0,0.0,1474.840381388889,1334.285774907408,35146.14065253512,0.0
2,2025-05-07,60164.99127204732,37450.20421954905,60164.99127204732,0.0,667.8784183333324,4552.649571974494,42030.34281469021,1716.3734907905332,0.0,0.0,1334.285774907408,1433.612194629629,37477.693242715715,0.0
2,2025-05-08,57718.35547136454,36814.97989399423,57718.35547136454,0.0,1505.9865060583359,9835.991465704901,46772.423808032465,63.871791666666354,0.0,0.0,1433.612194629629,1405.6537061336508,36936.432342327564,0.0
2,2025-05-09,28748.151128801706,12446.131175060455,28748.151128801706,0.0,0.0,0.0,12455.867627060456,16790.10330312613,0.0,0.0,1405.6537061336508,2296.4362032258864,12455.867627060456,0.0
2,2025-05-10,27422.9353525556,11957.773719650804,27422.9353525556,0.0,0.0,0.0,11826.063519734136,13751.895486221532,0.0,0.0,2296.4362032258864,1514.6022050628726,11826.063519734136,0.0
2,2025-05-11,57585.59004299187,36487.36440761852,57585.59004299187,0.0,1057.412500505824,7226.62409131526,43695.11146560044,0.8789333333332365,0.0,0.0,1514.6022050628726,1333.5736378955198,36468.487374285185,0.0
2,2025-05-12,60334.149852805574,37794.21433303977,60334.149852805574,0.0,0.0,0.0,37829.16790070643,4503.3394279835375,0.0,0.0,1333.5736378955198,2056.360709996645,37829.16790070643,0.0
2,2025-05-13,57247.96003709891,36091.00130341295,57247.96003709891,0.0,0.0,0.0,36067.77880874629,561.790549146479,0.0,0.0,2056.360709996645,2003.7718970166677,36067.77880874629,0.0
2,2025-05-14,60146.9247313098,36831.193179979775,60146.9247313098,0.0,0.0,0.0,36823.905344479776,3720.9502428044952,0.0,0.0,2003.7718970166677,1937.6703768851858,36823.905344479776,0.0
2,2025-05-15,59042.70764141175,37201.692140316285,59042.70764141175,0.0,0.0,0.0,37305.365942399614,1568.5581697530802,0.0,0.0,1937.6703768851858,3091.198682459407,37305.365942399614,0.0
2,2025-05-16,27034.231067869863,11885.146955634558,27034.231067869863,0.0,0.0,0.0,11913.22182721789,22793.74788467078,0.0,0.0,3091.198682459407,2422.19020525,11913.22182721789,0.0
2,2025-05-17,27538.81540123971,12117.58305041368,27538.81540123971,0.0,0.0,0.0,11990.536825747013,14941.386098954303,0.0,0.0,2422.19020525,2257.9181714583333,11990.536825747013,0.0
2,2025-05-18,58470.05831624898,36681.64248067925,58470.05831624898,0.0,0.0,0.0,36673.14467267428,878.0654780864263,0.0,0.0,2257.9181714583333,2624.0627120953714,36673.14467267428,0.0
2,2025-05-19,59043.514190353046,36461.367897365446,59043.514190353046,0.0,32.30833333333351,225.46370416666787,36700.4748833612,8365.437696092584,0.0,0.0,2624.0627120953714,2587.074177935183,36475.01117919454,0.0
2,2025-05-20,57127.393407302196,35581.63922784614,57127.393407302196,0.0,0.0,0.0,35601.47060077202,26.258750000000077,0.0,0.0,2587.074177935183,1777.4699384095757,35601.47060077202,0.0
2,2025-05-21,59185.75801327278,36857.15171407297,59185.75801327278,0.0,0.0,0.0,36830.79577668445,4643.445447801439,0.0,0.0,1777.4699384095757,1603.7944130287053,36830.79577668445,0.0
2,2025-05-22,59049.51174869596,36965.20410599684,59049.51174869596,0.0,0.0,0.0,37086.7700059687,3026.3761684956653,0.0,0.0,1603.7944130287053,3391.189064770533,37086.7700059687,0.0
2,2025-05-23,26262.581025134503,11627.773762385343,26262.581025134503,0.0,0.0,0.0,11641.87519763131,17746.668429973248,0.0,0.0,3391.189064770533,3171.221537222226,11641.87519763131,0.0
2,2025-05-24,26702.96104804938,12162.723897234622,26702.96104804938,0.0,0.0,0.0,12052.082325655323,20456.72559818313,0.0,0.0,3171.221537222226,3259.300440370369,12052.082325655323,0.0
2,2025-05-25,57747.81088308332,36480.381008890356,57747.81088308332,0.0,0.0,0.0,36473.51884239036,6214.98030770284,0.0,0.0,3259.300440370369,3147.62891781845,36473.51884239036,0.0
2,2025-05-26,57239.25160420065,36096.1897854765,57239.25160420065,0.0,0.0,0.0,36060.53126364316,128.64435000000003,0.0,0.0,3147.62891781845,2370.0324783508877,36060.53126364316,0.0
2,2025-05-27,56619.60926070447,35477.97730522239,56619.60926070447,0.0,0.0,0.0,35538.59249105572,3742.516147055255,0.0,0.0,2370.0324783508877,2631.4849251280316,35538.59249105572,0.0
2,2025-05-28,56884.15974258099,35921.01480487765,56884.15974258099,0.0,0.0,0.0,35858.594850377645,859.0417177304494,0.0,0.0,2631.4849251280316,2870.036941289819,35858.594850377645,0.0
2,2025-05-29,56718.94397061008,36064.62850817932,56718.94397061008,0.0,299.95063533333155,1516.611295557324,37727.65904498664,194.44624166666705,0.0,0.0,2870.036941289819,2214.601585757413,36211.047749429315,0.0
2,2025-05-30,26482.854853923647,11547.549657776486,26482.854853923647,0.0,0.0,0.0,11543.304457359818,17579.36686056739,0.0,0.0,2214.601585757413,2162.1221404928197,11543.304457359818,0.0
2,2025-05-31,26829.089154826474,11490.803206922948,26829.089154826474,0.0,425.92748816666716,1320.7512657329182,12649.829628322535,15807.788714274688,0.0,0.0,2162.1221404928197,3000.709012256479,11329.078362589617,0.0
2,2025-06-01,55864.87805965179,38104.035529606874,55864.87805965179,0.0,15465.260851942483,93694.50943906835,131820.35918775856,0.0,0.0,0.0,3000.709012256479,1200.0,38125.849748690205,0.0
2,2025-06-02,57891.42215443195,38861.24564062571,57891.42215443195,0.0,13424.475238925037,83574.22488711993,122485.7481596623,4.329566666666665,0.0,0.0,1200.0,1200.0,38911.52327254237,0.0
2,2025-06-03,58172.97191072392,39039.427322528805,58172.97191072392,0.0,12457.008075141668,77760.78758049197,116759.00386852078,0.0,0.0,0.0,1200.0,1200.0,38998.2162880288,0.0
2,2025-06-04,60568.06335363593,41082.98336456757,60568.06335363593,0.0,11578.299601483855,75234.0718659462,116231.01976926377,0.0,0.0,0.0,1200.0,1239.9326925,40996.94790331757,0.0
2,2025-06-05,73893.30003237346,50825.103982486384,73893.30003237346,0.0,1347.4230901249982,8919.542747411064,59893.32717264745,22.942133333333175,0.0,0.0,1239.9326925,1258.9944254629634,50973.78442523639,0.0
2,2025-06-06,33557.449464360085,16906.744253528526,33557.449464360085,0.0,2004.8941819999982,10982.536733118573,27920.157544480433,2166.419333333336,0.0,0.0,1258.9944254629634,1241.0080657716055,16937.62081136186,0.0
2,2025-06-07,33875.94644098148,17058.202750772958,33875.94644098148,0.0,865.8886667414129,4793.829687320098,21701.909373009723,720.4783666666611,0.0,0.0,1241.0080657716055,1609.700590092592,16908.079685689627,0.0
2,2025-06-08,78657.5353905857,53549.82011875929,78657.5353905857,0.0,0.0,0.0,53515.4394521343,9236.715273719712,0.0,0.0,1609.700590092592,2444.5134724799973,53515.4394521343,0.0
2,2025-06-09,76418.17720958966,52995.50251026851,76418.17720958966,0.0,0.0,0.0,53051.32241289351,1649.3565488483187,0.0,0.0,2444.5134724799973,2235.71631029578,53051.32241289351,0.0
2,2025-06-10,77256.3018377629,53470.27251973,77256.3018377629,0.0,0.0,0.0,53468.05612498,1511.7186383369312,0.0,0.0,2235.71631029578,2394.0307859490727,53468.05612498,0.0
2,2025-06-11,76798.07168135257,52542.42892216705,76798.07168135257,0.0,3438.7075712916694,21985.210093175574,74459.20459075928,769.9012601080245,0.0,0.0,2394.0307859490727,1687.8432807358795,52473.99449758371,0.0
2,2025-06-12,77381.52269836779,52895.39750020238,77381.52269836779,0.0,178.86147158333821,1137.8434345007845,54226.70004005733,894.865717618315,0.0,0.0,1687.8432807358795,1548.8872161557867,53088.856605556546,0.0
2,2025-06-13,41998.815886651486,21986.05740182641,41998.815886651486,0.0,0.0,0.0,21969.610182972247,8927.228209134779,0.0,0.0,1548.8872161557867,3955.646223956941,21969.610182972247,0.0
2,2025-06-14,39049.815300149814,21231.155441624534,39049.815300149814,0.0,0.0,0.0,21080.187637207862,11302.63048452249,0.0,0.0,3955.646223956941,3374.2759630909736,21080.187637207862,0.0
2,2025-06-15,77655.97381178905,53955.22230408758,77655.97381178905,0.0,0.0,0.0,53961.777692879245,3698.312568341973,0.0,0.0,3374.2759630909736,2802.9233307350287,53961.777692879245,0.0
2,2025-06-16,80014.60263349343,56208.03005888344,80014.60263349343,0.0,0.0,0.0,56193.85807221678,3393.648047556591,0.0,0.0,2802.9233307350287,2727.0095459990866,56193.85807221678,0.0
2,2025-06-17,80269.24162163495,56084.902698068916,80269.24162163495,0.0,0.0,0.0,56096.15061611058,2085.571059927984,0.0,0.0,2727.0095459990866,2211.091519589332,56096.15061611058,0.0
2,2025-06-18,81599.33337857033,56860.46207181009,81599.33337857033,0.0,0.0,0.0,56874.50238395593,6824.122650406511,0.0,0.0,2211.091519589332,2563.747270662872,56874.50238395593,0.0
2,2025-06-19,81871.86250290234,56478.1784169267,81871.86250290234,0.0,16.611458333333076,113.14894843749825,56681.1248950517,9555.2739160414,0.0,0.0,2563.747270662872,3099.443206342592,56567.9759466142,0.0
2,2025-06-20,45223.88734744029,23779.011724551303,45223.88734744029,0.0,0.0,0.0,23814.83400998881,19150.98323256389,0.0,0.0,3099.443206342592,4747.883936370244,23814.83400998881,0.0
2,2025-06-21,42982.90995662431,22635.73742460856,42982.90995662431,0.0,0.0,0.0,22501.668164004393,21369.322270657423,0.0,0.0,4747.883936370244,4905.946653000622,22501.668164004393,0.0
2,2025-06-22,76971.5866110137,53553.07011297485,76971.5866110137,0.0,0.0,0.0,53558.54449120401,8375.304332539603,0.0,0.0,4905.946653000622,2865.422069825384,53558.54449120401,0.0
2,2025-06-23,81006.9844437194,55528.99108140973,81006.9844437194,0.0,0.0,0.0,55549.08192538889,10829.881979578186,0.0,0.0,2865.422069825384,2494.4694983122736,55549.08192538889,0.0
2,2025-06-24,80814.80617777674,56714.473637958516,80814.80617777674,0.0,882.616619604165,4772.213123576481,61466.845877055835,957.8183787808541,0.0,0.0,2494.4694983122736,2624.7434682175926,56694.63275347935,0.0
2,2025-06-25,78172.50669772684,53284.93808955398,78172.50669772684,0.0,9.024010416666783,62.91540062500082,53365.02786961648,3642.4624675154346,0.0,0.0,2624.7434682175926,2644.902688310189,53302.11246899148,0.0
2,2025-06-26,77201.24824297903,51682.35702145379,77201.24824297903,0.0,21.24271041666657,148.84995840312433,51920.79307137775,6104.977957116769,0.0,0.0,2644.902688310189,2324.1018387935173,51771.94311297463,0.0
2,2025-06-27,40198.56694943724,20894.125928921076,40198.56694943724,0.0,0.0,0.0,20942.123199566908,16117.540323894033,0.0,0.0,2324.1018387935173,4342.515725879059,20942.123199566908,0.0
2,2025-06-28,34797.31156147545,18219.87545204284,34797.31156147545,0.0,0.0,0.0,18142.93250725117,11561.792638518084,0.0,0.0,4342.515725879059,3708.644666875003,18142.93250725117,0.0
2,2025-06-29,71573.59227342876,49036.97988277112,71573.59227342876,0.0,708.0671423958371,3813.182358678514,52808.662236574644,1079.1508119598816,0.0,0.0,3708.644666875003,1693.6671087439981,48995.47987789613,0.0
2,2025-06-30,74823.33164727961,49975.53142160439,74823.33164727961,0.0,229.29456679166253,1234.1626240274163,51153.33436288181,1004.4250611111122,0.0,0.0,1693.6671087439981,1826.4220961342535,49919.17173885439,0.0
2,2025-07-01,77163.81334038812,56498.97317806608,77163.81334038812,0.0,5672.1313692323965,32057.587681136312,88569.37362076489,716.0318845071932,0.0,0.0,1826.4220961342535,1200.0,56511.78593962858,0.0
2,2025-07-02,76448.79536889732,55162.32834431367,76448.79536889732,0.0,5541.519502094582,30656.94398002783,85798.71642586232,5649.354145880017,0.0,0.0,1200.0,1200.0,55141.7724458345,0.0
2,2025-07-03,76202.57951564505,56880.07757053538,76202.57951564505,0.0,7375.685822019489,47725.353883286494,104650.85627565521,0.0,0.0,0.0,1200.0,1286.4414412499998,56925.50239236872,0.0
2,2025-07-04,47223.170942304,28479.620290959927,47223.170942304,0.0,0.0,0.0,28491.09612220993,14024.114989274683,0.0,0.0,1286.4414412499998,3149.378004837961,28491.09612220993,0.0
2,2025-07-05,46169.66229807225,27711.921610372683,46169.66229807225,0.0,0.0,0.0,27646.75514758101,14704.334858463202,0.0,0.0,3149.378004837961,3594.603969791672,27646.75514758101,0.0
2,2025-07-06,77000.37574066356,58167.15850131391,77000.37574066356,0.0,4901.327705229169,40427.25929420498,98618.02874656055,726.531554166667,0.0,0.0,3594.603969791672,1462.5905031250002,58190.76945235557,0.0
2,2025-07-07,80402.04941107063,60269.86558629153,80402.04941107063,0.0,57.22836079166722,183.3304129962511,60368.46761362112,3043.0997464506117,0.0,0.0,1462.5905031250002,1871.811139027775,60185.13720062487,0.0
2,2025-07-08,88229.55779386063,66178.45947186119,88229.55779386063,0.0,0.0,0.0,66199.92549402786,8035.067484247962,0.0,0.0,1871.811139027775,2652.1281757921533,66199.92549402786,0.0
2,2025-07-09,85271.36156417332,63699.08447656529,85271.36156417332,0.0,15.206666666666706,132.41965333333368,63889.13902285696,7516.2580879637335,0.0,0.0,2652.1281757921533,2687.9444590409216,63756.71936952363,0.0
2,2025-07-10,85014.89077202501,63835.88882404406,85014.89077202501,0.0,0.0,0.0,63913.263276252386,8726.529954820278,0.0,0.0,2687.9444590409216,2454.5413878037825,63913.263276252386,0.0
2,2025-07-11,49163.41505268269,30096.188029270797,49163.41505268269,0.0,0.0,0.0,30048.727248437463,12581.059397236033,0.0,0.0,2454.5413878037825,4266.048553006703,30048.727248437463,0.0
2,2025-07-12,45577.80724277778,27739.902122068546,45577.80724277778,0.0,0.0,0.0,27606.85368034338,12694.048481700102,0.0,0.0,4266.048553006703,3763.2697337731497,27606.85368034338,0.0
2,2025-07-13,74865.30342836984,54956.70806562074,74865.30342836984,0.0,20.208333333333485,175.25677083333463,55185.9229865959,4037.1665655660963,0.0,0.0,3763.2697337731497,1682.3790161756976,55010.66621576256,0.0
2,2025-07-14,76029.83953218724,56253.66227056691,76029.83953218724,0.0,92.715464506171,728.8028050132964,56989.665781762604,699.2372077292669,0.0,0.0,1682.3790161756976,1508.583167824074,56260.862976749304,0.0
2,2025-07-15,85788.31135084295,63308.56024201904,85788.31135084295,0.0,0.0,0.0,63273.4998898783,7240.249521866264,0.0,0.0,1508.583167824074,3861.7066587887657,63273.4998898783,0.0
2,2025-07-16,79717.6587537069,60129.33633064048,79717.6587537069,0.0,0.0,0.0,60123.64881670584,4790.113629552471,0.0,0.0,3861.7066587887657,3139.4003300655086,60123.64881670584,0.0
2,2025-07-17,75868.25352299937,57831.847897053456,75868.25352299937,0.0,723.4962761699321,6182.99917614824,64171.56838051133,1246.2352242798331,0.0,0.0,3139.4003300655086,2104.2736477020835,57988.56920436309,0.0
2,2025-07-18,49360.7328233179,29364.147382714058,49360.7328233179,0.0,0.0,0.0,29362.524933755725,13045.33778984311,0.0,0.0,2104.2736477020835,4834.6000016511525,29362.524933755725,0.0
2,2025-07-19,46637.7693383502,28383.87672295728,46637.7693383502,0.0,0.0,0.0,28202.46166293645,17665.300977555726,0.0,0.0,4834.6000016511525,4522.3626656727265,28202.46166293645,0.0
2,2025-07-20,73604.09460163293,55496.688965448346,73604.09460163293,0.0,0.0,0.0,55547.64968484418,283.3082829218154,0.0,0.0,4522.3626656727265,2282.174940373156,55547.64968484418,0.0
2,2025-07-21,74721.75678456234,57042.04513576692,74721.75678456234,0.0,2572.7951236583167,21729.483767015034,78724.71753603195,109.69364791666669,0.0,0.0,2282.174940373156,2145.1188575501264,56995.233769016915,0.0
2,2025-07-22,80166.76063366473,60420.748571726355,80166.76063366473,0.0,0.0,0.0,60425.160085020165,1154.5308229917819,0.0,0.0,2145.1188575501264,3621.5685270951385,60425.160085020165,0.0
2,2025-07-23,74941.36108217681,56186.144056340985,74941.36108217681,0.0,1658.6508361091742,13761.680452731085,70010.79828127826,638.2909542181055,0.0,0.0,3621.5685270951385,1901.6535103487263,56249.117828547176,0.0
2,2025-07-24,78372.74396365437,59334.65027909642,78372.74396365437,0.0,322.9490366837391,2765.897024677884,62262.31311825579,579.7024871815169,0.0,0.0,1901.6535103487263,2604.5815678291665,59496.41609357791,0.0
2,2025-07-25,47982.18986418666,28261.781124782403,47982.18986418666,0.0,0.0,0.0,28243.302680800913,17500.936701689847,0.0,0.0,2604.5815678291665,4319.4856573433,28243.302680800913,0.0
2,2025-07-26,46387.67758169427,27932.414103882445,46387.67758169427,0.0,0.0,0.0,27725.80070894495,15983.212233207149,0.0,0.0,4319.4856573433,3979.594977592594,27725.80070894495,0.0
2,2025-07-27,76291.87081293004,56949.56952118761,76291.87081293004,0.0,856.9093767291653,4707.893099477065,61678.40706868552,1135.0624379115295,0.0,0.0,3979.594977592594,2375.6238342527727,56970.513969208456,0.0
2,2025-07-28,77221.21095367387,58518.319781817365,77221.21095367387,0.0,3685.928518614787,30030.63275051742,88555.40176595654,85.13175949073877,0.0,0.0,2375.6238342527727,2009.0839316203715,58524.76901543912,0.0
2,2025-07-29,80256.13058560158,59528.88215331678,80256.13058560158,0.0,125.81019962499329,992.9165411986928,60541.87347618538,606.1075216049285,0.0,0.0,2009.0839316203715,1881.8923082340275,59548.95693498669,0.0
2,2025-07-30,78517.44535562673,58914.4472956306,78517.44535562673,0.0,0.0,0.0,58922.04077728975,451.0219539370728,0.0,0.0,1881.8923082340275,1941.1416209506924,58922.04077728975,0.0
2,2025-07-31,79028.9890348167,58620.876099713445,79028.9890348167,0.0,21.67531666666673,178.50707040833387,58944.88786567151,513.3535648509047,0.0,0.0,1941.1416209506924,1805.6270037979193,58766.380795263176,0.0
2,2025-08-01,48790.32035015784,28734.456475065283,48790.32035015784,0.0,0.0,0.0,28754.856821856396,22390.79953222737,0.0,0.0,1805.6270037979193,4628.949590717593,28754.856821856396,0.0
2,2025-08-02,45541.37735495576,27093.102802386697,45541.37735495576,0.0,0.0,0.0,26873.593830699196,22673.263079365075,0.0,0.0,4628.949590717593,4499.800081822133,26873.593830699196,0.0
2,2025-08-03,75065.00917912446,54333.00260401804,75065.00917912446,0.0,257.7376382808631,1384.3387373468872,55798.756461677425,12539.594690285603,0.0,0.0,4499.800081822133,1431.2862420000001,54414.41772433054,0.0
2,2025-08-04,79941.5956903118,58451.69009178836,79941.5956903118,0.0,0.0,0.0,58379.758694455035,9725.864359156383,0.0,0.0,1431.2862420000001,2952.56391075648,58379.758694455035,0.0
2,2025-08-05,78301.88984127514,56856.849487912,78301.88984127514,0.0,0.0,0.0,56908.07044807662,10771.480597216052,0.0,0.0,2952.56391075648,2072.9574049436224,56908.07044807662,0.0
2,2025-08-06,77733.31004045918,57301.81674575686,77733.31004045918,0.0,0.0,0.0,57289.47473492557,6398.18419409182,0.0,0.0,2072.9574049436224,1981.4965851851816,57289.47473492557,0.0
2,2025-08-07,77693.37097406649,56453.495239838565,77693.37097406649,0.0,7.925141666666605,69.03590905833279,56703.297132396896,10916.11074081033,0.0,0.0,1981.4965851851816,1933.9768363042997,56634.261223338566,0.0
2,2025-08-08,39480.157571040916,21842.7435096257,39480.157571040916,0.0,0.0,0.0,21816.0153001257,21071.1136152971,0.0,0.0,1933.9768363042997,2044.3952075768523,21816.0153001257,0.0
2,2025-08-09,38409.00861294677,21798.158259007796,38409.00861294677,0.0,0.0,0.0,21657.02322317446,17420.676660596702,0.0,0.0,2044.3952075768523,1574.8416189472732,21657.02322317446,0.0
2,2025-08-10,66177.56459526296,49947.53263619695,66177.56459526296,0.0,2142.649164618621,17951.284317014928,67897.9724755452,57.63849166666671,0.0,0.0,1574.8416189472732,1398.1078260185175,49946.688158530276,0.0
2,2025-08-11,67600.25157475236,49514.15839249201,67600.25157475236,0.0,766.8842527177503,5775.831793037783,55325.74545469646,60.06745833333355,0.0,0.0,1398.1078260185175,1414.111345392815,49549.91366165868,0.0
2,2025-08-12,70227.38823374957,51931.55971281101,70227.38823374957,0.0,1149.379768072272,9420.945508659697,61310.94603497071,239.4333666666663,0.0,0.0,1414.111345392815,1300.0250496997496,51890.000526311014,0.0
2,2025-08-13,70086.05284712007,51782.437132651125,70086.05284712007,0.0,184.3394342977509,1130.2810397315563,52886.425538716016,366.27986269795986,0.0,0.0,1300.0250496997496,1523.3094736111111,51756.14449898446,0.0
2,2025-08-14,70450.32774307553,52381.921678331026,70450.32774307553,0.0,1183.7021846666644,6951.484399201028,59522.80008161538,2090.000949382714,0.0,0.0,1523.3094736111111,1429.8960879462954,52571.31568241435,0.0
2,2025-08-15,37960.90817569982,21186.85656550149,37960.90817569982,0.0,693.9790488554808,2364.8546872511597,23525.792163169317,19107.97229847814,0.0,0.0,1429.8960879462954,1343.3443963490745,21160.937475918156,0.0
2,2025-08-16,38492.98190388065,21807.863254742137,38492.98190388065,0.0,340.65739950000096,1079.1010630681697,22776.42463647697,19137.14643333333,0.0,0.0,1343.3443963490745,1501.7196040963634,21697.3235734088,0.0
2,2025-08-17,66002.24156939582,49102.59199172177,66002.24156939582,0.0,760.1580072532531,6512.162630395873,55556.28657120098,8.900125000000116,0.0,0.0,1501.7196040963634,1539.8966207814096,49044.123940805104,0.0
2,2025-08-18,67927.60234262544,50736.78764187753,67927.60234262544,0.0,313.4013944741469,2732.6332173991186,53508.500050026654,0.0,0.0,0.0,1539.8966207814096,1530.0434941712397,50775.86683262754,0.0
2,2025-08-19,68337.60905842893,50764.6329645696,68337.60905842893,0.0,37.07589421994281,185.49135324412458,50951.34542931373,592.1778326739218,0.0,0.0,1530.0434941712397,1375.1596499199948,50765.854076069605,0.0
2,2025-08-20,69160.46554705204,51847.122293553635,69160.46554705204,0.0,4682.505085899842,35193.68850307056,87018.39856329086,118.89235833333294,0.0,0.0,1375.1596499199948,1222.2538141563787,51824.710060220306,0.0
2,2025-08-21,67974.82311422075,50409.43466438043,67974.82311422075,0.0,1210.6974609653582,10063.636617607162,60616.46838607093,0.0,0.0,0.0,1222.2538141563787,1308.9778273416669,50552.831768463766,0.0
2,2025-08-22,38444.662509245565,21690.290928583137,38444.662509245565,0.0,1034.8800398112749,5746.657333690774,27465.92828069058,15811.607683333332,0.0,0.0,1308.9778273416669,1205.5182247222224,21719.270946999804,0.0
2,2025-08-23,38611.19343047314,21394.503207221474,38611.19343047314,0.0,307.19792402265693,1354.1301066595947,22597.74271334373,13852.736166666666,0.0,0.0,1205.5182247222224,1200.0,21243.612606684135,0.0
2,2025-08-24,66024.92484522561,49393.941372800175,66024.92484522561,0.0,1824.1508607366704,13929.34133525391,63320.812661758086,263.53933333333356,0.0,0.0,1200.0,1352.3142370296273,49391.47132650418,0.0
2,2025-08-25,71527.70867910927,52727.26552945441,71527.70867910927,0.0,2745.4212657939834,22955.75339519538,75707.4362791254,61.842475000000036,0.0,0.0,1352.3142370296273,1463.9516027333334,52751.68288393002,0.0
2,2025-08-26,71880.60325137859,52465.0360233368,71880.60325137859,0.0,0.0,0.0,52472.21681158849,2216.4901869341616,0.0,0.0,1463.9516027333334,1721.5124059611123,52472.21681158849,0.0
2,2025-08-27,75068.16544942785,54296.79097891936,75068.16544942785,0.0,0.0,0.0,54266.58374552538,3576.0701727140854,0.0,0.0,1721.5124059611123,1366.001432742592,54266.58374552538,0.0
2,2025-08-28,72439.65000240535,52897.10018994972,72439.65000240535,0.0,2050.7917525299945,16855.75093370981,69927.52307224287,122.29021666666642,0.0,0.0,1366.001432742592,1302.588861666666,53071.77213853306,0.0
2,2025-08-29,39300.43203352723,21872.16327413792,39300.43203352723,0.0,248.7386545209181,746.0312458823375,22647.916550436927,14485.596469958848,0.0,0.0,1302.588861666666,1200.0,21901.885304554587,0.0
2,2025-08-30,39267.500282921814,22110.671516882685,39267.500282921814,0.0,431.88111732407117,1297.5455978283633,23225.127106294385,18630.090507294328,0.0,0.0,1200.0,1200.0,21927.58150846602,0.0
2,2025-08-31,71737.59599704464,51750.77925316181,71737.59599704464,0.0,37.3166333333335,144.02030245416773,51963.79914869931,471.63194551926966,0.0,0.0,1200.0,1700.5536693109416,51819.77884624514,0.0
2,2025-09-01,73535.34538657154,47604.12605947008,73535.34538657154,0.0,0.0,0.0,47644.832441386745,12733.236811291157,0.0,0.0,1700.5536693109416,5433.9199002669975,47644.832441386745,0.0
2,2025-09-02,68981.24683251727,45602.83254011793,68981.24683251727,0.0,0.0,0.0,45583.603475087526,11497.704968698556,0.0,0.0,5433.9199002669975,5421.014473333334,45583.603475087526,0.0
2,2025-09-03,71337.75478400971,48181.91077227403,71337.75478400971,0.0,0.0,0.0,48165.17543905445,13099.477971910483,0.0,0.0,5421.014473333334,5131.6918157009295,48165.17543905445,0.0
2,2025-09-04,69778.46068245218,46476.89143195304,69778.46068245218,0.0,0.0,0.0,46565.891706953036,12409.089271213501,0.0,0.0,5131.6918157009295,5414.2269809083355,46565.891706953036,0.0
2,2025-09-05,35397.55776691632,17791.077444763043,35397.55776691632,0.0,0.0,0.0,17816.98709576304,25969.53920111179,0.0,0.0,5414.2269809083355,5667.979168902606,17816.98709576304,0.0
2,2025-09-06,34999.58787015741,17797.14356580008,34999.58787015741,0.0,0.0,0.0,17672.138472800085,24361.566680609885,0.0,0.0,5667.979168902606,6104.8362782906215,17672.138472800085,0.0
2,2025-09-07,62433.57425591165,42659.98643265213,62433.57425591165,0.0,0.0,0.0,42671.1646698188,4016.472915284977,0.0,0.0,6104.8362782906215,6174.377770569271,42671.1646698188,0.0
2,2025-09-08,55547.27072554546,37743.097610295896,55547.27072554546,0.0,2664.801019850821,17024.979145034667,54764.89087866389,0.0,0.0,0.0,6174.377770569271,2340.2596336111105,37739.911733629226,0.0
2,2025-09-09,57431.61079980568,37792.928526828946,57431.61079980568,0.0,624.7535441685851,4152.434696527631,41999.872589864084,2138.337880761319,0.0,0.0,2340.2596336111105,1328.641428055555,37847.43789333645,0.0
2,2025-09-10,60700.58594995605,40040.25937553741,60700.58594995605,0.0,3997.12256196062,26155.293418476307,66192.72209019621,114.89727499999958,0.0,0.0,1328.641428055555,1266.1090688600648,40037.4286717199,0.0
2,2025-09-11,60384.94446057891,39382.80320410257,60384.94446057891,0.0,0.0,0.0,39477.115883818406,3035.0207651050314,0.0,0.0,1266.1090688600648,1331.3922699074114,39477.115883818406,0.0
2,2025-09-12,31086.40136268978,13867.361898339323,31086.40136268978,0.0,548.1473330269157,1656.032213703855,15548.247178470674,17388.28872685185,0.0,0.0,1331.3922699074114,1250.79375,13892.21496476682,0.0
2,2025-09-13,31073.727511630113,13960.602972721488,31073.727511630113,0.0,289.6214203225015,1146.8570197788845,14974.605323167038,20554.8291,0.0,0.0,1250.79375,1296.7842974902508,13827.748303388153,0.0
2,2025-09-14,62395.661447287566,41012.88113880146,62395.661447287566,0.0,1236.306496896103,7771.0550072705355,48832.53865273866,32.29966666666678,0.0,0.0,1296.7842974902508,1200.0,41061.48364546812,0.0
2,2025-09-15,59913.63085406688,38311.5202545612,59913.63085406688,0.0,2510.0955058446475,13550.303014299607,51830.11446819413,3494.794509979425,0.0,0.0,1200.0,1208.873925,38279.81145389452,0.0
2,2025-09-16,57314.1379923251,37464.422560101724,57314.1379923251,0.0,5450.829964937799,31240.181331533764,68684.32666488548,0.0,0.0,0.0,1208.873925,1200.0,37444.14533335171,0.0
2,2025-09-17,63885.41364874234,41852.38438873242,63885.41364874234,0.0,424.96403395833136,1633.9826246366774,43519.679942869094,471.0409399748545,0.0,0.0,1200.0,1200.0,41885.697318232415,0.0
2,2025-09-18,60483.187453390296,39392.23138316445,60483.187453390296,0.0,2385.7801918076143,14719.2029001777,54176.99670592548,147.52615833333243,0.0,0.0,1200.0,1245.4325270370362,39457.79380574778,0.0
2,2025-09-19,32035.54540204115,14469.948118108856,32035.54540204115,0.0,285.6276161666667,1578.0934493170423,16039.368815092566,13086.290386934155,0.0,0.0,1245.4325270370362,1493.198829444444,14461.275365775524,0.0
2,2025-09-20,32016.13742289197,14193.215889301164,32016.13742289197,0.0,478.6306023333322,1807.6044779197014,15892.276037037065,13643.820858333334,0.0,0.0,1493.198829444444,1862.3227594444443,14084.671559117363,0.0
2,2025-09-21,65075.867964006706,42611.54128142,65075.867964006706,0.0,0.0,0.0,42650.64248238501,3416.68580339506,0.0,0.0,1862.3227594444443,1539.4302259532578,42650.64248238501,0.0
2,2025-09-22,62449.07074408852,40558.82351466189,62449.07074408852,0.0,2691.5023971656806,14965.130077802238,55523.9541302874,911.3033103715134,0.0,0.0,1539.4302259532578,1217.935305,40558.82405248516,0.0
2,2025-09-23,61128.52456064069,39910.10516016076,61128.52456064069,0.0,4599.219429400717,27953.44700304972,67851.07469902268,22.461233333333553,0.0,0.0,1217.935305,1217.693289375,39897.62769597295,0.0
2,2025-09-24,64996.22495532406,42223.55326753357,64996.22495532406,0.0,558.8231049807105,2920.4761478017726,45139.323246731175,465.8690340642912,0.0,0.0,1217.693289375,1354.0636883333334,42218.8470989294,0.0
2,2025-09-25,63866.509157631175,42112.28301339031,63866.509157631175,0.0,449.2792130516966,2588.6863819656555,44827.827590835135,69.02544166666644,0.0,0.0,1354.0636883333334,1200.0,42239.14120886948,0.0
2,2025-09-26,39917.02369485339,18778.212799214663,39917.02369485339,0.0,10.52812500000006,17.1924281250001,18797.91686438133,16675.060394084358,0.0,0.0,1200.0,3969.7323559004676,18780.72443625633,0.0
2,2025-09-27,36938.83185548867,18414.78577308441,36938.83185548867,0.0,0.0,0.0,18307.25240464691,17132.110436521092,0.0,0.0,3969.7323559004676,3463.773412091666,18307.25240464691,0.0
2,2025-09-28,62930.75382096158,41965.523763499674,62930.75382096158,0.0,2238.5210066540317,14225.70865129582,56170.480287233,186.1218937500006,0.0,0.0,3463.773412091666,1390.206444637394,41944.77163593718,0.0
2,2025-09-29,64869.850657602474,42403.78934768228,64869.850657602474,0.0,2174.397023486252,13368.229334667996,55780.7639476836,468.9913395833342,0.0,0.0,1390.206444637394,1397.6766251490749,42412.5346130156,0.0
2,2025-09-30,66524.85271360107,43528.522582353005,66524.85271360107,0.0,2917.9097534766056,18307.318291756994,61886.781345018,181.29267708333333,0.0,0.0,1397.6766251490749,1292.377181299439,43579.463053261,0.0
2,2025-10-01,68983.39446247632,43090.135741078164,68983.39446247632,0.0,0.0,0.0,43037.673950878496,13168.28743454122,0.0,0.0,1292.377181299439,3921.774165856488,43037.673950878496,0.0
2,2025-10-02,63092.73310647352,40231.70676754242,63092.73310647352,0.0,0.0,0.0,40330.37297322992,7878.634710736786,0.0,0.0,3921.774165856488,3905.9560192274166,40330.37297322992,0.0
2,2025-10-03,36076.29310735148,16421.728923118324,36076.29310735148,0.0,0.0,0.0,16468.120351389156,24224.86086981018,0.0,0.0,3905.9560192274166,5503.9142298719935,16468.120351389156,0.0
2,2025-10-04,34927.60035144522,16712.62441027767,34927.60035144522,0.0,0.0,0.0,16579.533637611003,19685.110765869336,0.0,0.0,5503.9142298719935,5310.339650038424,16579.533637611003,0.0
2,2025-10-05,62076.10040625288,39926.58346918867,62076.10040625288,0.0,0.0,0.0,39932.632306147,5989.335987033238,0.0,0.0,5310.339650038424,3345.648717916133,39932.632306147,0.0
2,2025-10-06,64723.61022951936,42158.47583797067,64723.61022951936,0.0,0.0,0.0,42143.103089179,3775.2244521731877,0.0,0.0,3345.648717916133,2944.633932925931,42143.103089179,0.0
2,2025-10-07,65464.41066464042,41981.00077285992,65464.41066464042,0.0,0.0,0.0,41976.30077365159,3287.417672196501,0.0,0.0,2944.633932925931,3610.7124312268556,41976.30077365159,0.0
2,2025-10-08,66088.44695398107,42832.450512123236,66088.44695398107,0.0,0.0,0.0,42822.809640498235,6400.034916358021,0.0,0.0,3610.7124312268556,3307.549344809544,42822.809640498235,0.0
2,2025-10-09,62840.99152901949,40963.947147014536,62840.99152901949,0.0,0.0,0.0,41090.501038347866,3370.0035128765985,0.0,0.0,3307.549344809544,3349.428016263144,41090.501038347866,0.0
2,2025-10-10,30330.409971036475,13118.378476257847,30330.409971036475,0.0,0.0,0.0,13130.423253257846,18707.83138639573,0.0,0.0,3349.428016263144,2929.586768425925,13130.423253257846,0.0
2,2025-10-11,29012.768196850782,12000.653073038531,29012.768196850782,0.0,316.5802573333338,1360.9400033113225,13265.899774016521,14023.231073559673,0.0,0.0,2929.586768425925,1200.0,11904.959770705198,0.0
2,2025-10-12,63286.67385265534,39148.55333418074,63286.67385265534,0.0,22.854166666666597,48.542249999999854,39166.86181518073,706.5809928453444,0.0,0.0,1200.0,1220.8985382716078,39118.31956518073,0.0
2,2025-10-13,63522.86441521769,40115.08335487677,63522.86441521769,0.0,0.0,0.0,40148.5807432101,2219.243657560629,0.0,0.0,1220.8985382716078,1384.7328224074072,40148.5807432101,0.0
2,2025-10-14,65305.146618090424,41600.10123292221,65305.146618090424,0.0,135.11052550000264,686.9682530690136,42301.227496657884,318.7632325794402,0.0,0.0,1384.7328224074072,1550.0919874989556,41614.25924358887,0.0
2,2025-10-15,61148.637235910865,38466.62269356643,61148.637235910865,0.0,4034.3208728738014,25280.832607421424,63734.44622607119,7.486666666666679,0.0,0.0,1550.0919874989556,1247.4818106043485,38453.61361864976,0.0
2,2025-10-16,59994.258365574016,38004.16464432422,59994.258365574016,0.0,6454.754615702005,39525.83980040611,77629.51643698034,5.226666666666574,0.0,0.0,1247.4818106043485,1329.2114707407404,38103.67663657422,0.0
2,2025-10-17,30418.8909592428,12323.210441944408,30418.8909592428,0.0,657.3158470877057,2585.565282389779,14907.29754000085,12080.339858641977,0.0,0.0,1329.2114707407404,1200.0,12321.732257611073,0.0
2,2025-10-18,31820.80434501852,13146.391579590243,31820.80434501852,0.0,69.70733971810324,123.8451234619016,13141.787634802145,12778.328816358031,0.0,0.0,1200.0,1200.0,13017.942511340243,0.0
2,2025-10-19,67421.24446124317,42741.50307581226,67421.24446124317,0.0,2032.1278517197647,12651.41773088915,55401.69250095141,1203.8560476337477,0.0,0.0,1200.0,1351.391349074075,42750.27477006226,0.0
2,2025-10-20,67973.77480837028,43043.31274037486,67973.77480837028,0.0,1210.6486691749924,6471.329447234861,49540.41591794306,624.1206727366235,0.0,0.0,1351.391349074075,1223.0399589814817,43069.08647070819,0.0
2,2025-10-21,71197.90426270425,46327.445053283285,71197.90426270425,0.0,46.02070358333309,98.04710898429114,46460.575921934236,333.53796666666636,0.0,0.0,1223.0399589814817,1275.1555755116192,46362.528812949946,0.0
2,2025-10-22,67353.28353179527,43348.827918307004,67353.28353179527,0.0,2274.723756165622,13051.126389156292,56354.02923179662,32.67146666666696,0.0,0.0,1275.1555755116192,1200.0,43302.90284264033,0.0
2,2025-10-23,66464.28207743782,42487.56136892366,66464.28207743782,0.0,1167.0625208977474,6712.829664307123,49288.87127673079,71.09162499999951,0.0,0.0,1200.0,1200.0,42576.041612423665,0.0
2,2025-10-24,31963.03438094874,13312.63332063672,31963.03438094874,0.0,709.0309112024905,2946.915031752187,16269.995676555574,10945.081633333333,0.0,0.0,1200.0,1293.8636287962968,13323.080644803387,0.0
2,2025-10-25,32985.829766480456,14163.833135319044,32985.829766480456,0.0,0.0,0.0,14058.929909735714,10237.59487327058,0.0,0.0,1293.8636287962968,1499.51896670786,14058.929909735714,0.0
2,2025-10-26,70201.74905587017,45590.30076068738,70201.74905587017,0.0,0.0,0.0,45579.21306227072,1281.437670781893,0.0,0.0,1499.51896670786,1792.7850633511955,45579.21306227072,0.0
2,2025-10-27,69834.74471986204,45276.52025335273,69834.74471986204,0.0,19.744933333333393,103.66090000000031,45390.74949285274,2753.2692964320813,0.0,0.0,1792.7850633511955,1264.4723771447116,45287.088592852735,0.0
2,2025-10-28,72932.75215517663,47467.44329021215,72932.75215517663,0.0,0.0,0.0,47462.27928021214,2460.500972466022,0.0,0.0,1264.4723771447116,1718.6743428166465,47462.27928021214,0.0
2,2025-10-29,69442.05274402676,45257.589678343786,69442.05274402676,0.0,3384.4395087695207,20897.61573998213,66130.10351615926,144.84652499999976,0.0,0.0,1718.6743428166465,1200.0,45232.48777617712,0.0
2,2025-10-30,69602.55521050823,46140.22900474114,69602.55521050823,0.0,65.39390351168763,189.7398339257947,46458.45199950026,644.3003175899073,0.0,0.0,1200.0,1200.0,46268.71216557447,0.0
2,2025-10-31,32919.7575869928,13787.932302118941,32919.7575869928,0.0,335.46329642189073,1475.5570913155113,15291.657508017786,5879.566800000002,0.0,0.0,1200.0,1401.2145526851855,13816.100416702275,0.0
2,2025-11-01,33296.07419757013,13857.059671202598,33296.07419757013,0.0,0.0,0.0,13733.397269119265,7183.0860622633745,0.0,0.0,1401.2145526851855,1689.5107217760876,13733.397269119265,0.0
2,2025-11-02,70785.89357513767,46853.355674235645,70785.89357513767,0.0,2001.5007709120835,12524.901730151847,59404.68492938749,5.083497916666602,0.0,0.0,1689.5107217760876,1635.0329990740734,46879.783199235644,0.0
2,2025-11-03,70343.14877967472,47001.17483364175,70343.14877967472,0.0,2388.99029672917,15121.514260103057,62156.68852074481,24.703116666666688,0.0,0.0,1635.0329990740734,1242.6759977513889,47035.174260641754,0.0
2,2025-11-04,73835.69597183561,48723.71003143323,73835.69597183561,0.0,226.1899354264046,1298.3183456608542,49954.53702571908,2268.9194362929475,0.0,0.0,1242.6759977513889,1297.352327685185,48656.21868005823,0.0
2,2025-11-05,75725.17255703395,50911.11768887691,75725.17255703395,0.0,0.0,0.0,50941.66292825191,1886.782344701922,0.0,0.0,1297.352327685185,1284.9551160330795,50941.66292825191,0.0
2,2025-11-06,75175.33400286378,50766.33148397469,75175.33400286378,0.0,547.8585604622965,2738.03233990999,53553.621353718016,114.27890416666662,0.0,0.0,1284.9551160330795,1200.0,50815.58901380803,0.0
2,2025-11-07,41823.571280154574,18643.778990696934,41823.571280154574,0.0,0.0,0.0,18645.6235983636,12609.614397789095,0.0,0.0,1200.0,3805.256289521605,18645.6235983636,0.0
2,2025-11-08,39379.72993301647,18111.818700103286,39379.72993301647,0.0,0.0,0.0,18040.948712811616,12580.508340509617,0.0,0.0,3805.256289521605,3916.7552241871335,18040.948712811616,0.0
2,2025-11-09,73985.81752543108,50650.092071284584,73985.81752543108,0.0,0.0,0.0,50652.9997784178,915.5162447483248,0.0,0.0,3916.7552241871335,1687.8052087542887,50652.9997784178,0.0
2,2025-11-10,76407.28107118048,52365.57866258422,76407.28107118048,0.0,1233.7244920539051,7595.712700494414,60009.20991545349,17.705125000000066,0.0,0.0,1687.8052087542887,1358.986959837963,52413.497214959076,0.0
2,2025-11-11,78270.57370769209,52948.11572359037,78270.57370769209,0.0,0.0,0.0,52895.09929039398,2416.1760513564377,0.0,0.0,1358.986959837963,1570.2407697916747,52895.09929039398,0.0
2,2025-11-12,79957.27493435582,54395.42333440142,79957.27493435582,0.0,0.0,0.0,54386.385433714735,4787.572447258422,0.0,0.0,1570.2407697916747,1661.3308468518503,54386.385433714735,0.0
2,2025-11-13,78133.4595624984,53895.63189687859,78133.4595624984,0.0,0.0,0.0,53981.97901292025,1792.769773780864,0.0,0.0,1661.3308468518503,1494.1456055852932,53981.97901292025,0.0
2,2025-11-14,44090.826322296605,19743.764234286813,44090.826322296605,0.0,0.0,0.0,19784.711583954122,10736.882719270756,0.0,0.0,1494.1456055852932,4043.622232155095,19784.711583954122,0.0
2,2025-11-15,41704.16125609312,19272.05043721619,41704.16125609312,0.0,0.0,0.0,19189.196372914714,10677.769379753352,0.0,0.0,4043.622232155095,3802.062057415693,19189.196372914714,0.0
2,2025-11-16,77009.32824612239,53692.89133587979,77009.32824612239,0.0,0.0,0.0,53684.56520263759,997.029707595939,0.0,0.0,3802.062057415693,1500.018643133107,53684.56520263759,0.0
2,2025-11-17,80425.51008614933,55283.103385783565,80425.51008614933,0.0,0.0,0.0,55293.4052192839,3137.9090340411444,0.0,0.0,1500.018643133107,1909.7108430555547,55293.4052192839,0.0
2,2025-11-18,79511.0297263758,55043.66385945924,79511.0297263758,0.0,17.579202534093724,82.44645988489955,55125.64368388685,1228.2058073695223,0.0,0.0,1909.7108430555547,1307.0706285416668,55043.197224001946,0.0
2,2025-11-19,80330.94383252252,56401.503322695826,80330.94383252252,0.0,0.0,0.0,56384.84764961249,552.5676915449922,0.0,0.0,1307.0706285416668,1589.9152339543987,56384.84764961249,0.0
2,2025-11-20,79234.5095170461,54622.7694402209,79234.5095170461,0.0,290.88994434770837,1754.5327930104422,56466.485345731344,796.0204723765469,0.0,0.0,1589.9152339543987,1334.1148564351845,54711.952552720904,0.0
2,2025-11-21,46091.48324548945,21014.30710285294,46091.48324548945,0.0,0.0,0.0,21029.53100116544,11368.72819471785,0.0,0.0,1334.1148564351845,3906.236920555556,21029.53100116544,0.0
2,2025-11-22,43094.507305872685,19854.243930212324,43094.507305872685,0.0,0.0,0.0,19726.397326441485,10119.714592247685,0.0,0.0,3906.236920555556,3621.065996372309,19726.397326441485,0.0
2,2025-11-23,78645.21075353758,55270.65466949533,78645.21075353758,0.0,179.13382533333618,938.0008501173899,56211.32378844604,1879.5887574400817,0.0,0.0,3621.065996372309,1428.594047553491,55273.32293832865,0.0
2,2025-11-24,81835.90290610131,56720.36571681006,81835.90290610131,0.0,33.8246909999981,131.2607480258292,56862.36051260672,3998.02741113683,0.0,0.0,1428.594047553491,1200.0,56731.09976458089,0.0
2,2025-11-25,81111.7142350169,55871.89261111062,81111.7142350169,0.0,32.178958333333405,68.33201802083349,55951.766011943946,564.3588389223282,0.0,0.0,1200.0,1399.294805486111,55883.433993923114,0.0
2,2025-11-26,81771.48266320783,57311.47515899471,81771.48266320783,0.0,12.942660416666854,69.72211166458433,57363.926353325965,531.5033630401341,0.0,0.0,1399.294805486111,1778.8321476917606,57294.204241661384,0.0
2,2025-11-27,81752.22952609298,57603.895794262084,81752.22952609298,0.0,0.0,0.0,57714.33028278292,2068.4238308426166,0.0,0.0,1778.8321476917606,1668.2120448793983,57714.33028278292,0.0
2,2025-11-28,48117.97529515037,21225.994947975683,48117.97529515037,0.0,0.0,0.0,21207.574115329848,11615.785130511815,0.0,0.0,1668.2120448793983,3917.636802285869,21207.574115329848,0.0
2,2025-11-29,45224.39409883153,20525.250461795204,45224.39409883153,0.0,0.0,0.0,20434.24187846187,7465.512656764393,0.0,0.0,3917.636802285869,3678.370964505328,20434.24187846187,0.0
2,2025-11-30,80293.5696607384,57388.93502846602,80293.5696607384,0.0,1365.0147948333454,8955.596729943569,66329.08385120126,35.43286666666654,0.0,0.0,3678.370964505328,1226.7406614120362,57373.48712125768,0.0
2,2025-12-01,83288.89731829819,62163.47673459539,83288.89731829819,0.0,6814.4201386041605,46664.6666542438,108828.35881969336,23.939947916666824,0.0,0.0,1226.7406614120362,1200.0,62163.69216544955,0.0
2,2025-12-02,83705.71359749537,62645.61000296792,83705.71359749537,0.0,8613.071925050406,59519.38162346364,122166.53122220241,0.0,0.0,0.0,1200.0,1200.0,62647.14959873876,0.0
2,2025-12-03,85043.81660677124,63718.20252254648,85043.81660677124,0.0,5932.449661255205,41179.474666924936,104905.64685609643,7.827499999999873,0.0,0.0,1200.0,1240.0128623134265,63726.172189171484,0.0
2,2025-12-04,87188.2692485018,64925.43743265769,87188.2692485018,0.0,4275.722276106215,27838.38696060705,92833.12503813974,317.6632166666672,0.0,0.0,1240.0128623134265,1316.63070412037,64994.73807753269,0.0
2,2025-12-05,59447.21389986754,29085.535286256294,59447.21389986754,0.0,0.0,0.0,29094.82584492296,12571.220566714255,0.0,0.0,1316.63070412037,3557.662252569449,29094.82584492296,0.0
2,2025-12-06,57329.87740339145,29328.14640934115,57329.87740339145,0.0,0.0,0.0,29234.417285695316,10576.858039630915,0.0,0.0,3557.662252569449,3702.1111555324005,29234.417285695316,0.0
2,2025-12-07,91145.91363844261,69876.0914883583,91145.91363844261,0.0,223.0368852684545,1765.6392432159919,71667.89181692846,2254.003843761107,0.0,0.0,3702.1111555324005,1256.0866668055544,69902.25257371247,0.0
2,2025-12-08,94053.60645970661,71135.20282753592,94053.60645970661,0.0,0.0,0.0,71100.2198219526,1512.3090815401697,0.0,0.0,1256.0866668055544,1669.8047022548583,71100.2198219526,0.0
2,2025-12-09,94980.4718100139,71301.76258821489,94980.4718100139,0.0,32.21956069457641,227.44316525965533,71573.44617930787,3414.79939370761,0.0,0.0,1669.8047022548583,1506.3224185185175,71346.00301404821,0.0
2,2025-12-10,95525.92471901518,72880.53030952689,95525.92471901518,0.0,0.0,0.0,72815.26530306856,2691.209305272626,0.0,0.0,1506.3224185185175,1787.0591375925953,72815.26530306856,0.0
2,2025-12-11,94622.28472853327,70379.47272165083,94622.28472853327,0.0,0.0,0.0,70516.13921052584,4418.384461250814,0.0,0.0,1787.0591375925953,1712.1460028151837,70516.13921052584,0.0
2,2025-12-12,60199.078544494965,30303.32596112436,60199.078544494965,0.0,0.0,0.0,30277.50798508269,11101.05005050361,0.0,0.0,1712.1460028151837,4011.7044172087935,30277.50798508269,0.0
2,2025-12-13,59537.325613536515,30903.77644682074,59537.325613536515,0.0,0.0,0.0,30836.824133279075,12904.968785770569,0.0,0.0,4011.7044172087935,4046.056006911133,30836.824133279075,0.0
2,2025-12-14,94011.22904279982,73053.8221820725,94011.22904279982,0.0,0.0,0.0,73029.09330353083,3652.2036057724235,0.0,0.0,4046.056006911133,1683.2034172453702,73029.09330353083,0.0
2,2025-12-15,95922.39341395168,73239.51830514515,95922.39341395168,0.0,0.0,0.0,73266.28943535348,1854.2767794645142,0.0,0.0,1683.2034172453702,1741.259871387743,73266.28943535348,0.0
2,2025-12-16,96471.17345827518,73460.3228387017,96471.17345827518,0.0,0.0,0.0,73432.46430297254,2895.3760589169224,0.0,0.0,1741.259871387743,1566.1561073128157,73432.46430297254,0.0
2,2025-12-17,98532.90075657783,75556.35056742172,98532.90075657783,0.0,0.0,0.0,75587.13512273421,5979.389333204732,0.0,0.0,1566.1561073128157,1811.972080324076,75587.13512273421,0.0
2,2025-12-18,96182.30994744768,72966.33518921965,96182.30994744768,0.0,0.0,0.0,73043.62423130298,4496.485198884517,0.0,0.0,1811.972080324076,1828.7390800000019,73043.62423130298,0.0
2,2025-12-19,61712.66871091537,31445.369622694394,61712.66871091537,0.0,0.0,0.0,31418.337819423563,13820.02680310559,0.0,0.0,1828.7390800000019,3813.0960077923596,31418.337819423563,0.0
2,2025-12-20,61609.81412459105,31662.10746338952,61609.81412459105,0.0,0.0,0.0,31603.43036947285,15297.677236620882,0.0,0.0,3813.0960077923596,4467.533536627279,31603.43036947285,0.0
2,2025-12-21,93611.43249135432,72095.71041575859,93611.43249135432,0.0,0.0,0.0,72108.72139494607,3076.792777987524,0.0,0.0,4467.533536627279,1902.730025532408,72108.72139494607,0.0
2,2025-12-22,98457.63583284721,76071.96013946066,98457.63583284721,0.0,0.0,0.0,76055.26583462732,5595.251800842586,0.0,0.0,1902.730025532408,1501.9589833101818,76055.26583462732,0.0
2,2025-12-23,97806.48039260904,74355.55084217063,97806.48039260904,0.0,0.0,0.0,74356.55505137898,6289.1042868822005,0.0,0.0,1501.9589833101818,1514.2677233221873,74356.55505137898,0.0
2,2025-12-24,96080.432082106,72313.0006683766,96080.432082106,0.0,0.0,0.0,72302.78018200159,3748.237015817902,0.0,0.0,1514.2677233221873,1491.4655161002495,72302.78018200159,0.0
2,2025-12-25,94743.29224586135,71980.7513220406,94743.29224586135,0.0,0.0,0.0,72134.65918366559,2597.675060493813,0.0,0.0,1491.4655161002495,1459.8239181713,72134.65918366559,0.0
2,2025-12-26,60650.88450366151,30611.38591892211,60650.88450366151,0.0,0.0,0.0,30586.076630151278,11737.455698389942,0.0,0.0,1459.8239181713,4182.353061920349,30586.076630151278,0.0
2,2025-12-27,56603.85876983712,28248.394007593204,56603.85876983712,0.0,0.0,0.0,28127.089780114038,10598.006133873634,0.0,0.0,4182.353061920349,3880.155062425458,28127.089780114038,0.0
2,2025-12-28,91204.68407176607,69001.89553606928,91204.68407176607,0.0,32.008995833333074,239.68733936666473,69266.87756818594,2476.651804405468,0.0,0.0,3880.155062425458,1708.4310242536988,69027.19022881928,0.0
2,2025-12-29,94305.89314782163,70763.88529196437,94305.89314782163,0.0,0.0,0.0,70743.00297771438,2809.640013944774,0.0,0.0,1708.4310242536988,1403.2491263400198,70743.00297771438,0.0
2,2025-12-30,94448.92188391849,70318.78065808202,94448.92188391849,0.0,0.0,0.0,70329.73691358673,3593.1710854681155,0.0,0.0,1403.2491263400198,1583.1033073379594,70329.73691358673,0.0
2,2025-12-31,92910.09112101774,69731.73307057853,92910.09112101774,0.0,537.5382050303501,3261.992486118357,72948.68330231716,551.4920272854904,0.0,0.0,1583.1033073379594,1296.5827944164375,69686.69081619881,0.0
3,2025-02-01,45082.70472271468,17933.216257671847,43339.46470452215,472.9899265931351,50.56507825834094,213.04198596237737,18197.86501584973,2531.446308337799,0.0,1723.45675907522,8053.978675420839,9824.002108238989,17515.827343310004,468.9956865773486
3,2025-02-02,86914.47530122117,57730.74397612145,83699.27657951142,1267.1561895298482,20.27087863331617,117.57109607323378,59069.157607278314,963.8133236072912,0.0,3214.4145140974438,9824.002108238989,9966.09335598888,57684.96709457998,1266.6194166250991
3,2025-02-03,86719.97173780308,59601.11806904466,85143.50697761176,1476.8481035754162,124.43493677789377,812.4189025823074,61940.80842594965,661.5393655543792,328.2044079412324,1925.2366348621774,9966.09335598888,9962.95629813803,59647.01040687139,1481.3791164959516
3,2025-02-04,87174.22050371162,60096.55848736869,86468.61649430415,3022.8309165135875,159.72466858151364,899.3893730366833,63959.78847944964,1029.4761447896935,1162.1697134757494,1867.7737228832257,9962.95629813803,9874.284671343712,60037.56818989937,3022.8309165135875
3,2025-02-05,84611.58808613429,59373.700295124705,85414.02099530952,1235.8316748813127,112.61296731840822,577.0197176890505,61140.77726447292,243.47911311399216,802.4329091752215,0.0,9874.284671343712,9897.092200238187,59327.92587190255,1235.8316748813127
3,2025-02-06,86576.56062876931,58530.549405241145,85060.80809399596,3190.3878085208166,50.0910586407914,355.75906330405127,62347.06936097466,462.5432143925641,1089.2840143450903,2605.0365491184084,9897.092200238187,9839.609376058397,58800.92248914979,3190.387808520817
3,2025-02-07,39573.895732647885,16135.401697050198,39058.779547040554,269.3281535385862,398.7353191179703,1883.4142635276742,18275.88850966307,3819.193081917986,55.0642613717103,570.1804469790299,9839.609376058397,9876.194035908242,16123.146092596811,269.3281535385862
3,2025-02-08,36806.719934266264,14941.486861515146,37337.325568803426,824.4212316211687,162.7650201776144,807.8027951415003,16487.602835020658,1706.6320342415208,530.6056345371614,0.0,9876.194035908242,10081.670832288908,14855.378808257989,824.4212316211687
3,2025-02-09,81581.98485938672,56035.98533319615,84143.92603190786,3468.6630571211613,87.3186560003441,423.6419718555639,59819.14018717456,205.7125961595691,2564.2921791959193,2.351006674782866,10081.670832288908,9937.110947784675,55926.835158197835,3468.6630571211613
3,2025-02-10,80298.6245354019,52455.4622329547,78401.20448945148,1468.0976659113403,135.9581526163744,634.2994495314125,54502.4083867794,382.1510147668696,387.9198783680648,2285.3399243184867,9937.110947784675,9730.117993401223,52400.01127133665,1468.0976659113403
3,2025-02-11,80198.17392517239,53272.32291704726,79572.09839568527,1601.5581371171327,332.6128018146097,1900.5024333139245,56946.30513642071,205.86956710938566,606.6622124411215,1232.7377419282393,9730.117993401223,9826.030111693848,53444.244565989655,1601.558137117133
3,2025-02-12,79809.39611606926,52872.83981223305,79613.78516987228,2407.5183781077303,200.10471028702193,1144.6261013531696,56326.10091794558,287.81153751870625,1053.9581523944582,1249.5690985914237,9826.030111693848,9797.888248856161,52773.95643848468,2407.5183781077303
3,2025-02-13,77783.2544591359,50891.65570399486,76706.69184139384,750.2357095751045,116.22040931705675,615.8228473288602,52475.426286578164,1460.0086116715163,212.9844863892614,1289.5471041313147,9797.888248856161,9832.126394542824,51109.367729674195,750.2357095751045
3,2025-02-14,36039.32593008406,14562.563095230955,36596.86902782101,696.1963339931235,105.27575565877405,516.5187135032606,15759.750018605588,2973.4895840172167,557.5430977369547,0.0,9832.126394542824,9841.957565836943,14547.034971109202,696.1963339931236
3,2025-02-15,35523.40069618363,14921.096481801891,36108.41217550104,819.003756929322,43.85282407591537,170.90972039178433,15685.683808918071,2860.8317233602775,585.0114793174187,0.0,9841.957565836943,9828.823675981856,14695.770331596965,819.003756929322
3,2025-02-16,78540.7239754844,52314.94125201386,79168.81207552785,2653.222066888173,497.55967487986015,2593.700742533317,57572.588812530244,8.321572103255903,1356.7912871042458,728.7031870607896,9828.823675981856,9881.989254124652,52325.66600310876,2653.222066888173
3,2025-02-17,78408.22307826074,49822.095818749185,74943.3345785196,2706.033020495022,90.18365509921284,522.7367376617003,52976.430553839455,204.6548642090346,729.9148036432227,4194.80330338437,9881.989254124652,9752.64309043033,49747.660795682736,2706.0330204950214
3,2025-02-18,74652.50044280462,48995.00248773598,76283.80063943035,2983.553025787248,0.0,0.0,52129.41849856422,79.73043439657933,1753.482094601387,122.1818979756639,9752.64309043033,9990.779805178154,49145.865472776975,2983.553025787248
3,2025-02-19,74214.79947223785,48881.17576472497,76712.21284751597,3466.710616492376,167.65440537705797,854.4354538790071,53132.85545396755,102.72696309664411,2497.413375278123,0.0,9990.779805178154,9615.637625574107,48811.70938359617,3466.710616492376
3,2025-02-20,76154.2511487853,50340.85373673008,76303.20169977112,404.91008808883885,10.364629264600126,58.15075248903901,51022.74680064709,855.459166450541,210.48367404420708,61.533123058404954,9615.637625574107,9887.74573557583,50559.68596006921,404.91008808883885
3,2025-02-21,34873.507333378526,14488.554716188388,35171.87735331034,422.2828194072598,0.0,0.0,14906.189361540366,5630.828195944514,298.3700199318117,0.0,9887.74573557583,9945.978159243521,14483.906542133107,422.2828194072598
3,2025-02-22,34333.91606960585,14415.20003111715,35488.42098249421,1367.1117353269342,0.0,0.0,15616.840609139022,3379.4131645084444,1154.504912888353,0.0,9945.978159243521,10205.38864654928,14249.728873812088,1367.1117353269342
3,2025-02-23,74320.32382474843,48581.49541105309,75548.89388249822,2320.761775359249,0.0,0.0,50881.75169386815,125.93872978796469,1483.5166922504613,254.94663450066741,10205.38864654928,9879.541912992503,48560.9899185089,2320.761775359249
3,2025-02-24,73177.81341242137,47973.45199212828,72919.20679320712,505.36251591863794,20.20749924594213,103.25021739714133,48497.132016484575,715.3675643585248,187.69026752650313,446.29688674073543,9879.541912992503,9881.201702911385,47888.51928316879,505.3625159186379
3,2025-02-25,73837.01424951237,46127.79284627523,71167.84975545225,959.6114965944138,8.649136743502595,45.02308131830276,47283.847245447076,1466.7076836152057,124.6585396454181,2793.8230337055456,9881.201702911385,9845.727900744641,46279.21266753436,959.6114965944138
3,2025-02-26,70854.15397274868,46218.42488216371,73351.99061099415,2882.5557997944584,0.0,0.0,49019.27184456493,52.320506377732954,2497.8366382454733,0.0,9845.727900744641,10179.803205345044,46136.716044770474,2882.555799794458
3,2025-02-27,70544.16849580564,44807.37928734651,71013.24716110705,990.1299305280198,721.7913391249675,3781.6353975634925,49768.18050849404,837.4687242947595,545.3608086037841,76.28214330237256,10179.803205345044,9952.605869336472,44996.41518040253,990.1299305280198
3,2025-02-28,34101.54395233262,13704.286433188523,34177.83401579323,77.0377060825316,0.0,0.0,13789.005090022178,6705.777101142954,76.29006346061755,0.0,9952.605869336472,10128.887703044184,13711.967383939646,77.0377060825316
3,2025-03-01,34466.4232224953,13575.35952350209,33626.66092026646,369.4561740370774,329.7825519999916,1528.6572089634967,15291.98575763948,6926.909893977521,62.33873480303134,875.3801106096798,10128.887703044184,9759.906686368962,13399.470408724355,363.8581399516286
3,2025-03-02,74256.22305394521,48167.80898125528,76712.9433936138,4297.4529404811765,442.35266636724793,2539.113391149661,54995.5519972366,692.4818233031871,2721.8093684969426,277.5488083232905,9759.906686368962,9736.370622667964,48156.39530740728,4300.043298679667
3,2025-03-03,74974.0790831375,48290.91288829858,76504.20529636572,3634.223690921496,515.5440703655775,2749.6512622200626,54721.48465289092,703.6012638600907,1975.952984755917,455.2659907838695,9736.370622667964,9752.821043308782,48335.529521649936,3636.3038690209246
3,2025-03-04,71913.93009372358,46100.209812979265,72921.89478052311,2797.95679853191,141.85481643993865,702.2266277294416,49543.70657672166,79.81443094474137,1585.7805235319345,576.1233243663385,9752.821043308782,9609.530127386328,46044.02166359691,2797.4582853953098
3,2025-03-05,73570.48008743819,44003.07692640899,70633.19046269587,3612.33583963401,116.94946889381515,766.4174586481569,48339.919305871845,575.0563474419953,1187.3913235375762,4129.267068335931,9609.530127386328,9797.37163998263,43960.18572782918,3613.3161193945084
3,2025-03-06,70625.87174929859,43780.96513555832,69838.1204672882,1805.0175369497442,103.58591261010895,608.1605953754561,46420.535836399016,191.42402224435486,702.4893913119091,1489.7311913374383,9797.37163998263,9625.733486663556,44007.31750126722,1805.0577397563377
3,2025-03-07,33289.522636998176,12903.897835119922,32862.49462204301,184.14812046601682,231.36297431275023,983.7775507217895,14049.389203933837,8341.468967075061,25.92881784588758,451.4266901237877,9625.733486663556,9711.827069127605,12881.74267323718,183.86897997486548
3,2025-03-08,32193.912023037192,12845.823735802973,32547.465408281165,439.29836900507576,0.0,0.0,13130.162630973848,9235.385749174808,403.7253200600537,45.81895842057588,9711.827069127605,10022.933294223234,12691.95777394656,438.20485702728814
3,2025-03-09,69579.36677473498,41686.8623938206,67807.23243204138,1905.5918960528466,34.620188180162174,137.12170042116327,43786.34571270448,564.5307210354146,854.0630657828502,2634.518329515191,10022.933294223234,9886.126983910504,41741.85393540449,1907.3700768788244
3,2025-03-10,67931.00706634705,43671.312469673336,71965.50183015573,5163.97736968583,3.7602010054102717,21.647477188146933,48697.00711239918,2.8481415890648805,4034.494763808671,0.0,9886.126983910504,9764.060968511241,43511.3822655252,5163.977369685829
3,2025-03-11,65229.24874980987,40794.67174156173,68666.10363236417,4304.06173589042,0.0,0.0,45259.386271803916,508.0231394425647,3446.658853053401,9.663667541165523,9764.060968511241,9900.132427739432,40955.35156527834,4304.034706525576
3,2025-03-12,68889.46186520637,41419.40556881817,66574.18317671865,1409.9305229216898,36.8108165460269,241.42374031711742,43036.99027816952,328.04274912975035,427.87090614412637,2743.2898975897688,9900.132427739432,9737.868774822788,41385.608985565865,1409.9575522865334
3,2025-03-13,68108.07523870055,43149.34445202391,71729.26096445454,4247.560751233894,108.20939159287616,672.4002686632816,48219.219928614,36.168191668677196,3621.185725753974,0.0,9737.868774822788,9740.816245978382,43299.25890871683,4247.560751233894
3,2025-03-14,31584.084737795776,12233.767268167008,31855.163689701512,421.2769212536325,0.0,0.0,12601.621973393207,11605.716687755788,271.0789519057342,0.0,9740.816245978382,10043.208821806738,12180.345052139573,421.2769212536325
3,2025-03-15,31036.04010310666,12621.614787135983,31343.329646793227,306.0569397639937,63.844324389089664,253.31729722815263,12978.842842644272,6681.893265078781,307.2895436865648,0.0,10043.208821806738,9855.069144762936,12419.468605652126,306.0569397639937
3,2025-03-16,67109.67474564942,41894.51235245652,68616.10713977543,1916.5981004846171,0.0,0.0,43899.18482589858,518.6489835685992,1531.5840491889937,25.151655062990812,9855.069144762936,10458.855272885101,41982.58672541396,1916.5981004846171
3,2025-03-17,65323.345673677024,38404.04243064145,63134.762663711634,1369.056220998794,0.0,0.0,39784.990996423374,1271.2692096632363,470.7502667509272,2659.3332767163165,10458.855272885101,10456.196646177365,38415.93477542458,1369.0562209987938
3,2025-03-18,67996.08483448588,41041.48703126698,66329.05295224147,729.2270667081373,0.0,0.0,41787.83067903518,1355.201117157747,137.26807678922012,1804.2999590336249,10456.196646177365,10220.861364972872,41058.60361232704,729.2270667081374
3,2025-03-19,62773.017323145155,38536.408267894876,64587.82248554718,1858.7645594742107,0.0,0.0,40315.373130582964,883.1757841962987,1843.1715794074385,28.366417005422136,10220.861364972872,10358.77490872475,38456.60857110875,1858.7645594742107
3,2025-03-20,65234.80843911602,40435.20286768685,66511.856829131,1979.6756258228997,5.390515779488943,27.30565768100124,42722.937831256786,396.18452972757876,1303.88910578144,26.840715766464882,10358.77490872475,10239.312557104337,40715.95654775289,1979.6756258228997
3,2025-03-21,30170.391065240303,11569.01018439536,30681.834195667536,554.1972783965514,0.0,0.0,12096.251766836274,14848.618046258009,538.5695192209187,27.126388793685713,10239.312557104337,10067.711164187784,11542.054488439722,554.1972783965515
3,2025-03-22,30662.051263934,12290.80416277521,30863.218801751944,232.34255734540284,0.0,0.0,12395.825877203724,10385.306540379555,201.16753781794665,0.0,10067.711164187784,10648.405652063413,12163.483319858322,232.34255734540284
3,2025-03-23,64813.81928086513,39371.35222906244,65268.0551026523,1424.4802071760437,0.0,0.0,40703.61948425689,2720.996293700625,918.0447085372562,454.80632071586007,10648.405652063413,10422.08438016199,39281.030266076334,1422.5892181805561
3,2025-03-24,62989.95716322143,38543.42524009435,63734.784655079085,1695.322010430277,37.530071123812675,188.64469127475894,40359.541363477096,1531.4889772614795,1208.535074047283,472.710148223842,10422.08438016199,10592.567204673034,38473.68367277658,1697.2129994257648
3,2025-03-25,65581.15689259299,39864.906344370655,65380.95452467415,837.690224573588,236.61614374713383,1198.4050058903601,41973.02798632263,865.050368120056,409.4968229533325,609.6991908721636,10592.567204673034,10273.156671568324,39936.93275585868,837.690224573588
3,2025-03-26,61705.96878312278,37073.28113369383,61249.007665636396,1509.429684593697,0.0,0.0,38612.81096520177,1545.0744370670918,871.4264576536896,1328.3875751400747,10273.156671568324,10430.681805378059,37103.38128060807,1509.429684593697
3,2025-03-27,62545.60011967478,38248.99026145076,63769.532841141365,1259.8858218481748,0.0,0.0,39677.07521535992,943.2274911751754,1227.0724582630237,3.1397367964475507,10430.681805378059,10533.386390638854,38417.18939351174,1259.8858218481748
3,2025-03-28,29862.343535080094,11651.930417029444,30109.94967555699,276.0374596330664,72.53780200858867,255.03192332953722,12187.192686200762,15518.73579244559,247.60614047689444,0.0,10533.386390638854,10450.299890056962,11656.123303238159,276.0374596330664
3,2025-03-29,29988.1558295671,11652.19222672267,30458.944405579725,593.880875348686,0.0,0.0,12027.798505209365,18637.35906195998,470.7885760126292,0.0,10450.299890056962,10569.917442687285,11433.917629860678,593.880875348686
3,2025-03-30,61384.50607425094,36157.758071332966,60605.0657749034,685.2720929329886,0.0,0.0,36857.965750154086,1156.9704499895392,275.11993529450297,1039.9539052049681,10569.917442687285,10675.013792076892,36175.73396469343,682.2317854606598
3,2025-03-31,56911.342446034774,34888.23045750604,61470.88756748747,4443.559540116742,0.0,0.0,39283.576819788614,727.8716131991047,4634.584279481028,73.05135926988328,10675.013792076892,10671.664742485947,34840.72973429096,4442.847085497652
3,2025-04-01,62037.026934642105,38184.94099797118,64862.61335405288,3202.9927204821533,0.0,0.0,41356.59543993576,1266.8301279326952,2925.3769414662356,104.79282420626487,10671.664742485947,10356.359217434587,38152.63837111724,3203.9570688185167
3,2025-04-02,61277.7070228011,36934.361435227205,65668.17804489788,4447.955832855927,0.0,0.0,41501.36096236,1117.1785545496246,4412.582006516201,33.7028104641272,10356.359217434587,10312.233692303165,37050.61671574901,4450.744246610983
3,2025-04-03,62436.9787946165,38070.2230448309,61491.55069179938,569.1997543023624,0.0,0.0,38813.4466078235,1674.6750538486672,224.05735959143556,1041.462279880145,10312.233692303165,10383.00429642157,38264.743365043934,548.703242779565
3,2025-04-04,29057.73370157641,11042.873076315509,29085.48000666695,34.23949855623777,0.0,0.0,11041.184003961833,18571.654088761214,29.141285661474797,129.4181630993403,10383.00429642157,10384.989197851706,10986.447993882797,54.73601007903511
3,2025-04-05,29168.149770682867,11548.298114581803,29635.4332296509,604.5527106008183,0.0,0.0,11967.021954781318,13517.57379920885,468.873129477059,1.5896705090283376,10384.989197851706,10463.11576980283,11362.4692441805,604.5527106008184
3,2025-04-06,59735.20216524049,35588.622401678425,59390.04891466723,723.686412535348,0.0,0.0,36362.198818648714,1508.7666817919862,480.3951396044518,806.382299198656,10463.11576980283,9961.054588920084,35642.207628454125,719.9911901945884
3,2025-04-07,55858.14932956899,33723.09020367038,57417.72687421736,1532.0197479019898,0.0,0.0,35217.37115399698,271.64600801266477,1746.700918646535,189.95996133224048,9961.054588920084,9997.492642632747,33685.108240824775,1532.2629131722063
3,2025-04-08,59430.306977848595,35339.2746333291,58910.21240003448,462.7883936681775,42.4250264304133,200.417801880842,35956.853096431856,677.5103571749491,143.9928963844377,669.2585141790335,9997.492642632747,9822.890223464852,35292.746784452356,463.6885100986536
3,2025-04-09,59029.86650598815,35565.70241925621,63578.30692019184,4186.576645136354,0.0,0.0,39824.29537725731,226.2966607871091,4619.388752636304,72.07409244137489,9822.890223464852,9926.311807763597,35637.19841518617,4187.096962071137
3,2025-04-10,58917.131525595265,35563.649972246014,59536.63426644799,718.2415246844636,0.0,0.0,36497.07788434092,811.3065103240103,926.4248030174822,311.84070692848496,9926.311807763597,10048.049019878754,35777.5278647269,719.5500196140188
3,2025-04-11,27836.27133526921,10529.69731761604,28135.175422132146,402.66793447141555,29.92077286927772,89.83712054000637,10999.590031274416,19002.685820639417,298.90408686293733,5.114064892005445,10048.049019878754,9901.089651896851,10506.361847487264,403.3910632471452
3,2025-04-12,28712.094245723223,11079.916544893778,28647.793418531415,42.16521119957258,0.0,0.0,10836.72604520842,15415.382848962476,16.43293609124123,80.73376328304859,9901.089651896851,10182.004694429508,10794.560834008847,42.165211199572575
3,2025-04-13,56515.5258263528,33970.9745012935,58522.41285954619,2441.188449564402,0.0,0.0,36462.73236836461,367.8920647044366,2081.1966488083167,74.30961561493154,10182.004694429508,10069.860065087276,34021.543918800206,2441.1884495644017
3,2025-04-14,56836.11675016225,33138.94175351163,56430.85344327371,1666.2735220495604,0.0,0.0,34797.726127729395,48.11291225168418,671.3652075692562,1076.6285144577957,10069.860065087276,10035.046879116171,33131.452605679835,1666.2735220495606
3,2025-04-15,54532.74961239957,32292.928607834037,54699.60766233496,1299.8801422042752,31.715390221921687,126.97256475346347,33776.08042778676,778.3657120803365,653.6047221804495,486.7466722450648,10035.046879116171,10033.014111082724,32349.227720829018,1299.8801422042752
3,2025-04-16,56285.17234493052,33720.29820569433,59675.59748207232,3465.3008437482104,0.0,0.0,37121.20340480006,0.510335817848727,3390.425137141802,0.0,10033.014111082724,10020.226425046209,33655.902561051844,3465.30084374821
3,2025-04-17,54078.90248532701,32516.155677257986,57018.31797289454,2292.674139033682,34.17996673347166,202.6330774198852,35258.78631162968,23.401842976964872,2939.415487567532,0.0,10020.226425046209,10140.530105619959,32763.47909517611,2292.674139033682
3,2025-04-18,27491.63066856565,10158.764456647521,27793.437031803696,284.8837953272091,0.0,0.0,10423.797846354397,17314.68867053255,304.9195127537634,3.1131495157178506,10140.530105619959,10266.979321067342,10138.914051027188,284.8837953272091
3,2025-04-19,27363.639419942272,10158.041539208607,27555.756042546178,167.9745895527712,0.0,0.0,10186.436200745431,16854.915687445486,192.11662260390452,0.0,10266.979321067342,10222.521925637768,10018.46161119266,167.97458955277116
3,2025-04-20,53980.21453729415,32421.105920606416,56325.69755112547,2101.262355939688,147.96467129594373,745.6295922949832,35165.229966357954,400.0836520545673,2368.6017131806925,22.394375814154273,10222.521925637768,10335.937715448028,32318.504250374615,2101.0961236883545
3,2025-04-21,54827.55495907109,31771.885761897174,53565.30335901602,606.281896466912,0.0,0.0,32472.478280013434,1640.495372479146,181.35332201962655,1444.329245609917,10335.937715448028,9859.958849513408,31866.03015129519,606.4481287182451
3,2025-04-22,52993.28619188196,31940.94285954835,56181.65889425488,3259.284289755229,0.0,0.0,35146.205117224,8.984053020580177,3188.372702372918,0.0,9859.958849513408,10056.91309575633,31886.92082746877,3259.284289755229
3,2025-04-23,52249.26026071154,31386.845452627935,55649.129399322555,2846.1813531533026,0.0,0.0,34238.650724116,65.73882860735101,3399.8691386110104,0.0,10056.91309575633,10290.470034558175,31392.469370962695,2846.1813531533026
3,2025-04-24,52427.40805945096,31343.676194236807,53003.74252395966,760.9741415486881,0.0,0.0,32322.862129055076,2356.73753996717,576.3344645086988,0.0,10290.470034558175,9995.373456597541,31561.887987506387,760.9741415486881
3,2025-04-25,26954.896503566786,9556.979720148081,26791.41969543472,48.48993523931787,0.0,0.0,9677.491768544003,20990.836304154924,0.0,163.47680813207086,9995.373456597541,9829.468096854971,9629.001833304685,48.48993523931787
3,2025-04-26,27041.551396736202,10360.86423753783,27231.63536695668,188.6910144085997,13.197538157062496,46.33812835319089,10299.971170517862,23157.66638275529,190.0839702204827,0.0,9829.468096854971,9902.477347517814,10064.942027756071,188.69101440859973
3,2025-04-27,51354.56181902377,30481.418003687122,52966.85791421127,2580.1924588738148,122.06244251057171,612.8729304159813,33648.5411101332,428.5053017811039,1686.4557573914847,69.40592946360084,9902.477347517814,9971.534542341886,30456.543409216898,2579.1247705003225
3,2025-04-28,55149.46120494633,32941.36829809571,60426.88317217048,5362.790102367482,353.91272146389235,1810.3420415948317,40121.69713244831,9.741322978957442,5277.421967224142,4.753732740391115,9971.534542341886,10075.834351813624,32947.4973001125,5363.8577907409735
3,2025-04-29,52063.735376080804,30719.090371808532,52447.60930421196,1324.5862642546779,0.0,0.0,32137.66627367522,947.6753990902936,924.1966301139757,540.3227019828146,10075.834351813624,10147.48411591563,30813.08000942054,1324.5862642546783
3,2025-04-30,51530.591814796906,30389.593268122244,52196.927091465,491.3727106550093,0.0,0.0,30776.52204676506,151.87038540315265,666.3352766680998,0.0,10147.48411591563,10041.796570233093,30285.14933611005,491.3727106550093
3,2025-05-01,52111.12408300515,32062.169829626033,53590.272406918775,2369.304474401624,1575.9617513393919,9841.416578588467,44536.80526125541,1095.7148685467646,1571.3647999752995,92.21647606166937,10041.796570233093,9138.306667158211,32326.084208265314,2369.3044744016242
3,2025-05-02,27938.855395969622,11092.843059929502,28906.691097821335,1379.5474818653893,1328.8248072507038,6959.907743280476,19384.729355960775,11855.249349999998,967.835701851713,0.0,9138.306667158211,9355.858729170484,11045.274130814909,1379.5474818653895
3,2025-05-03,27706.079833065727,10831.569579973013,28178.032291319523,652.3249453837959,1556.7251320982555,7742.413119443434,19053.053785324206,16667.545853806445,471.95245825379243,0.0,9355.858729170484,9633.509654076213,10658.315720496974,652.3249453837959
3,2025-05-04,56470.927024546036,32960.150760728735,54279.64156368764,1621.8198379709254,1480.6901085679763,8892.609157853083,43424.852521501496,469.19634387245856,449.7897555973169,2641.075216455708,9633.509654076213,9473.344753381592,32910.423525677485,1621.8198379709252
3,2025-05-05,57614.22408124549,35121.95718796127,58003.1037843519,864.847212341567,1171.4517045185237,7374.148016955083,43402.35308670045,213.0149843065035,435.7576343329939,46.8779312265782,9473.344753381592,9437.64181153212,35163.3578574038,864.847212341567
3,2025-05-06,53580.568459548194,33416.78505730584,55454.72691192633,2007.0029628040159,1127.453501907431,7000.250644598409,42340.7153887359,637.0131081468749,1874.1584523781382,0.0,9437.64181153212,8598.157034971046,33333.46178133348,2007.0029628040159
3,2025-05-07,56705.93989611619,34887.979591821975,58261.85946084414,1239.3225470035534,1325.7719912422406,8565.454865151867,44751.8195341996,414.60990013639054,1555.9195647279432,0.0,8598.157034971046,8822.210068860551,34947.04212204418,1239.3225470035532
3,2025-05-08,60676.56675879803,36454.54630244456,59344.140791774546,600.6522482861571,637.9566086157818,3965.3156622920565,41232.138683754885,305.07935544026384,111.18226162570397,1443.6082286491765,8822.210068860551,8980.770981825066,36666.17077317667,600.6522482861571
3,2025-05-09,28587.757329292177,11272.247131194537,29417.589425149607,1226.82504131966,174.29097550882614,761.8114970667821,13293.945165715122,17059.567822520425,829.8320958574263,0.0,8980.770981825066,9207.171577447556,11305.308627328679,1226.82504131966
3,2025-05-10,29124.320666655338,11546.011796304156,29036.656179915895,1494.6784211498511,202.874213811765,902.210452186493,13699.101685883317,13777.694292306956,849.5545767175894,915.4420872165465,9207.171577447556,8869.317672872548,11306.918817112542,1489.9724165842822
3,2025-05-11,60521.17955173904,35414.76182562909,58779.74828077284,2054.433999621489,330.01624268850395,2266.2904721530385,39693.27925006599,20.029441324796267,787.6370732824404,2526.0545885576953,8869.317672872548,8838.60331840482,35373.51965365522,2053.4691242577414
3,2025-05-12,57352.36965088799,34137.58445035467,56371.956617314645,2927.4123459444477,0.0,0.0,37121.945656906755,894.7849899150366,1256.1657327970383,2252.4005044934984,8838.60331840482,9065.648369448129,34190.78134725828,2931.1643096484745
3,2025-05-13,58459.756625280774,34321.45255712954,57188.66477712879,2325.705752997843,0.0,0.0,36612.73207482499,1460.6183319392294,923.373062035299,2203.4339039956035,9065.648369448129,8261.901944659268,34285.107405601855,2327.6246692231334
3,2025-05-14,56122.17384682325,32876.85265816443,54049.45808330196,2389.0263661241365,0.0,0.0,35269.73002815725,15.74367379990133,878.491115728601,2951.206879249893,8261.901944659268,6019.135780736611,32880.70366203311,2389.026366124137
3,2025-05-15,59863.364103344225,37265.2257205839,60006.10160737776,772.004788491027,0.0,0.0,38188.14616718611,505.3975228070428,372.7699013884252,230.03239735489237,6019.135780736611,8981.230932104858,37416.14137869509,772.0047884910269
3,2025-05-16,24943.264591870866,10434.800696634356,28235.848320541132,2450.0368259615275,0.0,0.0,12944.261756445187,21943.654022860697,3288.3405475540685,0.0,8981.230932104858,8872.7337864432,10496.385133989916,2447.876622455271
3,2025-05-17,29618.12728794249,12390.924005225968,30563.827501455286,1483.886389019389,0.0,0.0,13655.346307241434,14623.22647010879,955.6076240445906,5.6642294155954005,8872.7337864432,10342.68340365851,12169.299714715788,1486.0465925256458
3,2025-05-18,58888.75886199433,36047.71183651454,59053.00632203008,1050.2174963645125,0.0,0.0,37093.657655201496,1274.4545169936482,566.1669758786593,395.81745219445156,10342.68340365851,10657.951689437496,36044.81068233243,1048.846972869068
3,2025-05-19,52108.6418989566,32252.003418126762,51412.81959261885,991.0866686163807,44.220256328787514,308.59105879044364,33559.41868789584,4210.746078186711,435.6359620205246,1137.560332006739,10657.951689437496,7169.141704132043,32258.370436993573,992.4571921118254
3,2025-05-20,53898.76032895486,33406.628740525404,57554.81750460644,4349.23233985926,0.0,0.0,37824.23725214442,0.0,3656.0571756515747,0.0,7169.141704132043,6894.556261566939,33475.00491228516,4349.23233985926
3,2025-05-21,49359.1872007162,31889.71798702347,51254.07718467961,2409.275102382817,0.0,0.0,34563.994703627366,216.34844486963038,1894.8899839634116,0.0,6894.556261566939,4290.463680878032,32154.71960124455,2409.2751023828173
3,2025-05-22,55621.22465288389,34975.29640123907,57143.97991292696,1602.8641459133983,0.0,0.0,36705.22689887661,126.36622622205647,1522.7552600430768,0.0,4290.463680878032,6940.542073943725,35102.36275296321,1602.864145913398
3,2025-05-23,25270.506500521406,10679.43258349871,26659.62275024057,1710.189717599189,0.0,0.0,12386.202349920773,17938.853834786776,1389.1162497191629,0.0,6940.542073943725,6174.970142509174,10676.012632321585,1710.189717599189
3,2025-05-24,33077.174003318534,13772.430258121974,33752.94720502484,890.8715731252905,0.0,0.0,14235.141064956164,21054.5388344015,675.773201706299,0.0,6174.970142509174,10800.0,13344.269491830873,890.8715731252905
3,2025-05-25,55308.93613519299,34103.769982725695,54597.538566623996,1247.6595994214424,0.0,0.0,35351.68014348219,2309.660727395443,571.2636417780449,1264.8292597776062,10800.0,10800.0,34107.7955679963,1243.8845754858928
3,2025-05-26,49909.31635447859,31828.203672692365,56122.193990092695,5695.892391062756,87.26166887899937,447.15125204144306,37904.71484261494,1004.3908042658207,6212.877635614103,17.831950569436685,10800.0,7778.228216002373,31757.896175575195,5699.667414998306
3,2025-05-27,48274.24633834597,31364.62241279323,51333.402130111775,2629.1837063254407,0.0,0.0,34398.52919312588,1423.7072614573542,3059.1557917657997,0.0,7778.228216002373,5738.921005030166,31769.345486800445,2629.183706325441
3,2025-05-28,55403.90496830793,34584.28106502774,57845.89219967614,2783.6869714821382,0.0,0.0,36964.44868121554,449.19887818334564,2441.9872313682126,0.0,5738.921005030166,6656.282360328601,34180.7617097334,2783.6869714821382
3,2025-05-29,51745.298945918265,32784.74038704649,56573.10467738308,5773.66012285114,0.0,0.0,39060.07846361361,0.0,4827.805731464815,0.0,6656.282360328601,6531.0249854388685,33286.418340762466,5773.66012285114
3,2025-05-30,24226.93065242573,10442.17838012959,25746.190139165148,2052.56197267329,117.92190977360644,351.38264639524425,12848.110051019445,17365.810433333332,1519.2594867394175,0.0,6531.0249854388685,5502.830077105755,10444.16543195091,2052.56197267329
3,2025-05-31,33847.78775862169,13563.232448889463,34841.470962709136,1361.0205577443794,22.38267697417721,63.874652133428505,14407.010184169103,17031.98252261621,1017.8095877474974,24.126383660056717,5502.830077105755,10800.0,12982.114974291295,1361.0205577443796
3,2025-06-01,61689.75185737657,41316.177123548085,73336.0802285369,16338.803248814918,441.77456319993485,2597.6306724870856,60305.08495289998,1009.8853787932475,12118.200006862378,471.8716357020527,10800.0,8516.24830644373,41368.651031597976,16338.803248814917
3,2025-06-02,56792.77605120941,38934.89794727464,63972.45223946971,11072.313980316136,382.9403739622512,1757.01769999731,52201.44321802006,491.7574102295208,7226.225045608964,46.54885734866775,8516.24830644373,1200.0,39372.11153770661,11072.313980316136
3,2025-06-03,65798.72056908652,42160.39965233275,71716.56107490513,12243.319656608872,394.32814851259764,1924.871995991069,56293.78960496902,119.35596913580927,8205.537863576557,2287.6973577579383,1200.0,1541.3592750448997,42125.59795236908,12243.319656608874
3,2025-06-04,71657.00378384418,46628.2874175409,73806.23927979008,6092.046039988943,121.40348305875978,679.1617602182569,53339.622561264645,550.146369915225,3950.0743458383645,1800.8388498924753,1541.3592750448997,1514.4746350891976,46568.414761057444,6092.0460399889425
3,2025-06-05,69144.97075601597,45220.507609260676,74407.60339357781,10725.331774113307,400.69994524897106,2567.3412835474714,58659.621394074275,252.36473544091905,7021.35508447563,1758.72244691379,1514.4746350891976,1353.8495670184352,45366.948336413494,10725.331774113307
3,2025-06-06,31783.599249259692,15255.035012522578,35899.61491139355,6101.994160853399,373.7322071131508,2200.4177317223507,23578.208293786003,2724.1812468419776,4116.015662133864,0.0,1353.8495670184352,1564.458473551662,15275.796401210253,6101.994160853399
3,2025-06-07,40565.384436600856,18996.878510670336,42962.23613025225,3612.523874213959,119.66704750481642,741.9290236043113,22804.471951125877,1066.9516089176068,2396.8516936513934,1.1019785084442901e-12,1564.458473551662,8497.66086113038,18450.019053307606,3612.523874213959
3,2025-06-08,79589.99360148306,47927.755060878895,70606.19524321616,2915.0351930269926,0.0,0.0,50816.163794177344,1304.2537915402957,0.0,8954.208733003688,8497.66086113038,9034.497442360363,47908.83669853142,2907.3270956459264
3,2025-06-09,73124.00947940128,49314.67921088847,68458.8750840715,1482.6185406961522,0.0,0.0,51232.46920446914,1444.1832454560401,6.184563972055912e-11,4694.724020593067,9034.497442360363,2663.998064227349,49742.14256639192,1490.3266380772188
3,2025-06-10,78424.7559375904,52764.39721336328,76815.78619729853,491.9767651897826,0.0,0.0,53250.51354846545,1281.4994916623232,0.0,1608.9697402918523,2663.998064227349,2681.90703771928,52758.53678327567,491.97676518978267
3,2025-06-11,80422.55283311909,55270.368744156476,80788.47612002396,830.433416877107,0.0,0.0,56032.24278779503,461.0356675282758,411.87257385102174,45.94928694612645,2681.90703771928,2297.63736220266,55201.80937091792,830.433416877107
3,2025-06-12,80144.5264782626,52829.165603302456,77326.70406573048,1553.4639507714737,0.0,0.0,54598.36066786315,786.8187674477363,257.87477915893083,3075.697191691068,2297.63736220266,2318.5019098096136,53044.89671709167,1553.4639507714737
3,2025-06-13,33480.07093007721,16241.682301463696,34667.20831154766,2042.6907966041601,0.0,0.0,18264.672069154596,3970.525472475694,1187.1373814704516,0.0,2318.5019098096136,2208.716868145162,16221.981272550436,2042.6907966041604
3,2025-06-14,39417.68562833968,19312.86238115858,40573.36847534614,2064.129981435175,0.0,0.0,20822.723733949242,5866.096179934115,1200.8855259187376,45.20267891227422,2208.716868145162,6922.1303249799175,18758.593752514065,2064.129981435175
3,2025-06-15,80370.46723826061,54057.22083043252,79482.9905809433,363.0954141141512,0.0,0.0,54430.525680198196,2235.4363921853555,0.0,887.4766573173199,6922.1303249799175,9304.457526774795,54067.43026608405,363.09541411415125
3,2025-06-16,70827.86362937829,50323.807752586945,70610.7645077657,499.68469517349314,0.0,0.0,51184.20219950203,1217.4283278606083,166.90897988621865,384.00810149881147,9304.457526774795,3217.3976351194747,50684.51750432854,499.6846951734931
3,2025-06-17,78241.27281215979,53709.12235937613,78609.84097011105,733.3499714246369,0.0,0.0,54450.68145970667,444.9775746569601,373.9490259723284,5.380868021062042,3217.3976351194747,2463.2919798651205,53717.331488282034,733.3499714246368
3,2025-06-18,79378.30994052891,52473.889033551146,76925.59649223613,1250.1322331209767,0.0,0.0,53724.956776252235,1946.7266476296365,140.05611753752754,2592.769565830325,2463.2919798651205,2698.522297921226,52474.82454313126,1250.1322331209765
3,2025-06-19,76844.24791057527,50167.78385360724,74568.13889770191,1672.6309049236493,0.0,0.0,51968.939115150504,2213.980775419655,403.231865281351,2679.3408781547064,2698.522297921226,2936.2348580665057,50296.30821022685,1672.6309049236497
3,2025-06-20,32792.504975041455,16366.360694899598,33327.288554475286,879.7425277069442,0.0,0.0,17281.087783617968,8711.558477528166,534.7835794338293,0.0,2936.2348580665057,2799.6237022889936,16401.345255911023,879.7425277069442
3,2025-06-21,36362.369296409306,17583.97621880944,37170.53139675007,1356.2166643608066,0.0,0.0,18448.81279412182,11209.999925055276,808.1621003407666,0.0,2799.6237022889936,5867.316114597529,17092.596129761012,1356.2166643608066
3,2025-06-22,76958.87314837534,50583.85381710742,75557.32413876406,1471.8992730462016,0.0,0.0,51998.86193420143,615.729571296291,496.0717098386605,1897.6207194499443,5867.316114597529,9185.316635530102,50526.96266115522,1471.8992730462014
3,2025-06-23,66445.1216275286,45453.49966797765,65099.17542810118,1168.596640307264,0.0,0.0,47025.152640042026,1223.8352025095182,324.4804896642231,1670.4266890916451,9185.316635530102,3349.007505033605,45856.55599973476,1168.596640307264
3,2025-06-24,76637.65240132582,53405.909425540885,79278.44339465132,3811.1055384467013,1656.6096744394704,8989.008049483455,66187.75781497319,72.28308653348631,2653.613366849289,12.822373523779333,3349.007505033605,3707.3575175614433,53387.644227043034,3811.1055384467018
3,2025-06-25,73245.6222440745,49258.095571106176,74524.03352743833,1863.2562259087754,0.0,0.0,51156.35078230148,633.7237348413024,1328.703346104165,50.292062740349365,3707.3575175614433,3234.765532813255,49293.09455639271,1863.2562259087751
3,2025-06-26,72479.80486663479,48279.00544338512,73034.26432759475,1105.704288305744,0.0,0.0,49481.41580025983,1723.6704676767736,556.2383432997851,1.7788823398245768,3234.765532813255,3177.3711986365797,48375.71151195408,1105.704288305744
3,2025-06-27,32719.89723044917,15847.94062893906,32795.96824164153,904.1975528764768,0.0,0.0,16801.782855715046,10381.456511622682,455.18687627377324,379.11586508141414,3177.3711986365797,3412.0258444995247,15897.585302838568,904.197552876477
3,2025-06-28,39540.23096903129,19013.871185865155,40387.83093569534,1279.3047746702102,0.0,0.0,19872.305385877058,8476.805876041337,847.5999666640537,0.0,3412.0258444995247,9778.269228333895,18593.000611206848,1279.30477467021
3,2025-06-29,67104.10754279654,45464.90227434091,73564.63660892006,8387.484192672344,0.0,0.0,53751.06459369005,1075.0317393314174,6460.5290661235185,0.0,9778.269228333895,9011.265618847594,45363.5804010177,8387.484192672344
3,2025-06-30,63322.97899757127,43767.53281635466,66328.91215728661,4204.200161234531,420.57328949111985,2128.7169611589875,50398.93868242148,96.72839576228196,3005.933159715354,0.0,9011.265618847594,3294.8265920882423,44066.02156002796,4204.20016123453
3,2025-07-01,67070.27299380276,47774.98937955851,81811.31266450872,24541.339409257424,0.0,0.0,72311.34211634804,105.2383177513906,16641.096882846745,1936.0469153200152,3294.8265920882423,2752.3841860522252,47798.814263970744,24512.5278523773
3,2025-07-02,67463.4610184542,48125.61699870702,77388.02159786911,18058.58960519106,5.769866062833216,49.822793452564824,66213.83398595307,2102.251629292653,12622.274686697172,2685.715472396062,2752.3841860522252,2193.4644088213954,48097.24474826816,18066.766444232344
3,2025-07-03,72355.57725627854,52048.91558503194,83929.8514365088,21311.42152506602,15.556137098514682,139.50743749947966,73654.39666782756,1275.1525731103688,14599.73322206405,3008.4026776888477,2193.4644088213954,1718.7542747788066,52187.77812495123,21327.111105376847
3,2025-07-04,33539.55805384883,18869.45593642901,40243.7474428442,8958.006601161633,1461.2399195529897,3141.937402326089,30922.56704203599,10039.581549573313,6647.19409804578,0.0,1718.7542747788066,2242.1483807553677,18864.407530936915,8916.222108772985
3,2025-07-05,36067.28285181847,19890.58942902078,41852.17652734778,8003.648675358715,314.6709470401165,633.975019679622,28456.661263875372,10904.31369159583,5847.320096517273,0.0,2242.1483807553677,2428.463107136693,19773.503505873727,8049.182738322021
3,2025-07-06,77474.73915831072,56828.74790914133,84670.19970698231,13441.722841741634,11.16797896303467,96.88221750432578,70374.55984123208,1461.099631200812,9513.627127030339,2316.663004249014,2428.463107136693,2244.0153308449885,56834.75921503276,13442.91840869499
3,2025-07-07,79311.38158973835,57215.71078306626,79673.59258110671,5770.5232287354465,4.585476691479357,38.64181207909654,62951.03639050669,3651.980478751073,3659.045299808139,3296.834308439773,2244.0153308449885,1747.1928614200233,57141.87134969215,5770.523228735446
3,2025-07-08,89269.41688115743,62927.99522369706,82386.98934587826,2084.6557999143774,0.0,0.0,65005.358083916595,1864.7545724615948,0.0,6882.4275352791665,1747.1928614200233,2898.6882715492893,62920.70228400222,2084.655799914377
3,2025-07-09,85833.99987899793,59609.468257483895,78900.5499581265,2357.5910734333847,0.0,0.0,62045.63910879423,1515.7424802154494,0.0,6933.449920871434,2898.6882715492893,2669.4958510214715,59688.048035360844,2357.591073433385
3,2025-07-10,82563.45679345274,58591.33847135381,76868.78242903098,1965.8734223211982,0.0,0.0,60654.97858688892,478.2586986500746,0.0,5694.674364421765,2669.4958510214715,2502.2043644463984,58689.10516456772,1965.8734223211984
3,2025-07-11,40942.77423127965,23730.720816253925,41109.11648233162,947.633379473704,0.0,0.0,24629.49931653876,6526.19406347414,473.69762959342376,307.3553785414516,2502.2043644463984,2145.1522359585265,23681.865937065057,947.6333794737039
3,2025-07-12,40918.18840038681,23188.054909593433,42429.32155129692,1980.691268756149,0.0,0.0,25037.370559720555,8673.291344256268,1511.1331509101096,0.0,2145.1522359585265,2166.3174243668304,23056.679290964406,1980.691268756149
3,2025-07-13,81759.46985644406,54648.83725960007,74058.5357263689,2563.214433364894,288.01473386568716,2460.696085165908,59703.1851340929,1220.224784051653,40.11880607085101,7741.052936146021,2166.3174243668304,2383.891238525347,54679.27461556209,2563.2144333648944
3,2025-07-14,77678.72620078715,55855.37027830274,75732.86016583239,847.382895318283,232.7667998492998,2018.6700716930523,58752.93595507313,1288.8134719454265,218.18451601521522,2164.050550969976,2383.891238525347,1801.571803909616,55886.8829880618,847.3828953182831
3,2025-07-15,83867.81062195849,57152.603020682654,77680.72930432644,3440.596541976728,22.464849964471455,192.54622904548484,60751.42670463573,674.1486585457628,431.41776755013416,6618.499085182172,1801.571803909616,2438.8687770490446,57118.283933613515,3440.596541976728
3,2025-07-16,80118.12395571901,57773.84649679501,76366.31411181421,1308.850549484248,0.0,0.0,59087.34464253499,467.5360014812357,0.0,3751.809843904799,2438.8687770490446,2573.2499521730338,57778.494093050744,1308.850549484248
3,2025-07-17,78393.0596311446,57718.433205386886,76738.58600955151,473.5010897219138,0.0,0.0,58373.14365545523,662.1540405643016,23.868350847992474,1678.3419724410965,2573.2499521730338,2086.9212706083654,57899.64256573332,473.5010897219138
3,2025-07-18,41492.704806908056,23124.955978372764,41495.29678216433,1050.0727619340478,0.0,0.0,24160.817306171004,7774.786955221038,471.86968541050436,469.2777101542314,2086.9212706083654,2063.837040409165,23110.744544236957,1050.0727619340478
3,2025-07-19,41547.23472366254,23490.161316605117,41837.06946753014,801.9078510293959,0.0,0.0,24065.501111723683,12220.825531502254,437.53973643314083,147.70499256554288,2063.837040409165,2051.1399253610825,23263.593260694288,801.907851029396
3,2025-07-20,77191.20917966054,56142.06556426787,76918.93021835582,205.3009579754895,4.962006804438829,42.22171589897,56441.896754912974,609.743136424757,51.89834696149995,324.17730826621187,2051.1399253610825,2405.426922083681,56194.37408103851,205.3009579754895
3,2025-07-21,76043.55085364229,56890.10400672732,77856.21545099805,2245.936691158813,0.0,0.0,59137.363762923036,640.660355641634,1812.664597355763,0.0,2405.426922083681,1819.4828584810537,56891.42707176422,2245.936691158813
3,2025-07-22,78887.60601268857,58490.721777732964,78843.00204435934,210.23601155317073,0.0,0.0,58682.5158182972,499.2406756333266,127.99336274014735,172.5973310693705,1819.4828584810537,2402.364993883366,58472.27980674403,210.23601155317073
3,2025-07-23,82537.39712063485,58269.484647707184,78890.55528306008,2404.462698654531,0.0,0.0,60693.384272483934,897.7788877062565,771.8183409633422,4418.660178538103,2402.364993883366,2190.6034071625927,58288.9215738294,2404.462698654531
3,2025-07-24,81705.39768125169,59235.49494691766,79042.10629720183,765.8655722686356,0.0,0.0,60208.948266240455,1042.3893081266626,0.0,2663.291384049867,2190.6034071625927,2723.558327359855,59443.08269397182,765.8655722686356
3,2025-07-25,40806.751527567176,23089.402917162788,40624.18292203364,56.74274757490332,0.0,0.0,23106.622226251584,12181.812509614456,0.0,182.5686055335398,2723.558327359855,2156.522272649896,23049.87947867668,56.74274757490332
3,2025-07-26,41191.00931383841,23323.253345883404,41470.86176534531,502.81729255479837,0.0,0.0,23602.652792938825,10121.474707139427,279.85245150689457,0.0,2156.522272649896,2419.6525761327425,23099.835500384026,502.81729255479837
3,2025-07-27,73526.69214776563,54136.48208186452,78006.68843660373,6026.054962811106,99.60374959113408,516.0664059504467,60709.2743261514,195.0430130152222,4479.996288838123,0.0,2419.6525761327425,2642.814194171628,54167.152957389844,6026.054962811106
3,2025-07-28,73766.67889375787,54546.73365012688,80827.67148076027,9805.503420352929,487.7165923783393,2613.3448686422057,67020.4265744394,11.059151912638981,7060.992587002412,0.0,2642.814194171628,1934.0865101933084,54601.57828544427,9805.503420352929
3,2025-07-29,73517.14527296185,54150.33632972447,80397.50316115285,8042.8877505233895,0.0,0.0,62202.35250429762,427.039206026148,6880.357888191005,0.0,1934.0865101933084,1934.2947256460486,54159.46475377423,8042.887750523389
3,2025-07-30,71210.18828287718,53245.4711892739,79459.24413359827,9999.965762529988,0.0,0.0,63242.224751456066,1137.7535174989287,8249.055850721095,0.0,1934.2947256460486,2321.5191410324687,53242.25898892608,9999.965762529988
3,2025-07-31,72097.82135118436,52950.25398197223,78615.80464290941,8977.31089403161,0.0,0.0,62092.26249110312,159.17048046677905,6517.9832917250405,0.0,2321.5191410324687,1982.7900389484962,53114.951597071515,8977.310894031609
3,2025-08-01,39331.405913431256,21934.18944941595,40461.69246210657,1870.7097500791758,0.0,0.0,23797.022892690293,16108.296851549268,1274.6942533221174,158.1107655348284,1982.7900389484962,2579.429070229111,21934.62130842753,1862.4015842627646
3,2025-08-02,39544.92560145599,21967.41124222451,39789.77699635247,424.3978292235276,0.0,0.0,22158.00426429053,16346.060491037733,258.55445578451656,0.0,2579.429070229111,2628.4405805799565,21725.29826925059,432.7059950399386
3,2025-08-03,64974.232429395684,47953.39396846213,65778.82442423585,1856.761640494496,79.4506043038484,452.3501755868332,50353.574269333905,278.1145222939854,969.5174544089953,164.92545956883345,2628.4405805799565,1898.4343908681858,48044.46245325258,1856.761640494496
3,2025-08-04,65987.14334361805,49265.90277313493,69008.49962357226,5502.551281700298,0.0,0.0,54724.11767865478,46.27626909464857,3021.3562799541965,0.0,1898.4343908681858,2173.3377507209743,49221.566396954484,5502.551281700298
3,2025-08-05,64702.776388523474,48265.23372013297,68007.75783085318,3036.0531707835985,0.0,0.0,51342.554804698295,7.97172700838405,3304.981442329702,0.0,2173.3377507209743,1513.2797766610731,48306.5016339147,3036.053170783599
3,2025-08-06,68039.46430933241,51268.67755918535,71705.82131127935,3954.4574000594152,0.0,0.0,55193.947593926125,156.3848274112786,3666.3570019469325,0.0,1513.2797766610731,1481.5409920192242,51239.49019386671,3954.457400059415
3,2025-08-07,68250.89793454763,48952.20688936737,68714.0700234641,3254.0105715615114,20.219477561238683,99.03500109494706,52494.254262096154,1516.3649985892587,1860.267650199186,1397.0955612827142,1481.5409920192242,1590.0329966521751,49141.20868943969,3254.010571561511
3,2025-08-08,37732.09638892905,20529.213333142223,38663.56461229462,1281.530316961222,0.0,0.0,21787.667957532503,19995.99854022276,931.4682233655687,0.0,1590.0329966521751,1867.5339133308019,20506.13764057128,1281.530316961222
3,2025-08-09,37820.85225354397,20989.94172609676,38367.86728736021,708.6455546436788,47.25921693989635,142.39202063990768,21694.813797285933,17143.624357442506,547.015033816233,0.0,1867.5339133308019,1640.143163261499,20843.776222002347,708.6455546436788
3,2025-08-10,64146.50864416277,48565.6047804669,68661.05199388979,5469.87078779081,0.0,0.0,54036.47729859301,0.0,4514.543349727014,0.0,1640.143163261499,1665.6737027863735,48566.6065108022,5469.87078779081
3,2025-08-11,63601.36446904328,46479.423127965616,68469.93274660136,5146.898575083931,141.81116167801542,1217.363080177985,52888.425754922595,799.9361813704954,4868.568277558077,0.0,1665.6737027863735,1296.8168279498802,46524.16409966067,5146.898575083932
3,2025-08-12,66397.49871623638,49084.52757047681,71791.68686723814,6720.6066402981505,0.0,0.0,55776.13204046751,489.4561324661645,5394.1881510017465,0.0,1296.8168279498802,1414.8911256772117,49055.52540016936,6720.6066402981505
3,2025-08-13,64128.79751223982,47567.92507167713,70635.27506484672,6478.03310485429,0.0,0.0,54008.127475872214,769.8353635390556,6506.4775526069025,0.0,1414.8911256772117,1768.9707138395454,47530.09437101793,6478.03310485429
3,2025-08-14,64895.9695638794,48491.8329283799,69184.76880784731,4334.804294329253,485.1111155813064,2853.369000688756,55866.65732310721,552.0655700392538,4288.799243967911,0.0,1768.9707138395454,1397.2846744420603,48678.4840280892,4334.804294329253
3,2025-08-15,38408.56658539322,21210.48435185087,38783.90392716124,638.4779185102263,30.88254024291152,99.41984053018268,21921.044753210812,19198.91565450471,480.7184507306954,105.38110896267602,1397.2846744420603,1268.3976133059964,21183.1469941704,638.4779185102263
3,2025-08-16,38834.425225660976,21567.81697247032,39285.82245288075,934.9449346911136,0.0,0.0,22389.307766468228,19619.183308241154,727.3431208617978,275.94589364202363,1268.3976133059964,1425.2702212071245,21454.362831777114,934.9449346911135
3,2025-08-17,67173.3303491165,48734.12105993287,67528.78042103373,1926.1496691206369,51.750069395784635,443.3945945830827,51031.326241647126,589.964842139555,1084.3364691802599,728.8863972630201,1425.2702212071245,1646.087725578195,48661.78197794341,1926.1496691206369
3,2025-08-18,65769.83347473244,48962.4077234616,67936.46031651205,2827.347773846803,34.683499955442926,293.31987846404354,52139.702098450754,0.0,2166.626841779608,0.0,1646.087725578195,1555.2310846902674,49019.03444613991,2827.3477738468027
3,2025-08-19,65071.2137848352,48384.98260297169,68106.42080005394,3110.3029163683264,164.76835024068188,1015.844716395296,52527.8489187089,731.5528849912247,3035.2070152187716,3.751665644813329e-11,1555.2310846902674,1363.7211052153903,48401.70128594528,3110.302916368327
3,2025-08-20,68903.55219541758,50626.022052729386,73249.11393525284,6460.360856222676,980.7552245512535,5690.694256875673,62748.14150853552,74.88662255477027,4345.561739835259,0.0,1363.7211052153903,1200.0,50597.08639543717,6460.360856222677
3,2025-08-21,68278.48558506282,49748.23669687082,69571.10741801713,1818.4377408264968,117.6140150275248,629.339210582915,52338.65182580539,292.2403863575556,1376.2207858028555,83.59895284855,1200.0,1299.5593810534945,49890.87487439598,1818.4377408264968
3,2025-08-22,38558.84207546126,21576.929757494032,39599.03979527416,1476.3655405845693,241.25138858988132,1100.641785953504,24168.04014807865,16041.773782915661,1040.1977198129068,0.0,1299.5593810534945,1273.1379059803198,21591.032821540575,1476.3655405845693
3,2025-08-23,38398.48648681374,20977.573885950114,39454.000348045025,1250.9853377358052,0.0,0.0,22074.352521915458,14245.142476488698,1055.513861231288,0.0,1273.1379059803198,1443.5805550396146,20823.367184179653,1250.9853377358052
3,2025-08-24,67997.01486163575,50236.488863367194,69257.7931786427,2641.790920514921,0.0,0.0,52861.667911256955,1550.78179166713,1882.1084875757572,621.3301705687891,1443.5805550396146,1732.9142228185403,50219.876990742036,2641.790920514921
3,2025-08-25,76955.9043648204,54418.97104494003,74911.32009185394,679.4999799453207,5.964031530034094,26.980470852819362,55156.17126054859,536.662945384813,68.1076819944366,2112.6919549608897,1732.9142228185403,1422.2491497371263,54449.69080975045,679.4999799453207
3,2025-08-26,68649.74946808598,50638.989222399025,69913.46706307895,1491.287158781689,0.0,0.0,52150.23582346367,46.121077035968874,1263.7175949934626,4.985167834092863e-10,1422.2491497371263,1978.9049305432711,50658.94866468198,1491.287158781689
3,2025-08-27,68744.45078147063,50441.42929667672,71874.27254139028,2887.678886808741,31.129999146273803,265.50776271856927,53546.513838045204,643.309743161973,3129.821759919671,0.0,1978.9049305432711,1321.8498479819502,50393.3271885179,2887.6788868087415
3,2025-08-28,69434.81487604888,50555.72093153214,74665.96478895919,5837.522197355747,427.4869971279615,2395.2411521702543,58976.06791643805,117.17552387456725,5231.149912910306,0.0,1321.8498479819502,1549.243427326706,50743.30456691205,5837.522197355747
3,2025-08-29,39980.66151067466,22196.96716174604,39938.23225144443,17.86065714119605,0.0,0.0,22241.29904462189,14885.637305197,0.0,42.42925923023363,1549.243427326706,1427.899795390414,22223.438387480695,17.86065714119605
3,2025-08-30,39566.20929817127,22177.89684694438,39936.49628498116,489.0484449583163,0.0,0.0,22476.15651642574,19041.641565774,370.28698680989197,0.0,1427.899795390414,1330.7412942424494,21987.108071467424,489.0484449583163
3,2025-08-31,68796.03867160517,50150.948540402605,70959.2491812369,3012.395845821215,206.40877690869334,1054.462308393225,54289.42598630024,0.0,2163.2105096317296,0.0,1330.7412942424494,1908.878131358421,50222.5678320858,3012.395845821215
3,2025-09-01,71738.31672163632,41523.00099074925,64447.48290169617,2379.990906882301,0.0,0.0,43966.35331013038,4985.135213034074,0.0,7290.833819940151,1908.878131358421,4347.665469796017,41586.36240324807,2379.990906882301
3,2025-09-02,63531.5530550821,39445.85557112678,59850.10385244491,1360.7290570419489,0.0,0.0,40788.28885327076,2258.4091742552896,0.0,3681.4492026372,4347.665469796017,4254.474034005445,39427.55979622881,1360.7290570419489
3,2025-09-03,63560.809511519605,41161.17540732166,60156.13712597522,1016.6014248830384,0.0,0.0,42167.09448814604,1689.4697041820525,2.5011104298755527e-12,3404.672385544378,4254.474034005445,3803.9433373457905,41150.493063263,1016.6014248830384
3,2025-09-04,61717.64373090959,40408.89065223957,59841.72590514213,633.3865995360243,0.0,0.0,41132.51628971363,2198.158654261598,1.4210854715202004e-14,1875.9178257674675,3803.9433373457905,3986.197534709979,40499.12969017761,633.3865995360243
3,2025-09-05,34290.066031970644,15846.442700834872,33048.03452553372,449.2673143931407,0.0,0.0,16312.375975729203,23550.76449274048,0.0,1242.0315064369238,3986.197534709979,4310.8296384302275,15863.108661336062,449.2673143931406
3,2025-09-06,41496.22841083193,18321.90215118769,40635.1598618203,368.6087670398666,0.0,0.0,18278.523128356665,22532.241989076443,0.0,861.0685490116255,4310.8296384302275,10800.0,17909.914361316798,368.6087670398666
3,2025-09-07,55990.5839959769,37123.639689118354,59640.715693208884,3836.334466249038,1170.9756041637665,6408.658007325512,47416.296762799386,2147.700282162277,3650.1316972319833,0.0,10800.0,10675.897035463386,37171.304289224834,3836.3344662490385
3,2025-09-08,44034.98835800371,31187.540038371284,55229.77814550197,12585.558644575423,38.91061523393989,190.27211490351397,44183.60851976737,924.9333341115054,11175.902283412892,0.0,10675.897035463386,3112.6086784320573,31422.34569218948,12570.990712674375
3,2025-09-09,51746.37508275366,34457.808231867646,57096.812392264124,7215.615743435302,509.01911599544616,2657.0907602242532,44392.652562075746,1296.1437166666665,5351.6905326257665,0.0,3112.6086784320573,2949.311632087223,34517.09081593547,7218.470985916025
3,2025-09-10,55075.38994976338,36480.40388975658,64649.69977670348,10999.171366553732,1359.725737191926,7460.625377092153,54953.5447316669,556.1849029913697,9591.944107910167,0.0,2949.311632087223,3432.4435710850576,36482.03529860069,11010.884055974057
3,2025-09-11,55540.38193895277,36092.376651564584,57543.10823874276,4690.669015478551,631.5477291288719,3391.274541834555,44251.695129492145,1196.2533392008331,3306.8669963983994,1304.1406966084094,3432.4435710850576,3410.49081520073,36169.75157217904,4690.66901547855
3,2025-09-12,31392.07815892448,14667.797581144136,31826.716424155282,544.1240122294894,0.0,0.0,15236.330600231218,17604.407077112126,434.6382652308025,0.0,3410.49081520073,3487.8008990561284,14692.206588001729,544.1240122294894
3,2025-09-13,40380.19415262218,17850.996095346163,40497.630650341,204.93422095381607,0.0,0.0,17613.273630413467,21138.21469757064,117.43649771882235,0.0,3487.8008990561284,10750.080752688536,17408.33940945965,204.93422095381607
3,2025-09-14,60204.644865599854,39536.81252698859,64331.444046790624,4482.425542463426,0.0,0.0,44045.74097357394,767.7835892363819,4189.287666061082,62.48848487031523,10750.080752688536,10379.457183154438,39563.31543111052,4482.425542463426
3,2025-09-15,47510.93687240167,32677.25266469366,52560.721140915535,6614.916404026955,0.0,0.0,39283.637888418176,1268.9562601873201,5049.784268513877,0.0,10379.457183154438,3340.521299096731,32668.721484391222,6614.916404026955
3,2025-09-16,59431.29951350437,38690.73083855686,64730.99744070794,7297.945676220477,0.0,0.0,45976.348413336746,699.4734453813003,5527.531716446339,227.83378924276292,3340.521299096731,4348.491383119455,38678.40273711627,7297.945676220478
3,2025-09-17,57267.151556730474,37914.97638873091,63537.04156111629,7024.702168787026,0.0,0.0,45002.57855401002,159.97883192235327,6269.89000438581,0.0,4348.491383119455,4137.994140857893,37977.87638522299,7024.702168787026
3,2025-09-18,57352.32877732291,37293.762272146196,63689.12787535529,7225.218772160753,0.0,0.0,44650.245933726546,815.3828094396595,6336.799098032376,0.0,4137.994140857893,4333.747399586935,37425.02716156579,7225.218772160753
3,2025-09-19,33396.63758187108,15181.40897165995,34500.59547575808,1420.4673273807925,0.0,0.0,16576.81398664126,13459.545978109429,1103.9578938869968,0.0,4333.747399586935,6382.759507358374,15156.34665926047,1420.4673273807925
3,2025-09-20,36788.74836013435,16220.864541804136,37042.77810208991,549.7451747004218,0.0,0.0,16569.497848336225,13656.968285229323,395.95672174734307,141.92697979177711,6382.759507358374,10389.913901436052,16019.752673635801,549.7451747004218
3,2025-09-21,62999.717035090354,39959.59644741496,62143.80583444109,2791.0909902969397,0.0,0.0,42787.380732338395,1162.9587329229043,1670.0860950252281,2525.997295674491,10389.913901436052,9539.893707500707,39996.28974204145,2791.0909902969397
3,2025-09-22,59478.540505262696,38581.583852129435,61342.238262552666,5812.91811128237,205.7947336266147,965.6853643581675,45428.80789654961,281.50016147462327,3867.7911623054833,2004.093405015511,9539.893707500707,6814.267326640202,38650.20442090907,5812.91811128237
3,2025-09-23,61214.00874996558,39855.42128774409,63934.126634405526,4914.319140091906,443.87909290911614,2343.696410869944,47100.20219367245,66.10335648592277,3393.868495112669,673.7506106727222,6814.267326640202,5331.741222767516,39842.1866427106,4914.319140091906
3,2025-09-24,59774.05452326322,39127.38315045223,64759.89428812347,6346.004008837746,0.0,0.0,45396.107606887614,0.0,4985.8397648602495,0.0,5331.741222767516,5460.044911704074,39050.103598049864,6346.004008837746
3,2025-09-25,64410.06550137146,40772.61424256097,66683.45459607024,5772.745306744354,152.7980842022782,801.154206247281,47594.2439122351,2107.4361639624794,4254.439213391933,1981.050118693142,5460.044911704074,6273.594612908508,41020.34439924346,5772.745306744353
3,2025-09-26,33283.155576616075,14217.542052809298,33160.83314039281,701.9431371525545,0.0,0.0,14914.71398802333,11877.334691442771,328.01729537094405,450.3397315942109,6273.594612908508,6732.809981891867,14212.770850870775,701.9431371525545
3,2025-09-27,36164.87120601782,16126.971491424512,37035.82721385225,1175.2575323504277,262.5050161974202,1366.684750183784,18407.03043148702,13414.048191906497,870.9560078344277,0.0,6732.809981891867,9161.731886596684,15865.088148952807,1175.2575323504277
3,2025-09-28,67836.46279671161,43643.670708873,68108.3679486122,3443.4410628089945,0.0,0.0,47067.68158491528,734.759909357143,2290.300675546442,1951.5291550620714,9161.731886596684,9339.665910238595,43640.59269254345,3427.0888923718335
3,2025-09-29,67005.63290185535,42751.75370986439,63934.601988151146,923.2316277754718,124.27146324303112,794.6453758502894,44502.98652344384,199.44478915791328,37.01957142505728,3174.916853713028,9339.665910238595,6707.155176744397,42768.75734938092,939.5837982126325
3,2025-09-30,69004.33362480073,45353.32680329846,69897.24400069291,1897.8894670131858,0.0,0.0,47356.30428477147,808.2626373792666,1367.4507212669773,474.5403453747849,6707.155176744397,6336.570560578565,45458.41481775828,1897.8894670131858
3,2025-10-01,67268.6516623408,40132.303983374906,63382.642521695685,941.8537463684297,0.0,0.0,41026.8661377685,8855.253789097042,1.7547938033872015,3887.763934448515,6336.570560578565,7751.691685745907,40085.01239140007,941.8537463684295
3,2025-10-02,70573.49750315314,40819.72390174116,65479.01379491468,1458.8287840579792,0.0,0.0,42463.02290271957,6865.117964089209,28.808969156871512,5123.2926773953195,7751.691685745907,10800.0,41004.19411866159,1458.8287840579792
3,2025-10-03,31815.417076587284,13100.107247329586,31645.848281091017,56.48300060424611,0.0,0.0,13253.09371290089,20408.773988940477,0.0,169.56879549627104,10800.0,10692.182098248726,13196.610712296644,56.4830006042461
3,2025-10-04,33753.903085252416,14317.418010581161,33477.61667155943,81.33444955859385,0.0,0.0,14080.838604587996,16425.79413445772,0.0,269.0481746769635,10692.182098248726,10800.0,14001.090777021715,79.7478275662821
3,2025-10-05,65908.93418541766,39906.829657287155,62685.39319558743,964.1229824615326,0.0,0.0,40893.32020422764,4278.627933111224,190.34197430336513,3404.0400731325863,10800.0,10800.0,39931.21642632039,962.1037779072492
3,2025-10-06,60092.30547632827,38998.71109950215,61985.39433392753,2799.8716451729247,0.0,0.0,41774.87880034324,782.0637431680342,1896.5295342590853,20.521806676858432,10800.0,10676.49421111597,38971.401328623724,2803.4774717195196
3,2025-10-07,62386.386706573154,39602.01192678472,63622.642159926785,1507.9900363964693,0.0,0.0,41082.467755910664,1874.9076655806898,1279.365410644401,31.76684620040953,10676.49421111597,10800.0,39577.14278346487,1505.324972445791
3,2025-10-08,60191.34042415675,37496.78078872284,60602.38373563203,1844.1366979709646,0.0,0.0,39328.149928544204,764.5748836829317,1199.4708596282883,794.4325975822003,10800.0,10264.350716195324,37482.60367872527,1845.5462498189395
3,2025-10-09,63487.246134292014,37885.63286877818,59672.86799037625,1816.5878759950901,0.0,0.0,40166.373124758844,405.68700098016586,515.1852816246982,4334.901487201613,10264.350716195324,10515.906647890875,38348.52973666105,1817.8433880977936
3,2025-10-10,31370.47449404004,12706.096324625007,31668.034520294794,527.3838133766802,0.0,0.0,13239.121267337505,18666.861855364587,345.3297859508334,47.76975969608654,10515.906647890875,10394.450267147524,12711.737453960824,527.3838133766802
3,2025-10-11,33200.821416474704,13711.844663049722,33101.909557046936,17.91432562580016,0.0,0.0,13320.146543026522,14455.476240968723,0.0,69.64337909628466,10394.450267147524,10415.114119338918,13308.44884262313,11.697700403393018
3,2025-10-12,62378.37672611601,38322.91146411354,62423.99513483491,2186.1868846679326,20.929933333333338,105.12059016666669,40559.88382680032,566.1542889915343,1021.9599449803836,973.0503540106331,10415.114119338918,9955.821083859824,38269.96403593941,2184.7992006942386
3,2025-10-13,62807.54411425429,37780.85064679335,60553.98450210797,3186.3117389307376,0.0,0.0,41330.16043769917,168.02375320705218,1297.0082701751248,3583.1275449037703,9955.821083859824,10148.35345546127,38136.244389572326,3193.9160481268386
3,2025-10-14,64301.07240004278,39595.74331004836,65092.48526762362,3612.74575059586,0.0,0.0,43245.70081948124,344.30491280824174,2768.426058862919,1977.0131912820793,10148.35345546127,10120.995521308181,39632.95506888538,3612.7457505958596
3,2025-10-15,65495.51657515674,40418.88436655223,65707.85849023837,1776.5064282605342,0.0,0.0,42169.85082771079,37.165945540821895,979.4874904483563,767.1455753667241,10120.995521308181,9756.772311803948,40393.34439945026,1776.506428260534
3,2025-10-16,64435.419562038944,40630.27563228432,67481.10084014869,4498.907071193931,0.0,0.0,45232.720569947705,192.92002715232636,3045.6812781097433,0.0,9756.772311803948,9962.131865966963,40733.81349875378,4498.907071193931
3,2025-10-17,30557.6533066403,12453.772660316523,31160.87440140525,890.7396595100971,11.497744147279423,39.379773704432026,13376.068583441043,12383.128478959963,603.2210947649505,0.0,9962.131865966963,8960.794680099132,12445.949150226515,890.739659510097
3,2025-10-18,34409.09322152803,13984.692008209895,34418.496113993635,268.4513230923233,0.0,0.0,13777.787925937493,12797.460933993978,163.13279637362888,142.62609537886723,8960.794680099132,10162.530087757868,13511.926566184597,265.86135975289716
3,2025-10-19,66679.48758448631,42230.01250997426,67534.09895923614,2776.2949493677584,66.7360207056347,354.5653955102907,45426.41277984662,202.96537484157747,1530.0854609633034,409.7961924132169,10162.530087757868,9713.437814476889,42356.47003322863,2715.3773511077034
3,2025-10-20,69413.20415684703,43919.120533476256,69466.74873657039,549.5688993420993,169.62711614851443,887.460305296539,45382.27612814595,829.9611836069989,282.5488899268486,395.57040205064834,9713.437814476889,9706.369820780652,43905.22079772108,589.5950251283377
3,2025-10-21,69482.91673164925,44247.06874639295,71299.99478945442,2482.765121873602,7.548778653051885,39.193258766645386,46878.86637873858,325.80242978221816,1919.6535479786673,198.45157251512182,9706.369820780652,9921.772616283928,44335.978281317715,2503.6948386542176
3,2025-10-22,67397.32832067391,42683.46876732917,68844.23035570238,1991.625224576124,884.7993676243568,5039.811342382022,49575.66188868913,287.6187775843458,1489.7185745496258,42.503168966458134,9921.772616283928,9489.342816889053,42544.82690649759,1991.0236398095149
3,2025-10-23,73075.42661862104,42023.87594075527,67680.39048415978,3231.0659337606517,233.6632303542311,1338.9518660898177,46740.42237698526,294.9026049708083,722.2361091361838,6131.925142292793,9489.342816889053,9544.452545310149,42167.251273335554,3234.2192375598884
3,2025-10-24,31784.647267314536,12577.853668827369,32561.91778473328,1156.3061774810133,561.4551021537711,2788.8915387856014,16789.742860212114,11423.468779312278,777.2705174187445,0.0,9544.452545310149,9612.289029568112,12844.545143945501,1156.3061774810133
3,2025-10-25,33504.649852902934,13198.67765343202,34159.976054663886,973.6553829220256,464.6552310353103,2247.72101051027,15980.127267059486,10635.668228981718,667.4168205384206,12.09061877746035,9612.289029568112,9779.16099222099,12758.75087362719,973.6553829220256
3,2025-10-26,71458.96151482163,43457.87598221172,68495.54233839814,1806.4966488668485,118.5460012937375,578.3803990994516,45931.18514205314,316.79991313891946,412.8542449253973,2973.3053763032526,9779.16099222099,9781.646567726406,43633.97379228652,1718.8309506671717
3,2025-10-27,69179.36164935262,42907.982826726715,68782.92972775892,2838.422173757697,171.3276839972024,841.8231637125966,46626.21261298166,1409.732329292144,1681.6997167566956,2235.4774281112173,9781.646567726406,9650.353153372522,42910.3980576576,2873.991391611468
3,2025-10-28,69150.35115516513,44072.69595059769,70369.55278649082,2339.4037081676242,264.07164384143437,1535.4838579225202,47913.52825608559,427.9979120227791,1520.9406924548643,314.59491900971034,9650.353153372522,9753.47306360531,44038.66060602835,2339.383792134719
3,2025-10-29,72243.10304934812,46630.12790431081,73856.34355863472,2473.962857317399,380.52362023625506,2237.287779498703,51222.25185962196,518.4731075783734,1666.6305345824487,286.1564227001097,9753.47306360531,9602.157540322558,46458.88482642705,2526.07925369621
3,2025-10-30,68627.1403858488,44000.3741554271,68493.55998968973,2382.7740870161733,229.75253224210238,1240.1088191072201,48081.66757356907,507.07229590048416,1136.0018435188117,1269.5822396778788,9602.157540322558,9634.916177983574,44458.78466744568,2382.774087016173
3,2025-10-31,34391.256693357485,13963.854239974848,34687.074980681966,409.57642639779885,338.7847842826584,1533.5219408299404,15769.56165201758,6661.095273615362,295.8182873244781,0.0,9634.916177983574,9828.648469962063,13826.463284789843,409.5764263977989
3,2025-11-01,33767.46111567357,13559.84336393277,34290.3364433392,828.7840385068284,0.0,0.0,14095.525217486798,7592.850675323878,563.729800797684,40.854473132057365,9828.648469962063,9877.45122257844,13266.74117897997,828.7840385068284
3,2025-11-02,72689.97324447651,47129.426669823835,73652.07157852815,1949.7216580830664,242.9422838990571,1483.8297473102282,50662.873559781794,1097.7183394658223,1546.5654289507227,307.99951947856584,9877.45122257844,9811.303192301242,47284.670962987686,1894.3728494838788
3,2025-11-03,75437.97427376287,48602.20849320798,74649.78710588271,684.4919985972107,0.0,0.0,49339.886953837806,850.9905763842064,208.8656689900639,1160.2687034315418,9811.303192301242,9836.381020333432,48619.41785144177,720.4691023960331
3,2025-11-04,73511.93292921188,47340.37127209484,72209.46675209871,640.0098558619416,450.24371891505854,2768.858723328854,50575.56051470868,938.5385312699536,123.78252144027829,1539.5004074126364,9836.381020333432,9693.08797729884,47147.32023071752,659.3815606623064
3,2025-11-05,76661.18909514454,49523.88435698264,74879.94345016102,884.8042228604799,3.227683333333289,15.867291266666447,50523.67048466754,770.0758618479492,144.14583576781513,1816.2380194069258,9693.08797729884,9824.113899098043,49644.62227123272,863.1809221681553
3,2025-11-06,74660.09286201608,49792.95536087135,75750.60776289635,1501.2850576952133,420.73794150783056,2178.366660014087,53528.42531621918,524.8097791402938,1112.50080365336,131.13936411748887,9824.113899098043,9641.222741130636,49827.150297817556,1522.9083583875379
3,2025-11-07,34397.1301470135,14035.12442080152,34763.10617682589,537.461932341944,0.0,0.0,14660.71618669652,7420.555735305128,365.9760298123844,0.0,9641.222741130636,10011.349677466467,14123.254254354575,537.461932341944
3,2025-11-08,34933.44937049861,14518.16489776523,35037.0721431393,174.0087646779779,0.0,0.0,14448.50081220861,7028.5643944389,119.46912661851616,13.867980551948449,10011.349677466467,10044.1421148105,14274.941435054317,173.55937715429107
3,2025-11-09,76094.54563318305,50255.738098589274,75857.88808845732,1062.5250161057909,25.449537483021935,109.60938038107454,51414.908504189625,524.9624546840063,465.1667955423693,682.8399047598788,10044.1421148105,9893.896839205381,50247.20695837983,1058.0921654287256
3,2025-11-10,76830.22828358202,51818.17235127424,78603.97383627074,2346.970481364171,124.79478760385574,580.1166067169843,54873.873357240824,417.1308974968436,1810.3079936963777,57.52524994176588,9893.896839205381,9924.686080870522,51941.90403095892,2351.8527195649226
3,2025-11-11,78068.5076757282,51225.73682701045,76691.9297241216,651.7762012637838,0.0,0.0,51732.41581008857,1134.1742727697138,51.431208120361816,1426.9522720041782,9924.686080870522,9778.949904209238,51080.89093672526,651.5248733633074
3,2025-11-12,77508.2075460519,50451.326682752384,76221.08963892721,1091.7880037261164,6.064859150798952,31.206732760436005,51603.449807273435,818.6253743948926,378.68106322576216,1662.7475339701036,9778.949904209238,9962.859344178267,50481.14413827361,1091.0989362393912
3,2025-11-13,74924.47292848694,50749.092134205275,75860.39008469615,2396.849883303643,0.0,0.0,53593.07849803242,132.71475844335498,1332.4685002992983,400.6596681931924,9962.859344178267,10022.438579749027,51195.28821934157,2397.7902786908444
3,2025-11-14,35379.01441876221,14557.002453911218,35520.30258852441,214.19686868953465,0.0,0.0,14804.812576139466,4051.7353712264066,141.28816976220395,0.0,10022.438579749027,10141.859974609884,14590.615707449932,214.19686868953465
3,2025-11-15,36338.278118343485,15457.289747487006,36287.69781822822,41.96845403561358,0.0,0.0,15091.77735207283,3471.754285085629,17.942431058499835,68.52273117376042,10141.859974609884,10070.603835915994,15049.808898037216,41.96845403561358
3,2025-11-16,77686.04918842844,52494.11146826093,79022.90572722768,2181.460201466084,0.0,0.0,54653.10880440131,486.1321074338539,1402.2345556987268,60.69161838204354,10070.603835915994,9962.961602758895,52472.622905186996,2180.485899214312
3,2025-11-17,76726.47146483272,51720.90757321133,78059.31419179194,1908.9393012555029,0.0,0.0,53659.74069496856,899.9804967703026,1586.7579776809207,212.11705095336663,9962.961602758895,10102.167166115403,51759.23324992441,1900.5074450441557
3,2025-11-18,77884.900483475,53339.50352443677,79298.34577256421,2060.8706314519227,0.0,0.0,55383.63154813367,176.65688462448293,1413.4452890892107,46.484598285738684,10102.167166115403,10079.564340286917,53313.35475821863,2070.2767899150417
3,2025-11-19,77982.68768650923,53465.397785961926,80085.40360591024,3948.749493822862,0.0,0.0,57375.27760488773,857.1576319953404,2759.088594717673,656.3726753166825,10079.564340286917,9821.290262720613,53426.528111064865,3948.749493822862
3,2025-11-20,78274.83987716494,53238.286616557794,79248.95467179004,1499.104765320782,0.0,0.0,54922.84142210974,98.62918987252124,974.1147946250976,0.0,9821.290262720613,9890.943865124524,53423.73665678896,1499.104765320782
3,2025-11-21,35789.28768991984,15087.458420665083,36413.19324858811,677.1058605166617,0.0,0.0,15807.183832107163,3371.137207971641,623.9055586682741,0.0,9890.943865124524,10123.518689831757,15130.077971590501,677.1058605166617
3,2025-11-22,36406.6377240312,15697.823138698679,36392.503333192384,97.17621825996095,21.63394687520646,66.96788255220159,15630.015292756127,2395.995416785123,51.987487391749426,66.12187823056146,10123.518689831757,9949.52176136664,15465.871191943963,97.17621825996095
3,2025-11-23,79566.32558184795,53824.43153564458,79974.68541916137,2004.4439035729492,0.0,0.0,55832.20355813208,523.8225481825427,1171.0485405994784,751.4551590947658,9949.52176136664,9923.054018690158,53830.19958035748,2002.0039777745978
3,2025-11-24,78869.3944905807,53562.97887403263,78350.96978927366,170.90128415802977,57.5926824090305,286.42573869987257,54052.22610658755,218.5193636502356,0.0,529.658245498363,9923.054018690158,9735.181069528819,53592.4591579313,173.34120995638125
3,2025-11-25,83342.85179784024,55311.46438898782,81062.45724537357,966.0824468353884,0.0,0.0,56305.621902773724,327.6290543909083,0.0,2280.3945524666697,9735.181069528819,9975.14540785883,55339.539455938335,966.0824468353884
3,2025-11-26,81437.91076109638,56154.20803378115,81623.41822310536,814.891637782467,0.7771061553247591,4.186270858734477,56931.35804499675,495.5990588356847,443.90477006433633,258.39730805536146,9975.14540785883,10097.350031355354,56112.28013635555,814.8916377824671
3,2025-11-27,80568.80144652174,55552.74578462675,80390.80622852634,522.6897491786386,0.0,0.0,56277.73305071935,397.6452360710904,243.14247335997413,421.1376913553748,10097.350031355354,10065.753577158252,55755.04330154071,522.6897491786386
3,2025-11-28,36241.14548102597,14949.857063482377,36392.98157553467,227.9252240280887,13.81643437537116,69.24106087217257,15224.32836440419,1535.2779090612548,154.59295503311648,2.7568605244131845,10065.753577158252,10015.26474785024,14927.162079503927,227.92522402808868
3,2025-11-29,39263.629065809626,16280.201106363105,38869.313779560165,76.50685731224198,0.0,0.0,16164.998130129738,357.9016170842848,0.0,391.7889186818588,10015.26474785024,9937.702028396068,16089.041768310473,75.95636181926334
3,2025-11-30,82654.60380144897,57694.82303952921,84632.81555327078,2966.404891058301,0.0,0.0,60627.444751916795,18.211286788827124,2035.0158848160643,59.33050056186198,9937.702028396068,9896.382185382465,57660.489365365516,2966.9553865512794
3,2025-12-01,84197.27589920722,62566.480967382246,94250.96651121134,16590.701780288335,0.0,0.0,79168.52901464664,2911.868026828158,10053.690612004115,0.0,9896.382185382465,10800.0,62577.82723435831,16590.701780288335
3,2025-12-02,83461.62126908737,63674.282736172325,92782.1237533049,15492.11424353383,0.0,0.0,79510.98347177595,2811.7708544288225,9320.502484217546,0.0,10800.0,8656.579440952506,64018.869228242125,15492.11424353383
3,2025-12-03,81271.71467932599,61232.117857825106,91475.53418007157,16177.356936091686,0.0,0.0,77396.20411712566,2120.344398762056,10203.819500745576,0.0,8656.579440952506,6901.554517533622,61218.84718103397,16177.356936091688
3,2025-12-04,89577.64649384044,66411.42217307806,95636.8099188658,10483.18944196005,0.0,0.0,76987.18634973338,2555.3870701337464,6059.1634250253455,0.0,6901.554517533622,8812.309781889942,66503.99690777333,10483.18944196005
3,2025-12-05,39875.33923997493,17873.457390950854,45067.770266969565,4835.122986707858,251.98515814469044,1239.9239133487965,23960.614493492114,958.8185219043639,5192.431026994631,0.0,8812.309781889942,8174.2526651059925,17885.56759343546,4835.122986707858
3,2025-12-06,47134.53864428228,21268.514766574423,52162.04320212372,4988.354676394929,0.0,0.0,25804.94611751134,1203.758058751684,5027.504557841452,0.0,8174.2526651059925,10800.0,20816.591441116412,4988.354676394929
3,2025-12-07,95529.30096677202,72015.04785775536,95607.31722680888,1961.3233877773919,0.0,0.0,74046.0310274531,3627.0100757015343,1005.0040033188826,926.987743282024,10800.0,10800.0,72084.7076396757,1961.3233877773919
3,2025-12-08,95659.25596865863,71301.11467722594,92610.18414025448,1263.0927283985484,0.0,0.0,72807.07027955515,3340.68519814429,0.0,3049.0718284041277,10800.0,9008.346414338032,71543.9775511566,1263.0927283985484
3,2025-12-09,96918.42110485138,70228.55886316554,93554.59581938045,1503.5717657545147,6.6971281039841415,49.50517094465077,71835.81471112376,2048.359263060866,0.0,3363.8252854709244,9008.346414338032,8754.887963834426,70282.73777442459,1503.5717657545147
3,2025-12-10,95753.10458753376,72430.18976400037,95361.67074326125,272.1298689701785,0.0,0.0,72283.829108717,1739.122140539306,19.80937907146358,411.243223343974,8754.887963834426,8934.421294524893,72011.69923974681,272.12986897017845
3,2025-12-11,95014.03541949278,67534.15555371206,90764.43391462562,2038.6659510087218,0.0,0.0,70086.53651550045,1389.655150758626,0.0,4249.601504867166,8934.421294524893,8757.993043292705,68047.87056449174,2038.6659510087215
3,2025-12-12,46927.86214436477,21323.43247897108,48179.67875667513,1305.224037699429,0.0,0.0,22340.609006960087,56.89892421332797,1251.8166123103651,0.0,8757.993043292705,8645.112992632447,21035.384969260656,1305.2240376994291
3,2025-12-13,49221.91824715643,22404.2748628974,50331.701840095324,1029.3922749250646,0.0,0.0,23299.843063384702,267.5333674194146,1109.7835929388916,0.0,8645.112992632447,10766.436056766253,22270.45078845964,1029.3922749250644
3,2025-12-14,93697.2891295252,71010.36536506654,94307.99981256737,1008.3579268867779,66.4927355579751,419.67986256745115,72394.36645900029,1024.712867668811,648.4713104534349,37.7606274112693,10766.436056766253,10800.0,70966.32866954606,1008.3579268867782
3,2025-12-15,94882.92774309583,71680.97393786404,94476.3049465995,224.51136401575258,0.0,0.0,71962.10883519393,1635.177136498708,0.0,406.6227964963249,10800.0,9758.174378267087,71737.59747117817,224.51136401575258
3,2025-12-16,97034.34966474067,71729.55559656114,94819.14046098069,1107.9696057786803,0.0,0.0,72789.72044427619,1178.670878430171,0.0,2215.2092037599773,9758.174378267087,9687.649878625689,71681.75083849751,1107.9696057786803
3,2025-12-17,96695.59042216832,70035.06499522616,93074.190144431,1710.8769852081061,0.0,0.0,71812.88285115949,618.5693510999419,0.0,3621.400277737316,9687.649878625689,9557.761710207986,70102.00586595139,1710.8769852081061
3,2025-12-18,94426.89544986606,69844.97035615034,93014.31822159652,632.7032812683954,0.0,0.0,70616.64789958889,1089.3990479427994,27.86625032671975,1440.443478596256,9557.761710207986,9737.390799220679,69983.9446183205,632.7032812683954
3,2025-12-19,47132.19089347974,21144.83810218698,47149.718894072364,583.1611170180835,0.0,0.0,21661.119698445575,277.63360296340977,287.37459838351475,269.84659779089225,9737.390799220679,9780.728676238616,21077.95858142749,583.1611170180835
3,2025-12-20,48115.51770034605,21164.685777187464,47472.26453341518,366.04908319193214,0.0,0.0,21432.696845645332,254.65465937046565,95.46126751935361,738.7144344502267,9780.728676238616,10111.878300788681,21066.6477624534,366.04908319193225
3,2025-12-21,94612.38976713813,70734.41279823967,94119.4414788465,146.2417109662861,0.0,0.0,70903.90368425987,582.5321324081223,2.500887067034114,488.68718475153275,10111.878300788681,10024.362810141336,70759.02519059999,144.87849365988768
3,2025-12-22,95568.12331873926,70566.0816083303,93472.94980930371,1113.3335085925132,420.75019712148855,2822.0513990603513,74454.60077185035,880.8701377531007,69.14672912967632,2166.6403916851127,10024.362810141336,9690.381290952637,70518.83184996515,1113.7175228248482
3,2025-12-23,96688.0989291028,68326.86027934554,92655.62200825788,3854.0399887238723,79.27764843085879,618.069219078965,72784.348570129,1092.671568173615,744.6323115622795,4775.196756351563,9690.381290952637,9657.68505629632,68312.71084903395,3853.568502016096
3,2025-12-24,95307.22128786093,68387.91729950238,92885.09593608523,2429.7805028477437,357.45370823438196,2693.8133922190773,73524.5555350675,897.3155832483114,534.6085135251675,2869.521630065572,9657.68505629632,9769.068819642267,68420.84412334027,2409.898019508157
3,2025-12-25,93088.8325660277,68681.69179558093,92671.96334802755,909.7029933566781,356.7834265578605,2568.221774341799,72487.10435390403,653.5719591868988,294.362888731211,761.216280720156,9769.068819642267,9816.46457832264,68993.29856817027,925.5840113919508
3,2025-12-26,46755.46756177859,20894.292616927483,47466.80222105315,1181.817874746603,0.0,0.0,21997.088951945545,490.20804903346186,736.9738541367925,69.22156965163435,9816.46457832264,9829.818208917193,20809.818922112787,1187.2700298327568
3,2025-12-27,47453.73158228875,20638.027223308934,47756.2600034077,935.6504510672397,142.23820683192605,798.0925893924041,22136.443588633796,615.0720797073761,551.0615438242849,242.20728087856332,9829.818208917193,9889.225184862598,20404.067246300827,934.2837529405662
3,2025-12-28,92899.14106832459,67372.00097295624,91664.6827337345,975.0307464856585,197.50318324237128,993.2777208624609,69405.12884253744,645.0190414395923,186.57124645452416,1407.9492559924474,9889.225184862598,9853.760860191842,67439.17869079506,972.6724308799215
3,2025-12-29,91537.13868225494,67458.4700306962,91758.90133607213,481.79198258040833,412.40391519701427,2538.4307116409436,70437.16782916259,438.67012391709363,247.16939904657744,44.19097427015868,9853.760860191842,9623.99353896839,67413.35107022064,485.38604730099445
3,2025-12-30,91898.73960776036,66445.83877112583,91093.51069829188,516.5696988810782,249.5211034363673,1398.5739576919182,68382.30301305652,483.4754262228895,81.07368248573312,886.9245297923869,9623.99353896839,9656.885779322101,66467.0284074717,516.7006478929025
3,2025-12-31,92339.97916285085,68145.58567037879,93021.34572443616,2007.521614451345,576.037174578468,3814.023366279279,73882.25312049914,474.37230540519494,963.0634796127729,278.9636893211359,9656.885779322101,9668.195438027007,68061.33951559968,2006.8902386201864
