variant,date,slot,natural_slot,clock,x,q,natural_x,natural_q,c,g,z,w,S,price_template,price_natural
2,2025-03-20,0,1,0:10,1374.275683333333,1374.275683333333,573.3533333333332,573.3533333333332,4.934999999999945,0.0,0.0,0.0,2041.4445049074109,0.4487,0.4495
2,2025-03-20,1,2,0:20,1399.4455833333332,1399.4455833333332,1374.275683333333,1374.275683333333,824.4308666666664,0.0,0.0,0.0,2783.4322849074106,0.4373,0.4311
2,2025-03-20,2,3,0:30,1412.2241666666664,1412.2241666666664,1399.4455833333332,1399.4455833333332,829.1320833333332,0.0,0.0,0.0,3529.6511599074106,0.4311,0.4344
2,2025-03-20,3,4,0:40,1405.4668666666666,1405.4668666666666,1412.2241666666664,1412.2241666666664,798.3724999999997,0.0,0.0,0.0,4248.18640990741,0.4344,0.4238
2,2025-03-20,4,5,0:50,1391.8410083333333,1391.8410083333333,1405.4668666666666,1405.4668666666666,826.0107,0.0,0.0,0.0,4991.59603990741,0.4238,0.4296
2,2025-03-20,5,6,1:00,1373.5691666666667,1373.5691666666667,1391.8410083333333,1391.8410083333333,833.3333333333333,0.0,0.0,8.062758333333477,5741.59603990741,0.4296,0.4989
2,2025-03-20,6,7,1:10,1381.7997666666665,1381.7997666666665,1373.5691666666667,1373.5691666666667,802.4125,0.0,0.0,0.0,6463.7672899074105,0.4989,0.5083
2,2025-03-20,7,8,1:20,1368.9867749999999,1368.9867749999999,1381.7997666666665,1381.7997666666665,780.2107166666666,0.0,0.0,0.0,7165.95693490741,0.5083,0.4468
2,2025-03-20,8,9,1:30,1365.4074999999998,1365.4074999999998,1368.9867749999999,1368.9867749999999,757.5030249999999,0.0,0.0,0.0,7847.709657407409,0.4468,0.4284
2,2025-03-20,9,10,1:40,587.1713249999999,587.1713249999999,1365.4074999999998,1365.4074999999998,767.1908333333331,0.0,0.0,0.0,8538.18140740741,0.4284,0.4436
2,2025-03-20,10,11,1:50,585.1769,585.1769,587.1713249999999,587.1713249999999,3.23537499999993,0.0,0.0,0.0,8541.09324490741,0.4436,0.454
2,2025-03-20,11,12,2:00,588.3978039473805,588.3978039473805,585.1769,585.1769,0.0,5.818149999999906,0.0,0.0,8534.6286337963,0.454,0.4404
2,2025-03-20,12,13,2:10,1059.4274322666074,1059.4274322666074,588.3978039473805,588.3978039473805,0.0,10.045529385952811,0.0,0.0,8523.466934478574,0.4404,0.4405
2,2025-03-20,13,14,2:20,592.5016333333333,592.5016333333333,1059.4274322666074,1059.4274322666074,493.4438155999408,0.0,0.0,0.0,8967.56636851852,0.4405,0.4545
2,2025-03-20,14,15,2:30,594.7375,594.7375,592.5016333333333,592.5016333333333,46.38086666666665,0.0,0.0,0.0,9009.309148518521,0.4545,0.4389
2,2025-03-20,15,16,2:40,623.6891583333334,623.6891583333334,594.7375,594.7375,29.02416666666662,0.0,0.0,0.0,9035.430898518522,0.4389,0.3868
2,2025-03-20,16,17,2:50,615.0678416666665,615.0678416666665,623.6891583333334,623.6891583333334,25.76259166666675,0.0,0.0,0.0,9058.617231018521,0.3868,0.3634
2,2025-03-20,17,18,3:00,607.4616666666666,607.4616666666666,615.0678416666665,615.0678416666665,14.11337499999988,0.0,0.0,0.0,9071.31926851852,0.3634,0.4416
2,2025-03-20,18,19,3:10,585.3815333333334,585.3815333333334,607.4616666666666,607.4616666666666,20.329999999999885,0.0,0.0,0.0,9089.61626851852,0.4416,0.4839
2,2025-03-20,19,20,3:20,562.642175,562.642175,585.3815333333334,585.3815333333334,0.0,19.82876666666655,0.0,0.0,9067.584305555558,0.4839,0.4574
2,2025-03-20,20,21,3:30,561.5616666666666,561.5616666666666,562.642175,562.642175,0.0,59.25020833333335,0.0,0.0,9001.750740740743,0.4574,0.4575
2,2025-03-20,21,22,3:40,610.363675,610.363675,561.5616666666666,561.5616666666666,0.0,58.60666666666674,0.0,0.0,8936.632222222224,0.4575,0.4629
2,2025-03-20,22,23,3:50,598.2069499999999,598.2069499999999,610.363675,610.363675,0.0,6.259408333333372,0.0,0.0,8929.677324074077,0.4629,0.4426
2,2025-03-20,23,24,4:00,604.3099999999998,604.3099999999998,598.2069499999999,598.2069499999999,0.0,14.256800000000007,0.0,0.0,8913.836435185189,0.4426,0.4023
2,2025-03-20,24,25,4:10,594.3479166666666,594.3479166666666,604.3099999999998,604.3099999999998,0.3799999999998924,0.0,0.0,0.0,8914.17843518519,0.4023,0.4075
2,2025-03-20,25,26,4:20,621.6727916666666,621.6727916666666,594.3479166666666,594.3479166666666,4.553283333333297,0.0,0.0,0.0,8918.276390185189,0.4075,0.452
2,2025-03-20,26,27,4:30,1403.0641666666666,1403.0641666666666,621.6727916666666,621.6727916666666,40.20874166666669,0.0,0.0,0.0,8954.46425768519,0.452,0.4646
2,2025-03-20,27,28,4:40,622.2290333333334,622.2290333333334,1403.0641666666666,1403.0641666666666,817.4791666666665,0.0,0.0,0.0,9690.19550768519,0.4646,0.4561
2,2025-03-20,28,29,4:50,606.2601916666667,606.2601916666667,622.2290333333334,622.2290333333334,22.503900000000062,0.0,0.0,0.0,9710.44901768519,0.4561,0.4379
2,2025-03-20,29,30,5:00,601.4866666666666,601.4866666666666,606.2601916666667,606.2601916666667,0.0,10.479124999999824,0.0,0.0,9698.805545462968,0.4379,0.4177
2,2025-03-20,30,31,5:10,618.013575,618.013575,601.4866666666666,601.4866666666666,0.0,24.108333333333462,0.0,0.0,9672.018508425932,0.4177,0.464
2,2025-03-20,31,32,5:20,605.282125,605.282125,618.013575,618.013575,0.0,1.4203416666667295,0.0,0.0,9670.440351018524,0.464,0.4802
2,2025-03-20,32,33,5:30,620.7708333333334,620.7708333333334,605.282125,605.282125,0.0,12.562274999999952,0.0,0.0,9656.48226768519,0.4802,0.352
2,2025-03-20,33,34,5:40,1391.1211833333332,1391.1211833333332,620.7708333333334,620.7708333333334,13.655833333333344,0.0,0.0,0.0,9668.77251768519,0.352,0.5794
2,2025-03-20,34,35,5:50,679.7234166666666,679.7234166666666,1391.1211833333332,1391.1211833333332,815.6911166666665,0.0,0.0,0.0,10402.89452268519,0.5794,1.0185
2,2025-03-20,35,36,6:00,7.498333333333335,7.498333333333335,679.7234166666666,679.7234166666666,8.260300000000036,0.0,0.0,0.0,10410.32879268519,1.0185,0.995
2,2025-03-20,36,37,6:10,0.0,0.0,7.498333333333335,7.498333333333335,0.0,819.5166666666667,0.0,0.0,9499.754718611115,0.995,0.8932
2,2025-03-20,37,38,6:20,0.0,0.0,0.0,0.0,0.0,791.9499333333334,0.0,0.0,8619.810348240744,0.8932,0.9281
2,2025-03-20,38,39,6:30,0.0,0.0,0.0,0.0,0.0,709.9633166666667,0.0,0.0,7830.962218611115,0.9281,0.9231
2,2025-03-20,39,40,6:40,0.0,0.0,0.0,0.0,0.0,671.3708333333333,0.0,0.0,7084.9946260185225,0.9231,0.902
2,2025-03-20,40,41,6:50,0.0,0.0,0.0,0.0,0.0,629.0448666666667,0.0,0.0,6386.055885277781,0.902,0.8707
2,2025-03-20,41,42,7:00,504.18166666666673,504.18166666666673,0.0,0.0,0.0,586.1559166666666,0.0,0.0,5734.771533425929,0.8707,0.7992
2,2025-03-20,42,43,7:10,421.9297416666667,421.9297416666667,504.18166666666673,504.18166666666673,0.0,27.000416666666645,0.0,0.0,5704.771070462966,0.7992,0.7957
2,2025-03-20,43,44,7:20,415.59587500000004,415.59587500000004,421.9297416666667,421.9297416666667,0.0,24.645758333333326,0.0,0.0,5677.3868945370405,0.7957,0.8046
2,2025-03-20,44,45,7:30,346.67062499999986,346.67062499999986,415.59587500000004,415.59587500000004,14.354258333333469,0.0,0.0,0.0,5690.305727037041,0.8046,0.7001
2,2025-03-20,45,46,7:40,567.0397067901216,567.0397067901216,346.67062499999986,346.67062499999986,0.0,22.90645833333343,0.0,0.0,5664.85410666667,0.7001,0.8467
2,2025-03-20,46,47,7:50,0.0,0.0,567.0397067901216,567.0397067901216,286.3495067901216,0.0,0.0,0.0,5922.5686627777795,0.8467,1.1788
2,2025-03-20,47,48,8:00,0.0,0.0,0.0,0.0,0.0,334.5780666666667,0.0,0.0,5550.815255370372,1.1788,1.2356
2,2025-03-20,48,49,8:10,0.0,0.0,0.0,0.0,0.0,488.1795833333334,0.0,0.0,5008.393496111113,1.2356,1.1876
2,2025-03-20,49,50,8:20,0.0,0.0,0.0,0.0,0.0,482.8038499999999,0.0,0.0,4471.94477388889,1.1876,1.1569
2,2025-03-20,50,51,8:30,0.0,0.0,0.0,0.0,0.0,438.3713999999999,0.0,0.0,3984.865440555557,1.1569,1.0869
2,2025-03-20,51,52,8:40,0.0,0.0,0.0,0.0,0.0,411.15750000000014,0.0,0.0,3528.0237738888904,1.0869,1.0527
2,2025-03-20,52,53,8:50,0.0,0.0,0.0,0.0,0.0,332.6721833333331,0.0,0.0,3158.3880146296315,1.0527,1.068
2,2025-03-20,53,54,9:00,0.0,0.0,0.0,0.0,0.0,278.00513333333333,0.0,0.0,2849.4934220370387,1.068,1.0672
2,2025-03-20,54,55,9:10,0.0,0.0,0.0,0.0,0.0,262.8204166666668,0.0,0.0,2557.4707368518534,1.0672,1.0563
2,2025-03-20,55,56,9:20,0.0,0.0,0.0,0.0,0.0,221.28376666666668,0.0,0.0,2311.5998850000014,1.0563,1.0344
2,2025-03-20,56,57,9:30,0.0,0.0,0.0,0.0,0.0,150.51836666666668,0.0,0.0,2144.3572553703716,1.0344,0.9937
2,2025-03-20,57,58,9:40,0.0,0.0,0.0,0.0,0.0,77.1854166666667,0.0,0.0,2058.5956812962977,0.9937,0.9971
2,2025-03-20,58,59,9:50,0.0,0.0,0.0,0.0,0.0,36.094750000000204,0.0,0.0,2018.4904035185198,0.9971,1.0131
2,2025-03-20,59,60,10:00,0.0,0.0,0.0,0.0,0.0,41.25734999999986,0.0,0.0,1972.64890351852,1.0131,0.948
2,2025-03-20,60,61,10:10,0.0,0.0,0.0,0.0,0.0,45.20708333333323,0.0,0.0,1922.4188109259276,0.948,0.9058
2,2025-03-20,61,62,10:20,0.0,0.0,0.0,0.0,16.208750000000006,0.0,0.0,0.0,1937.0066859259275,0.9058,0.9279
2,2025-03-20,62,63,10:30,0.0,0.0,0.0,0.0,54.787799999999834,0.0,0.0,0.0,1986.3157059259274,0.9279,0.927
2,2025-03-20,63,64,10:40,0.0,0.0,0.0,0.0,67.57749999999987,0.0,0.0,0.0,2047.1354559259273,0.927,0.7628
2,2025-03-20,64,65,10:50,0.0,0.0,0.0,0.0,135.7130666666667,0.0,0.0,0.0,2169.2772159259275,0.7628,0.544
2,2025-03-20,65,66,11:00,0.0,0.0,0.0,0.0,183.83656666666684,0.0,0.0,0.0,2334.7301259259275,0.544,0.5346
2,2025-03-20,66,67,11:10,460.9418105967086,460.9418105967086,0.0,0.0,163.85000000000014,0.0,0.0,0.0,2482.1951259259276,0.5346,0.5872
2,2025-03-20,67,68,11:20,0.0,0.0,460.9418105967086,460.9418105967086,570.879193930042,0.0,0.0,0.0,2995.9864004629653,0.5872,0.577
2,2025-03-20,68,69,11:30,629.5576135360011,629.5576135360011,0.0,0.0,109.8411500000002,0.0,0.0,0.0,3094.8434354629653,0.577,0.5241
2,2025-03-20,69,70,11:40,721.2710583333334,721.2710583333334,629.5576135360011,629.5576135360011,789.1346968693344,0.0,0.0,0.0,3805.0646626453663,0.5241,0.5111
2,2025-03-20,70,71,11:50,711.7030916666666,711.7030916666666,721.2710583333334,721.2710583333334,833.3333333333333,0.0,0.0,68.20534166666664,4555.064662645366,0.5111,0.5158
2,2025-03-20,71,72,12:00,763.013125,763.013125,711.7030916666666,711.7030916666666,833.3333333333333,0.0,0.0,87.60487499999988,5305.064662645366,0.5158,0.4519
2,2025-03-20,72,73,12:10,697.1865166666666,697.1865166666666,763.013125,763.013125,833.3333333333333,0.0,0.0,204.70145833333322,6055.064662645366,0.4519,0.4435
2,2025-03-20,73,74,12:20,638.9870083333333,638.9870083333333,697.1865166666666,697.1865166666666,833.3333333333333,0.0,0.0,217.87450000000013,6805.064662645366,0.4435,0.4915
2,2025-03-20,74,75,12:30,649.286875,649.286875,638.9870083333333,638.9870083333333,833.3333333333333,0.0,0.0,178.21047499999986,7555.064662645366,0.4915,0.4972
2,2025-03-20,75,76,12:40,647.6691333333333,647.6691333333333,649.286875,649.286875,833.3333333333333,0.0,0.0,120.2372916666668,8305.064662645367,0.4972,0.6604
2,2025-03-20,76,77,12:50,0.0,0.0,647.6691333333333,647.6691333333333,833.3333333333333,0.0,0.0,14.16523333333339,9055.064662645367,0.6604,0.9001
2,2025-03-20,77,78,13:00,0.0,0.0,0.0,0.0,173.09823333333338,0.0,0.0,0.0,9210.853072645366,0.9001,0.9125
2,2025-03-20,78,79,13:10,0.0,0.0,0.0,0.0,195.73666666666668,0.0,0.0,0.0,9387.016072645367,0.9125,0.919
2,2025-03-20,79,80,13:20,0.0,0.0,0.0,0.0,138.07556666666665,0.0,0.0,0.0,9511.284082645367,0.919,0.9817
2,2025-03-20,80,81,13:30,0.0,0.0,0.0,0.0,90.30038333333323,0.0,0.0,0.0,9592.554427645366,0.9817,0.9361
2,2025-03-20,81,82,13:40,0.0,0.0,0.0,0.0,95.11874999999986,0.0,0.0,0.0,9678.161302645365,0.9361,0.8829
2,2025-03-20,82,83,13:50,0.0,0.0,0.0,0.0,102.19911666666667,0.0,0.0,0.0,9770.140507645365,0.8829,0.8924
2,2025-03-20,83,84,14:00,0.0,0.0,0.0,0.0,104.79273333333344,0.0,0.0,0.0,9864.453967645364,0.8924,0.9351
2,2025-03-20,84,85,14:10,0.0,0.0,0.0,0.0,86.65499999999975,0.0,0.0,0.0,9942.443467645364,0.9351,0.9817
2,2025-03-20,85,86,14:20,0.0,0.0,0.0,0.0,28.355233333333217,0.0,0.0,0.0,9967.963177645364,0.9817,1.0267
2,2025-03-20,86,87,14:30,0.0,0.0,0.0,0.0,0.0,18.553900000000112,0.0,0.0,9947.34773320092,1.0267,1.0547
2,2025-03-20,87,88,14:40,0.0,0.0,0.0,0.0,0.0,39.517083333333176,0.0,0.0,9903.43986283055,1.0547,0.9267
2,2025-03-20,88,89,14:50,0.0,0.0,0.0,0.0,0.0,70.29328333333319,0.0,0.0,9825.336214682402,0.9267,0.7137
2,2025-03-20,89,90,15:00,427.3610864197532,427.3610864197532,0.0,0.0,0.0,126.35851666666656,0.0,0.0,9684.93786283055,0.7137,0.6525
2,2025-03-20,90,91,15:10,1019.6160166666668,1019.6160166666668,427.3610864197532,427.3610864197532,246.71691975308647,0.0,0.0,0.0,9906.983090608328,0.6525,0.6799
2,2025-03-20,91,92,15:20,359.7027416666667,359.7027416666667,1019.6160166666668,1019.6160166666668,822.2974500000001,0.0,0.0,0.0,10647.050795608327,0.6799,0.7301
2,2025-03-20,92,93,15:30,366.30270833333344,366.30270833333344,359.7027416666667,359.7027416666667,110.89597500000012,0.0,0.0,0.0,10746.857173108328,0.7301,0.805
2,2025-03-20,93,94,15:40,420.8416083333333,420.8416083333333,366.30270833333344,366.30270833333344,26.160208333333415,0.0,0.0,0.0,10770.401360608328,0.805,0.8788
2,2025-03-20,94,95,15:50,413.0844583333334,413.0844583333334,420.8416083333333,420.8416083333333,18.05934166666666,0.0,0.0,0.0,10786.654768108328,0.8788,0.9089
2,2025-03-20,95,96,16:00,443.3741655792235,443.3741655792235,413.0844583333334,413.0844583333334,0.0,39.36799166666653,0.0,0.0,10742.912555145365,0.9089,0.8767
2,2025-03-20,96,97,16:10,487.50532499999997,487.50532499999997,443.3741655792235,443.3741655792235,0.0,63.95000108744331,0.0,0.0,10671.85699838154,0.8767,0.8888
2,2025-03-20,97,98,16:20,578.8090583333334,578.8090583333334,487.50532499999997,487.50532499999997,0.0,74.75622500000023,0.0,0.0,10588.794526159318,0.8888,0.9441
2,2025-03-20,98,99,16:30,636.2764583333333,636.2764583333333,578.8090583333334,578.8090583333334,0.0,20.258158333333256,0.0,0.0,10566.285461344503,0.9441,0.946
2,2025-03-20,99,100,16:40,681.74845,681.74845,636.2764583333333,636.2764583333333,5.52020833333334,0.0,0.0,0.0,10571.253648844504,0.946,0.9677
2,2025-03-20,100,101,16:50,732.4476999999999,732.4476999999999,681.74845,681.74845,0.0,6.987099999999884,0.0,0.0,10563.49020440006,0.9677,1.0139
2,2025-03-20,101,102,17:00,769.6416666666667,769.6416666666667,732.4476999999999,732.4476999999999,0.0,10.276583333333122,0.0,0.0,10552.071778474134,1.0139,1.0152
2,2025-03-20,102,103,17:10,833.407758333333,833.407758333333,769.6416666666667,769.6416666666667,0.0,17.771249999999938,0.0,0.0,10532.325945140801,1.0152,1.0487
2,2025-03-20,103,104,17:20,850.1323416666664,850.1323416666664,833.407758333333,833.407758333333,0.0,9.824691666667029,0.0,0.0,10521.409621066727,1.0487,1.0879
2,2025-03-20,104,105,17:30,931.3932930041124,931.3932930041124,850.1323416666664,850.1323416666664,0.0,23.722841666666888,0.0,0.0,10495.050908103764,1.0879,1.0391
2,2025-03-20,105,106,17:40,1018.0481249999999,1018.0481249999999,931.3932930041124,931.3932930041124,26.669543004112352,0.0,0.0,0.0,10519.053496807464,1.0391,1.0932
2,2025-03-20,106,107,17:50,928.3736166666666,928.3736166666666,1018.0481249999999,1018.0481249999999,44.957374999999914,0.0,0.0,0.0,10559.515134307465,1.0932,1.2488
2,2025-03-20,107,108,18:00,668.6583333333333,668.6583333333333,928.3736166666666,928.3736166666666,55.37043333333322,0.0,0.0,0.0,10609.348524307465,1.2488,1.2993
2,2025-03-20,108,109,18:10,0.0,0.0,668.6583333333333,668.6583333333333,0.0,13.69499999999995,0.0,0.0,10594.131857640798,1.2993,1.2761
2,2025-03-20,109,110,18:20,713.2767083333333,713.2767083333333,0.0,0.0,0.0,697.9972833333333,0.0,0.0,9818.57932060376,1.2761,1.2567
2,2025-03-20,110,111,18:30,0.0,0.0,713.2767083333333,713.2767083333333,0.0,26.031508333333235,0.0,0.0,9789.655422455611,1.2567,1.2773
2,2025-03-20,111,112,18:40,0.0,0.0,0.0,0.0,0.0,709.2416666666666,0.0,0.0,9001.609126159316,1.2773,1.2813
2,2025-03-20,112,113,18:50,0.0,0.0,0.0,0.0,0.0,714.4228166666667,0.0,0.0,8207.805996529685,1.2813,1.2693
2,2025-03-20,113,114,19:00,0.0,0.0,0.0,0.0,0.0,744.9743333333333,0.0,0.0,7380.056737270426,1.2693,1.2899
2,2025-03-20,114,115,19:10,0.0,0.0,0.0,0.0,0.0,763.2066666666666,0.0,0.0,6532.049329863019,1.2899,1.2669
2,2025-03-20,115,116,19:20,485.3831572500007,485.3831572500007,0.0,0.0,0.0,746.7180333333333,0.0,0.0,5702.362626159315,1.2669,1.2323
2,2025-03-20,116,117,19:30,0.0,0.0,485.3831572500007,485.3831572500007,0.0,228.87234274999926,0.0,0.0,5448.060023103761,1.2323,1.2902
2,2025-03-20,117,118,19:40,0.0,0.0,0.0,0.0,0.0,699.4633333333333,0.0,0.0,4670.878541622279,1.2902,1.2824
2,2025-03-20,118,119,19:50,667.2660333333333,667.2660333333333,0.0,0.0,0.0,721.8114,0.0,0.0,3868.8658749556125,1.2824,1.2233
2,2025-03-20,119,120,20:00,673.31,673.31,667.2660333333333,667.2660333333333,0.0,61.22496666666657,0.0,0.0,3800.838134214872,1.2233,1.2789
2,2025-03-20,120,121,20:10,0.0,0.0,673.31,673.31,0.0,53.05833333333342,0.0,0.0,3741.884430511168,1.2789,1.2779
2,2025-03-20,121,122,20:20,697.2484083333334,697.2484083333334,0.0,0.0,0.0,764.3365166666667,0.0,0.0,2892.621634214872,1.2779,1.2388
2,2025-03-20,122,123,20:30,0.0,0.0,697.2484083333334,697.2484083333334,0.0,56.69540833333328,0.0,0.0,2829.626736066724,1.2388,1.3228
2,2025-03-20,123,124,20:40,0.0,0.0,0.0,0.0,0.0,702.5616666666666,0.0,0.0,2049.00266199265,1.3228,1.1769
2,2025-03-20,124,125,20:50,762.4110916666666,762.4110916666666,0.0,0.0,0.0,709.3744833333333,0.0,0.0,1260.8087916222794,1.1769,0.8862
2,2025-03-20,125,126,21:00,755.1691666666666,755.1691666666666,762.4110916666666,762.4110916666666,42.57510833333326,0.0,0.0,0.0,1299.1263891222793,0.8862,0.917
2,2025-03-20,126,127,21:10,749.5725833333332,749.5725833333332,755.1691666666666,755.1691666666666,45.62749999999991,0.0,0.0,0.0,1340.1911391222793,0.917,0.9999
2,2025-03-20,127,128,21:20,723.1185833333333,723.1185833333333,749.5725833333332,749.5725833333332,34.52789999999994,0.0,0.0,0.0,1371.2662491222793,0.9999,0.9964
2,2025-03-20,128,129,21:30,728.4941666666666,728.4941666666666,723.1185833333333,723.1185833333333,0.0,13.332016666666568,0.0,0.0,1356.4528972704275,0.9964,1.0003
2,2025-03-20,129,130,21:40,694.4988290833335,694.4988290833335,728.4941666666666,728.4941666666666,0.0,30.439166666666736,0.0,0.0,1322.631600974131,1.0003,0.7708
2,2025-03-20,130,131,21:50,632.3889666666666,632.3889666666666,694.4988290833335,694.4988290833335,0.0,59.876637583333164,0.0,0.0,1256.1020036593163,0.7708,0.419
2,2025-03-20,131,132,22:00,561.8908333333333,561.8908333333333,632.3889666666666,632.3889666666666,0.0,34.548566666666574,0.0,0.0,1217.7147073630201,0.419,0.3484
2,2025-03-20,132,133,22:10,734.3294588477365,734.3294588477365,561.8908333333333,561.8908333333333,8.734166666666656,0.0,0.0,0.0,1225.5754573630202,0.3484,0.3833
2,2025-03-20,133,134,22:20,568.7492249999999,568.7492249999999,734.3294588477365,734.3294588477365,195.4279921810698,0.0,0.0,0.0,1401.460650325983,0.3833,0.3903
2,2025-03-20,134,135,22:30,561.6049999999999,561.6049999999999,568.7492249999999,568.7492249999999,15.420724999999916,0.0,0.0,0.0,1415.3393028259827,0.3903,0.4126
2,2025-03-20,135,136,22:40,562.1111333333333,562.1111333333333,561.6049999999999,561.6049999999999,18.964999999999893,0.0,0.0,0.0,1432.4078028259826,0.4126,0.4343
2,2025-03-20,136,137,22:50,562.0669250000001,562.0669250000001,562.1111333333333,562.1111333333333,38.089033333333404,0.0,0.0,0.0,1466.6879328259827,0.4343,0.4428
2,2025-03-20,137,138,23:00,560.0658333333332,560.0658333333332,562.0669250000001,562.0669250000001,35.0973583333334,0.0,0.0,0.0,1498.2755553259826,0.4428,0.4397
2,2025-03-20,138,139,23:10,571.0954166666667,571.0954166666667,560.0658333333332,560.0658333333332,10.665833333333207,0.0,0.0,0.0,1507.8748053259826,0.4397,0.4049
2,2025-03-20,139,140,23:20,563.9552,563.9552,571.0954166666667,571.0954166666667,11.694066666666703,0.0,0.0,0.0,1518.3994653259826,0.4049,0.3814
2,2025-03-20,140,141,23:30,554.625,554.625,563.9552,563.9552,20.327266666666624,0.0,0.0,0.0,1536.6940053259825,0.3814,0.4248
2,2025-03-20,141,142,23:40,549.8662916666667,549.8662916666667,554.625,554.625,10.003333333333355,0.0,0.0,0.0,1545.6970053259824,0.4248,0.3795
2,2025-03-20,142,143,23:50,499.0375333333333,499.0375333333333,549.8662916666667,549.8662916666667,0.0,50.813041666666535,0.0,0.0,1489.2380701407974,0.3795,0.2794
2,2025-03-20,143,0,24:00,404.3258333333333,404.3258333333333,499.0375333333333,499.0375333333333,0.0,41.940650000000005,0.0,0.0,1442.6373479185752,0.2794,0.4487
2,2025-06-21,0,1,0:10,571.3428854166668,571.3428854166668,559.703125,559.703125,21.21145833333344,0.0,0.0,0.0,4766.974248870244,0.3564,0.3917
2,2025-06-21,1,2,0:20,578.3495083333332,578.3495083333332,571.3428854166668,571.3428854166668,56.678918750000264,0.0,0.0,0.0,4817.9852757452445,0.3908,0.4598
2,2025-06-21,2,3,0:30,567.2791666666665,567.2791666666665,578.3495083333332,578.3495083333332,45.000858333333326,0.0,0.0,0.0,4858.486048245244,0.4598,0.409
2,2025-06-21,3,4,0:40,600.53873125,600.53873125,567.2791666666665,567.2791666666665,0.3691666666665583,0.0,0.0,0.0,4858.818298245244,0.409,0.3618
2,2025-06-21,4,5,0:50,613.6192520833332,613.6192520833332,600.53873125,600.53873125,89.95104791666661,0.0,0.0,0.0,4939.7742413702435,0.3618,0.3786
2,2025-06-21,5,6,1:00,578.5972916666665,578.5972916666665,613.6192520833332,613.6192520833332,143.57638541666654,0.0,0.0,0.0,5068.992988245243,0.3786,0.3988
2,2025-06-21,6,7,1:10,590.09499375,590.09499375,578.5972916666665,578.5972916666665,98.03395833333312,0.0,0.0,0.0,5157.223550745243,0.3988,0.4164
2,2025-06-21,7,8,1:20,579.1055333333334,579.1055333333334,590.09499375,590.09499375,111.7650604166666,0.0,0.0,0.0,5257.812105120243,0.4164,0.4254
2,2025-06-21,8,9,1:30,546.17,546.17,579.1055333333334,579.1055333333334,81.46741666666672,0.0,0.0,0.0,5331.132780120243,0.4254,0.4165
2,2025-06-21,9,10,1:40,544.4576229166667,544.4576229166667,546.17,546.17,18.80666666666668,0.0,0.0,0.0,5348.058780120244,0.4165,0.4295
2,2025-06-21,10,11,1:50,531.4291437499999,531.4291437499999,544.4576229166667,544.4576229166667,33.650006250000004,0.0,0.0,0.0,5378.343785745244,0.4295,0.4451
2,2025-06-21,11,12,2:00,502.4634327674833,502.4634327674833,531.4291437499999,531.4291437499999,39.08816041666655,0.0,0.0,0.0,5413.523130120244,0.4451,0.405
2,2025-06-21,12,13,2:10,537.1862437499999,537.1862437499999,502.4634327674833,502.4634327674833,3.36009943414998,0.0,0.0,0.0,5416.547219610979,0.405,0.3784
2,2025-06-21,13,14,2:20,538.9477020833333,538.9477020833333,537.1862437499999,537.1862437499999,25.119343749999885,0.0,0.0,0.0,5439.154628985979,0.3784,0.3917
2,2025-06-21,14,15,2:30,505.6083333333333,505.6083333333333,538.9477020833333,538.9477020833333,36.76411874999998,0.0,0.0,0.0,5472.2423358609785,0.3917,0.3964
2,2025-06-21,15,16,2:40,583.4251958333333,583.4251958333333,505.6083333333333,505.6083333333333,32.483333333333306,0.0,0.0,0.0,5501.477335860978,0.3964,0.3495
2,2025-06-21,16,17,2:50,541.5975166666666,541.5975166666666,583.4251958333333,583.4251958333333,125.10521249999994,0.0,0.0,0.0,5614.0720271109785,0.3495,0.3048
2,2025-06-21,17,18,3:00,532.88875,532.88875,541.5975166666666,541.5975166666666,71.50006666666665,0.0,0.0,0.0,5678.422087110978,0.3048,0.3585
2,2025-06-21,18,19,3:10,482.0758104166665,482.0758104166665,532.88875,532.88875,43.51541666666668,0.0,0.0,0.0,5717.5859621109785,0.3585,0.4058
2,2025-06-21,19,20,3:20,509.7925499999999,509.7925499999999,482.0758104166665,482.0758104166665,0.0,4.622222916666841,0.0,0.0,5712.450158870238,0.4058,0.4053
2,2025-06-21,20,21,3:30,562.0449999999998,562.0449999999998,509.7925499999999,509.7925499999999,17.953749999999896,0.0,0.0,0.0,5728.608533870238,0.4053,0.4087
2,2025-06-21,21,22,3:40,538.4048979166665,538.4048979166665,562.0449999999998,562.0449999999998,65.79333333333321,0.0,0.0,0.0,5787.822533870238,0.4087,0.3866
2,2025-06-21,22,23,3:50,561.9013770833332,561.9013770833332,538.4048979166665,538.4048979166665,75.02459791666658,0.0,0.0,0.0,5855.344671995238,0.3866,0.3566
2,2025-06-21,23,24,4:00,621.4618750000001,621.4618750000001,561.9013770833332,561.9013770833332,107.1837270833332,0.0,0.0,0.0,5951.810026370238,0.3566,0.3708
2,2025-06-21,24,25,4:10,545.6854791666666,545.6854791666666,621.4618750000001,621.4618750000001,144.4302083333335,0.0,0.0,0.0,6081.797213870238,0.3708,0.3532
2,2025-06-21,25,26,4:20,481.04109374999985,481.04109374999985,545.6854791666666,545.6854791666666,71.40349583333321,0.0,0.0,0.0,6146.060360120238,0.3532,0.3096
2,2025-06-21,26,27,4:30,505.56895833333334,505.56895833333334,481.04109374999985,481.04109374999985,22.882593749999828,0.0,0.0,0.0,6166.654694495238,0.3096,0.3237
2,2025-06-21,27,28,4:40,545.3084333333333,545.3084333333333,505.56895833333334,505.56895833333334,59.350625000000036,0.0,0.0,0.0,6220.070256995238,0.3237,0.3321
2,2025-06-21,28,29,4:50,546.8726604166666,546.8726604166666,545.3084333333333,545.3084333333333,102.35515000000001,0.0,0.0,0.0,6312.189891995238,0.3321,0.3143
2,2025-06-21,29,30,5:00,550.9833333333333,550.9833333333333,546.8726604166666,546.8726604166666,96.48591041666666,0.0,0.0,0.0,6399.027211370239,0.3143,0.3191
2,2025-06-21,30,31,5:10,1288.5093104166667,1288.5093104166667,550.9833333333333,550.9833333333333,96.80916666666668,0.0,0.0,0.0,6486.155461370238,0.3191,0.3488
2,2025-06-21,31,32,5:20,554.0267726287456,554.0267726287456,1288.5093104166667,1288.5093104166667,833.3333333333333,0.0,0.0,30.51726041666683,7236.155461370238,0.3488,0.3395
2,2025-06-21,32,33,5:30,1213.6613541666666,1213.6613541666666,554.0267726287456,554.0267726287456,163.54332262874553,0.0,0.0,0.0,7383.3444517361095,0.3395,0.2621
2,2025-06-21,33,34,5:40,1172.4236395833332,1172.4236395833332,1213.6613541666666,1213.6613541666666,833.3333333333333,0.0,0.0,9.482187499999952,8133.3444517361095,0.2621,0.4169
2,2025-06-21,34,35,5:50,0.0,0.0,1172.4236395833332,1172.4236395833332,812.8456395833332,0.0,0.0,0.0,8864.90552736111,0.4169,0.7087
2,2025-06-21,35,36,6:00,0.0,0.0,0.0,0.0,0.0,337.0349166666666,0.0,0.0,8490.422286620369,0.7087,0.7158
2,2025-06-21,36,37,6:10,0.0,0.0,0.0,0.0,0.0,308.48999999999995,0.0,0.0,8147.655619953703,0.7158,0.6144
2,2025-06-21,37,38,6:20,0.0,0.0,0.0,0.0,0.0,291.9625,0.0,0.0,7823.252842175925,0.6144,0.5732
2,2025-06-21,38,39,6:30,0.0,0.0,0.0,0.0,0.0,246.47136666666668,0.0,0.0,7549.395768101851,0.5732,0.586
2,2025-06-21,39,40,6:40,0.0,0.0,0.0,0.0,0.0,166.35125,0.0,0.0,7364.561045879629,0.586,0.6004
2,2025-06-21,40,41,6:50,0.0,0.0,0.0,0.0,0.0,97.38518333333332,0.0,0.0,7256.35528662037,0.6004,0.5991
2,2025-06-21,41,42,7:00,0.0,0.0,0.0,0.0,0.0,86.21210000000008,0.0,0.0,7160.564064398148,0.5991,0.598
2,2025-06-21,42,43,7:10,0.0,0.0,0.0,0.0,0.0,100.83666666666659,0.0,0.0,7048.523323657407,0.598,0.5678
2,2025-06-21,43,44,7:20,0.0,0.0,0.0,0.0,0.0,63.282299999999964,0.0,0.0,6978.20965699074,0.5678,0.5032
2,2025-06-21,44,45,7:30,0.0,0.0,0.0,0.0,0.0,21.927683333333334,0.0,0.0,6953.845564398147,0.5032,0.4634
2,2025-06-21,45,46,7:40,0.0,0.0,0.0,0.0,8.33958333333328,0.0,0.0,0.0,6961.351189398147,0.4634,0.6087
2,2025-06-21,46,47,7:50,0.0,0.0,0.0,0.0,62.9667833333333,0.0,0.0,0.0,7018.021294398147,0.6087,0.8359
2,2025-06-21,47,48,8:00,0.0,0.0,0.0,0.0,116.30371666666667,0.0,0.0,0.0,7122.694639398147,0.8359,0.8537
2,2025-06-21,48,49,8:10,0.0,0.0,0.0,0.0,156.84416666666664,0.0,0.0,0.0,7263.854389398147,0.8537,0.7708
2,2025-06-21,49,50,8:20,0.0,0.0,0.0,0.0,195.4521166666667,0.0,0.0,0.0,7439.761294398147,0.7708,0.7264
2,2025-06-21,50,51,8:30,0.0,0.0,0.0,0.0,213.46854999999994,0.0,0.0,0.0,7631.8829893981465,0.7264,0.7632
2,2025-06-21,51,52,8:40,0.0,0.0,0.0,0.0,220.18499999999995,0.0,0.0,0.0,7830.049489398147,0.7632,0.8305
2,2025-06-21,52,53,8:50,0.0,0.0,0.0,0.0,241.48293333333334,0.0,0.0,0.0,8047.384129398147,0.8305,0.8764
2,2025-06-21,53,54,9:00,0.0,0.0,0.0,0.0,229.76293333333342,0.0,0.0,0.0,8254.170769398146,0.8764,0.8731
2,2025-06-21,54,55,9:10,0.0,0.0,0.0,0.0,182.57583333333332,0.0,0.0,0.0,8418.489019398146,0.8731,0.8073
2,2025-06-21,55,56,9:20,0.0,0.0,0.0,0.0,160.17538333333334,0.0,0.0,0.0,8562.646864398146,0.8073,0.7234
2,2025-06-21,56,57,9:30,0.0,0.0,0.0,0.0,214.96996666666678,0.0,0.0,0.0,8756.119834398147,0.7234,0.6977
2,2025-06-21,57,58,9:40,0.0,0.0,0.0,0.0,328.2854166666667,0.0,0.0,0.0,9051.576709398147,0.6977,0.7164
2,2025-06-21,58,59,9:50,0.0,0.0,0.0,0.0,421.11823333333336,0.0,0.0,0.0,9430.583119398147,0.7164,0.7212
2,2025-06-21,59,60,10:00,0.0,0.0,0.0,0.0,449.5261833333334,0.0,0.0,0.0,9835.156684398147,0.7212,0.6702
2,2025-06-21,60,61,10:10,0.0,0.0,0.0,0.0,440.56624999999997,0.0,0.0,0.0,10231.666309398148,0.6702,0.6649
2,2025-06-21,61,62,10:20,0.0,0.0,0.0,0.0,460.63086666666663,0.0,0.0,0.0,10646.234089398147,0.6649,0.7152
2,2025-06-21,62,63,10:30,0.0,0.0,0.0,0.0,170.85101177983637,0.0,0.0,318.1661215534969,10800.0,0.7152,0.7053
2,2025-06-21,63,64,10:40,0.0,0.0,0.0,0.0,0.0,0.0,0.0,516.5129166666667,10800.0,0.7053,0.5367
2,2025-06-21,64,65,10:50,0.0,0.0,0.0,0.0,0.0,0.0,0.0,561.1812333333335,10800.0,0.5367,0.3314
2,2025-06-21,65,66,11:00,0.0,0.0,0.0,0.0,0.0,0.0,0.0,612.9263166666666,10800.0,0.3314,0.3161
2,2025-06-21,66,67,11:10,0.0,0.0,0.0,0.0,0.0,0.0,0.0,620.1483333333333,10800.0,0.3161,0.2901
2,2025-06-21,67,68,11:20,0.0,0.0,0.0,0.0,0.0,0.0,0.0,560.1608333333334,10800.0,0.2901,0.2072
2,2025-06-21,68,69,11:30,0.0,0.0,0.0,0.0,0.0,0.0,0.0,647.0425166666666,10800.0,0.2072,0.2258
2,2025-06-21,69,70,11:40,0.0,0.0,0.0,0.0,0.0,0.0,0.0,807.4108333333332,10800.0,0.2258,0.2711
2,2025-06-21,70,71,11:50,0.0,0.0,0.0,0.0,0.0,0.0,0.0,745.92895,10800.0,0.2711,0.2744
2,2025-06-21,71,72,12:00,0.0,0.0,0.0,0.0,0.0,0.0,0.0,658.8928833333334,10800.0,0.2744,0.2473
2,2025-06-21,72,73,12:10,0.0,0.0,0.0,0.0,0.0,0.0,0.0,672.33875,10800.0,0.2473,0.2497
2,2025-06-21,73,74,12:20,0.0,0.0,0.0,0.0,0.0,0.0,0.0,718.1202666666666,10800.0,0.2497,0.2484
2,2025-06-21,74,75,12:30,0.0,0.0,0.0,0.0,0.0,0.0,0.0,741.4567166666668,10800.0,0.2484,0.1828
2,2025-06-21,75,76,12:40,0.0,0.0,0.0,0.0,0.0,0.0,0.0,742.40875,10800.0,0.1828,0.2868
2,2025-06-21,76,77,12:50,0.0,0.0,0.0,0.0,0.0,0.0,0.0,757.6472166666668,10800.0,0.2868,0.5464
2,2025-06-21,77,78,13:00,0.0,0.0,0.0,0.0,0.0,0.0,0.0,771.6880166666667,10800.0,0.5464,0.681
2,2025-06-21,78,79,13:10,0.0,0.0,0.0,0.0,0.0,0.0,0.0,726.9316666666666,10800.0,0.681,0.6383
2,2025-06-21,79,80,13:20,0.0,0.0,0.0,0.0,0.0,0.0,0.0,597.1579833333333,10800.0,0.6383,0.5716
2,2025-06-21,80,81,13:30,0.0,0.0,0.0,0.0,0.0,0.0,0.0,582.0512833333333,10800.0,0.5716,0.6829
2,2025-06-21,81,82,13:40,0.0,0.0,0.0,0.0,0.0,0.0,0.0,625.2662499999999,10800.0,0.6829,0.797
2,2025-06-21,82,83,13:50,0.0,0.0,0.0,0.0,0.0,0.0,0.0,477.5871333333332,10800.0,0.797,0.8133
2,2025-06-21,83,84,14:00,0.0,0.0,0.0,0.0,0.0,0.0,0.0,358.2528000000001,10800.0,0.8133,0.7993
2,2025-06-21,84,85,14:10,0.0,0.0,0.0,0.0,0.0,0.0,0.0,349.0583333333333,10800.0,0.7993,0.8114
2,2025-06-21,85,86,14:20,0.0,0.0,0.0,0.0,0.0,0.0,0.0,315.65121666666664,10800.0,0.8114,0.8574
2,2025-06-21,86,87,14:30,0.0,0.0,0.0,0.0,0.0,0.0,0.0,288.67764999999997,10800.0,0.8574,0.8672
2,2025-06-21,87,88,14:40,0.0,0.0,0.0,0.0,0.0,0.0,0.0,288.4579166666666,10800.0,0.8672,0.6527
2,2025-06-21,88,89,14:50,0.0,0.0,0.0,0.0,0.0,0.0,0.0,289.5348999999999,10800.0,0.6527,0.3818
2,2025-06-21,89,90,15:00,131.73932291666665,131.73932291666665,0.0,0.0,0.0,0.0,0.0,299.46608333333336,10800.0,0.3818,0.4347
2,2025-06-21,90,91,15:10,172.2242470205922,172.2242470205922,131.73932291666665,131.73932291666665,0.0,0.0,0.0,431.8697395833333,10800.0,0.4347,0.5156
2,2025-06-21,91,92,15:20,180.95170624999997,180.95170624999997,172.2242470205922,172.2242470205922,0.0,0.0,0.0,429.044313687259,10800.0,0.5156,0.4952
2,2025-06-21,92,93,15:30,136.47588541666667,136.47588541666667,180.95170624999997,180.95170624999997,0.0,0.0,0.0,385.73987291666657,10800.0,0.4952,0.5311
2,2025-06-21,93,94,15:40,227.29116666666673,227.29116666666673,136.47588541666667,136.47588541666667,0.0,0.0,0.0,292.40921875000004,10800.0,0.5311,0.5692
2,2025-06-21,94,95,15:50,285.62655625,285.62655625,227.29116666666673,227.29116666666673,0.0,0.0,0.0,317.94745,10800.0,0.5692,0.5723
2,2025-06-21,95,96,16:00,301.1592708333335,301.1592708333335,285.62655625,285.62655625,0.0,0.0,0.0,312.95553958333335,10800.0,0.5723,0.5744
2,2025-06-21,96,97,16:10,350.6683291666665,350.6683291666665,301.1592708333335,301.1592708333335,0.0,0.0,0.0,274.1542708333335,10800.0,0.5744,0.599
2,2025-06-21,97,98,16:20,378.0652583333332,378.0652583333332,350.6683291666665,350.6683291666665,0.0,0.0,0.0,272.0967791666665,10800.0,0.599,0.6284
2,2025-06-21,98,99,16:30,407.6944791666667,407.6944791666667,378.0652583333332,378.0652583333332,0.0,0.0,0.0,274.8609583333332,10800.0,0.6284,0.6239
2,2025-06-21,99,100,16:40,452.4098333333334,452.4098333333334,407.6944791666667,407.6944791666667,0.0,0.0,0.0,301.7869791666667,10800.0,0.6239,0.6144
2,2025-06-21,100,101,16:50,428.3572604166666,428.3572604166666,452.4098333333334,452.4098333333334,0.0,0.0,0.0,336.98580000000004,10800.0,0.6144,0.6289
2,2025-06-21,101,102,17:00,386.22671875000003,386.22671875000003,428.3572604166666,428.3572604166666,0.0,0.0,0.0,318.73757708333335,10800.0,0.6289,0.6705
2,2025-06-21,102,103,17:10,450.76716458333317,450.76716458333317,386.22671875000003,386.22671875000003,0.0,0.0,0.0,283.4454687500001,10800.0,0.6705,0.7075
2,2025-06-21,103,104,17:20,483.66618541666674,483.66618541666674,450.76716458333317,450.76716458333317,0.0,0.0,0.0,308.13973124999984,10800.0,0.7075,0.7038
2,2025-06-21,104,105,17:30,515.3564062500002,515.3564062500002,483.66618541666674,483.66618541666674,0.0,0.0,0.0,270.8711854166668,10800.0,0.7038,0.6796
2,2025-06-21,105,106,17:40,530.21266875,530.21266875,515.3564062500002,515.3564062500002,0.0,0.0,0.0,226.38848958333358,10800.0,0.6796,0.8445
2,2025-06-21,106,107,17:50,508.61435624999984,508.61435624999984,530.21266875,530.21266875,0.0,0.0,0.0,176.74250208333342,10800.0,0.8445,1.1012
2,2025-06-21,107,108,18:00,466.31182291666664,466.31182291666664,508.61435624999984,508.61435624999984,0.0,0.0,0.0,126.29343958333322,10800.0,1.1012,1.1314
2,2025-06-21,108,109,18:10,477.16168749999986,477.16168749999986,466.31182291666664,466.31182291666664,0.0,0.0,0.0,80.41015624999994,10800.0,1.1314,1.1374
2,2025-06-21,109,110,18:20,515.7449791666666,515.7449791666666,477.16168749999986,477.16168749999986,0.0,0.0,0.0,74.80265416666658,10800.0,1.1374,1.1803
2,2025-06-21,110,111,18:30,549.8371354166666,549.8371354166666,515.7449791666666,515.7449791666666,0.0,0.0,0.0,79.12022916666655,10800.0,1.1803,1.1266
2,2025-06-21,111,112,18:40,566.37029375,566.37029375,549.8371354166666,549.8371354166666,0.0,0.0,0.0,68.15546874999995,10800.0,1.1266,1.153
2,2025-06-21,112,113,18:50,0.0,0.0,566.37029375,566.37029375,0.0,0.0,0.0,36.24112708333331,10800.0,1.153,1.2618
2,2025-06-21,113,114,19:00,0.0,0.0,0.0,0.0,0.0,585.4546833333334,0.0,0.0,10149.494796296296,1.2618,1.2633
2,2025-06-21,114,115,19:10,0.0,0.0,0.0,0.0,0.0,640.8262499999998,0.0,0.0,9437.465629629629,1.2633,1.2161
2,2025-06-21,115,116,19:20,0.0,0.0,0.0,0.0,0.0,667.4907,0.0,0.0,8695.809296296296,1.2161,1.1876
2,2025-06-21,116,117,19:30,0.0,0.0,0.0,0.0,0.0,617.2469166666666,0.0,0.0,8009.979388888889,1.1876,1.1812
2,2025-06-21,117,118,19:40,521.9743698508213,521.9743698508213,0.0,0.0,0.0,548.9133333333333,0.0,0.0,7400.075685185186,1.1812,1.1704
2,2025-06-21,118,119,19:50,0.0,0.0,521.9743698508213,521.9743698508213,0.0,60.11319681584524,0.0,0.0,7333.283244278691,1.1704,1.1558
2,2025-06-21,119,120,20:00,0.0,0.0,0.0,0.0,0.0,581.73875,0.0,0.0,6686.906855389802,1.1558,1.1611
2,2025-06-21,120,121,20:10,0.0,0.0,0.0,0.0,0.0,531.6033333333332,0.0,0.0,6096.236485019432,1.1611,1.1692
2,2025-06-21,121,122,20:20,0.0,0.0,0.0,0.0,0.0,558.0394333333334,0.0,0.0,5476.192670204617,1.1692,1.198
2,2025-06-21,122,123,20:30,0.0,0.0,0.0,0.0,0.0,620.8647333333333,0.0,0.0,4786.3429665009135,1.198,1.2507
2,2025-06-21,123,124,20:40,0.0,0.0,0.0,0.0,0.0,660.0216666666666,0.0,0.0,4052.9855590935063,1.2507,1.1066
2,2025-06-21,124,125,20:50,723.3390770833332,723.3390770833332,0.0,0.0,0.0,646.97075,0.0,0.0,3334.1291702046174,1.1066,0.857
2,2025-06-21,125,126,21:00,701.6227083333333,701.6227083333333,723.3390770833332,723.3390770833332,137.72712708333322,0.0,0.0,0.0,3458.0835845796173,0.857,0.8345
2,2025-06-21,126,127,21:10,688.3243875000001,688.3243875000001,701.6227083333333,701.6227083333333,174.90270833333332,0.0,0.0,0.0,3615.4960220796174,0.8345,0.871
2,2025-06-21,127,128,21:20,700.4783937499999,700.4783937499999,688.3243875000001,688.3243875000001,152.53928750000009,0.0,0.0,0.0,3752.7813808296173,0.871,0.8848
2,2025-06-21,128,129,21:30,685.1392229791666,685.1392229791666,700.4783937499999,700.4783937499999,118.96124375000004,0.0,0.0,0.0,3859.8465002046173,0.8848,0.9243
2,2025-06-21,129,130,21:40,667.9544583333334,667.9544583333334,685.1392229791666,685.1392229791666,66.22422297916664,0.0,0.0,0.0,3919.4483008858674,0.9243,0.7155
2,2025-06-21,130,131,21:50,655.3394354166668,655.3394354166668,667.9544583333334,667.9544583333334,48.71317500000005,0.0,0.0,0.0,3963.2901583858675,0.7155,0.3942
2,2025-06-21,131,132,22:00,623.0324296193857,623.0324296193857,655.3394354166668,655.3394354166668,78.55996875000014,0.0,0.0,0.0,4033.9941302608677,0.3942,0.4048
2,2025-06-21,132,133,22:10,735.0172582664164,735.0172582664164,623.0324296193857,623.0324296193857,94.75242961938567,0.0,0.0,0.0,4119.271316918314,0.4048,0.4701
2,2025-06-21,133,134,22:20,548.9427854166665,548.9427854166665,735.0172582664164,735.0172582664164,208.14352493308314,0.0,0.0,0.0,4306.600489358089,0.4701,0.4227
2,2025-06-21,134,135,22:30,561.1166666666666,561.1166666666666,548.9427854166665,548.9427854166665,4.201702083333162,0.0,0.0,0.0,4310.382021233089,0.4227,0.374
2,2025-06-21,135,136,22:40,609.9201770833333,609.9201770833333,561.1166666666666,561.1166666666666,8.251666666666534,0.0,0.0,0.0,4317.808521233089,0.374,0.3646
2,2025-06-21,136,137,22:50,619.7652589083693,619.7652589083693,609.9201770833333,609.9201770833333,63.0803270833334,0.0,0.0,0.0,4374.580815608089,0.3646,0.3809
2,2025-06-21,137,138,23:00,594.3558333333334,594.3558333333334,619.7652589083693,619.7652589083693,77.97235890836937,0.0,0.0,0.0,4444.755938625622,0.3809,0.3872
2,2025-06-21,138,139,23:10,586.2291958333334,586.2291958333334,594.3558333333334,594.3558333333334,62.62416666666684,0.0,0.0,0.0,4501.117688625622,0.3872,0.3936
2,2025-06-21,139,140,23:20,566.7559229166667,566.7559229166667,586.2291958333334,586.2291958333334,86.40647916666673,0.0,0.0,0.0,4578.8835198756215,0.3936,0.3844
2,2025-06-21,140,141,23:30,594.53875,594.53875,566.7559229166667,566.7559229166667,79.92687291666672,0.0,0.0,0.0,4650.817705500622,0.3844,0.3399
2,2025-06-21,141,142,23:40,580.5053729166665,580.5053729166665,594.53875,594.53875,96.3220833333333,0.0,0.0,0.0,4737.507580500622,0.3399,0.3684
2,2025-06-21,142,143,23:50,642.9633354166666,642.9633354166666,580.5053729166665,580.5053729166665,76.41020624999987,0.0,0.0,0.0,4806.276766125622,0.3684,0.4712
2,2025-06-21,143,0,24:00,749.7983333333333,749.7983333333333,642.9633354166666,642.9633354166666,110.74431874999995,0.0,0.0,0.0,4905.946653000622,0.4712,0.3564
2,2025-09-23,0,1,0:10,623.9818041666665,623.9818041666665,625.7732200625001,625.7732200625001,54.916553395833525,0.0,0.0,0.0,1267.3602030562502,0.4059,0.4085
2,2025-09-23,1,2,0:20,639.2440395833333,639.2440395833333,623.9818041666665,623.9818041666665,53.79747083333316,0.0,0.0,0.0,1315.77792680625,0.4324,0.4539
2,2025-09-23,2,3,0:30,1330.3916666666664,1330.3916666666664,639.2440395833333,639.2440395833333,78.92585625000005,0.0,0.0,0.0,1386.81119743125,0.4539,0.4117
2,2025-09-23,3,4,0:40,1376.89841875,1376.89841875,1330.3916666666664,1330.3916666666664,765.6249999999998,0.0,0.0,0.0,2075.8736974312496,0.4117,0.4114
2,2025-09-23,4,5,0:50,1359.4931708333334,1359.4931708333334,1376.89841875,1376.89841875,778.3895020833334,0.0,0.0,0.0,2776.4242493062497,0.4114,0.4549
2,2025-09-23,5,6,1:00,1360.4762499999997,1360.4762499999997,1359.4931708333334,1359.4931708333334,752.9825208333334,0.0,0.0,0.0,3454.10851805625,0.4549,0.4413
2,2025-09-23,6,7,1:10,537.5791041666666,537.5791041666666,1360.4762499999997,1360.4762499999997,770.7062499999997,0.0,0.0,0.0,4147.744143056249,0.4413,0.4365
2,2025-09-23,7,8,1:20,541.9617625000001,541.9617625000001,537.5791041666666,537.5791041666666,0.0,59.77424583333335,0.0,0.0,4081.3283143525455,0.4365,0.4529
2,2025-09-23,8,9,1:30,558.4985416666666,558.4985416666666,541.9617625000001,541.9617625000001,0.0,38.00990416666651,0.0,0.0,4039.095087500694,0.4529,0.4318
2,2025-09-23,9,10,1:40,1371.0509895833331,1371.0509895833331,558.4985416666666,558.4985416666666,5.818541666666626,0.0,0.0,0.0,4044.3317750006936,0.4318,0.418
2,2025-09-23,10,11,1:50,1385.7159458333333,1385.7159458333333,1371.0509895833331,1371.0509895833331,786.9976395833332,0.0,0.0,0.0,4752.629650625693,0.418,0.4413
2,2025-09-23,11,12,2:00,1348.0408466813296,1348.0408466813296,1385.7159458333333,1385.7159458333333,783.8543291666667,0.0,0.0,0.0,5458.0985468756935,0.4413,0.4794
2,2025-09-23,12,13,2:10,1385.1309666666666,1385.1309666666666,1348.0408466813296,1348.0408466813296,757.4341800146631,0.0,0.0,0.0,6139.78930888889,0.4794,0.4675
2,2025-09-23,13,14,2:20,1367.3047708333331,1367.3047708333331,1385.1309666666666,1385.1309666666666,780.5679166666666,0.0,0.0,0.0,6842.30043388889,0.4675,0.4225
2,2025-09-23,14,15,2:30,562.1439583333334,562.1439583333334,1367.3047708333331,1367.3047708333331,759.5052208333332,0.0,0.0,0.0,7525.855132638891,0.4225,0.4268
2,2025-09-23,15,16,2:40,601.1347916666666,601.1347916666666,562.1439583333334,562.1439583333334,0.0,32.84270833333325,0.0,0.0,7489.363234490743,0.4268,0.4588
2,2025-09-23,16,17,2:50,599.8779104166666,599.8779104166666,601.1347916666666,601.1347916666666,2.622391666666701,0.0,0.0,0.0,7491.723386990743,0.4588,0.4777
2,2025-09-23,17,18,3:00,575.006875,575.006875,599.8779104166666,599.8779104166666,12.59814375000002,0.0,0.0,0.0,7503.061716365743,0.4777,0.4584
2,2025-09-23,18,19,3:10,541.5637354166666,541.5637354166666,575.006875,575.006875,8.001875000000041,0.0,0.0,0.0,7510.263403865743,0.4584,0.4106
2,2025-09-23,19,20,3:20,607.1142354166667,607.1142354166667,541.5637354166666,541.5637354166666,0.0,36.91619791666666,0.0,0.0,7469.245406180558,0.4106,0.3812
2,2025-09-23,20,21,3:30,1373.3452083333332,1373.3452083333332,607.1142354166667,607.1142354166667,16.062268750000086,0.0,0.0,0.0,7483.701448055558,0.3812,0.4192
2,2025-09-23,21,22,3:40,573.5640166666666,573.5640166666666,1373.3452083333332,1373.3452083333332,786.4952083333333,0.0,0.0,0.0,8191.547135555558,0.4192,0.4681
2,2025-09-23,22,23,3:50,588.9322249999998,588.9322249999998,573.5640166666666,573.5640166666666,0.0,8.609566666666659,0.0,0.0,8181.980950370373,0.4681,0.4666
2,2025-09-23,23,24,4:00,1407.8691666666666,1407.8691666666666,588.9322249999998,588.9322249999998,0.0,13.821108333333498,0.0,0.0,8166.624163333336,0.4666,0.4048
2,2025-09-23,24,25,4:10,645.4999104166666,645.4999104166666,1407.8691666666666,1407.8691666666666,784.7408333333333,0.0,0.0,0.0,8872.890913333336,0.4048,0.3873
2,2025-09-23,25,26,4:20,634.6109541666666,634.6109541666666,645.4999104166666,645.4999104166666,49.97722708333332,0.0,0.0,0.0,8917.870417708336,0.3873,0.4222
2,2025-09-23,26,27,4:30,600.4377083333333,600.4377083333333,634.6109541666666,634.6109541666666,43.14002083333336,0.0,0.0,0.0,8956.696436458336,0.4222,0.4225
2,2025-09-23,27,28,4:40,615.1490479166666,615.1490479166666,600.4377083333333,600.4377083333333,0.0,15.633958333333332,0.0,0.0,8939.325371643521,0.4225,0.4173
2,2025-09-23,28,29,4:50,615.0898770833335,615.0898770833335,615.1490479166666,615.1490479166666,10.252747916666657,0.0,0.0,0.0,8948.552844768521,0.4173,0.4256
2,2025-09-23,29,30,5:00,612.476875,612.476875,615.0898770833335,615.0898770833335,14.67406041666689,0.0,0.0,0.0,8961.759499143522,0.4256,0.433
2,2025-09-23,30,31,5:10,575.4465666666665,575.4465666666665,612.476875,612.476875,0.0,5.646458333333289,0.0,0.0,8955.485656550929,0.433,0.4518
2,2025-09-23,31,32,5:20,592.1300208333331,592.1300208333331,575.4465666666665,575.4465666666665,0.0,49.7187000000001,0.0,0.0,8900.242656550929,0.4518,0.4325
2,2025-09-23,32,33,5:30,673.3445833333332,673.3445833333332,592.1300208333331,592.1300208333331,0.0,22.778112500000237,0.0,0.0,8874.93364266204,0.4325,0.3613
2,2025-09-23,33,34,5:40,1403.7535291666666,1403.7535291666666,673.3445833333332,673.3445833333332,80.39791666666659,0.0,0.0,0.0,8947.29176766204,0.3613,0.6152
2,2025-09-23,34,35,5:50,672.3669812500001,672.3669812500001,1403.7535291666666,1403.7535291666666,819.7754791666665,0.0,0.0,0.0,9685.08969891204,0.6152,1.0325
2,2025-09-23,35,36,6:00,11.923593750000009,11.923593750000009,672.3669812500001,672.3669812500001,5.453547916666871,0.0,0.0,0.0,9689.99789203704,1.0325,1.0391
2,2025-09-23,36,37,6:10,0.0,0.0,11.923593750000009,11.923593750000009,0.0,778.6997395833332,0.0,0.0,8824.775959166669,1.0391,0.9449
2,2025-09-23,37,38,6:20,0.0,0.0,0.0,0.0,0.0,793.7720833333332,0.0,0.0,7942.806977685188,0.9449,0.9432
2,2025-09-23,38,39,6:30,0.0,0.0,0.0,0.0,0.0,742.6598166666666,0.0,0.0,7117.629403611114,0.9432,0.9146
2,2025-09-23,39,40,6:40,0.0,0.0,0.0,0.0,0.0,690.4687499999999,0.0,0.0,6350.441903611114,0.9146,0.8673
2,2025-09-23,40,41,6:50,0.0,0.0,0.0,0.0,0.0,630.5840166666667,0.0,0.0,5649.792996203707,0.8673,0.8271
2,2025-09-23,41,42,7:00,0.0,0.0,0.0,0.0,0.0,584.88215,0.0,0.0,4999.923940648151,0.8271,0.8061
2,2025-09-23,42,43,7:10,0.0,0.0,0.0,0.0,0.0,546.2125,0.0,0.0,4393.021162870374,0.8061,0.8269
2,2025-09-23,43,44,7:20,236.92958237499855,236.92958237499855,0.0,0.0,0.0,484.72283333333337,0.0,0.0,3854.440236944448,0.8269,0.8096
2,2025-09-23,44,45,7:30,358.8064583333333,358.8064583333333,236.92958237499855,236.92958237499855,0.0,188.37876762500136,0.0,0.0,3645.1304951388906,0.8096,0.6878
2,2025-09-23,45,46,7:40,334.00876041666675,334.00876041666675,358.8064583333333,358.8064583333333,0.0,2.5139583333334024,0.0,0.0,3642.3372081018533,0.6878,0.8469
2,2025-09-23,46,47,7:50,0.0,0.0,334.00876041666675,334.00876041666675,48.54049375000011,0.0,0.0,0.0,3686.0236524768534,0.8469,1.1849
2,2025-09-23,47,48,8:00,0.0,0.0,0.0,0.0,0.0,357.7302166666667,0.0,0.0,3288.5456339583347,1.1849,1.1921
2,2025-09-23,48,49,8:10,0.0,0.0,0.0,0.0,0.0,491.3245833333333,0.0,0.0,2742.629430254631,1.1921,1.1184
2,2025-09-23,49,50,8:20,0.0,0.0,0.0,0.0,0.0,424.2270000000001,0.0,0.0,2271.266096921298,1.1184,1.1227
2,2025-09-23,50,51,8:30,0.0,0.0,0.0,0.0,0.0,340.29964999999993,0.0,0.0,1893.1553746990758,1.1227,1.0962
2,2025-09-23,51,52,8:40,0.0,0.0,0.0,0.0,0.0,322.88874999999996,0.0,0.0,1534.390096921298,1.0962,1.0174
2,2025-09-23,52,53,8:50,0.0,0.0,0.0,0.0,0.0,267.16475000000014,0.0,0.0,1237.5403746990755,1.0174,0.9516
2,2025-09-23,53,54,9:00,0.0,0.0,0.0,0.0,0.0,33.78633722916798,143.23064610416534,0.0,1200.0,0.9516,0.9817
2,2025-09-23,54,55,9:10,0.0,0.0,0.0,0.0,0.0,0.0,103.28666666666652,0.0,1200.0,0.9817,1.0171
2,2025-09-23,55,56,9:20,0.0,0.0,0.0,0.0,0.0,0.0,88.53053333333332,0.0,1200.0,1.0171,1.0072
2,2025-09-23,56,57,9:30,0.0,0.0,0.0,0.0,0.0,0.0,75.39373333333333,0.0,1200.0,1.0072,0.9839
2,2025-09-23,57,58,9:40,0.0,0.0,0.0,0.0,0.0,0.0,46.359583333333376,0.0,1200.0,0.9839,0.9725
2,2025-09-23,58,59,9:50,0.0,0.0,0.0,0.0,0.0,0.0,34.0806666666665,0.0,1200.0,0.9725,0.9784
2,2025-09-23,59,60,10:00,0.0,0.0,0.0,0.0,0.0,0.0,13.978433333333214,0.0,1200.0,0.9784,0.9839
2,2025-09-23,60,61,10:10,0.0,0.0,0.0,0.0,5.300416666666479,0.0,0.0,0.0,1204.7703749999998,0.9839,0.9513
2,2025-09-23,61,62,10:20,0.0,0.0,0.0,0.0,0.0,3.388966666666647,0.0,0.0,1201.0048564814813,0.9513,0.9073
2,2025-09-23,62,63,10:30,0.0,0.0,0.0,0.0,45.91356666666684,0.0,0.0,0.0,1242.3270664814813,0.9073,0.8981
2,2025-09-23,63,64,10:40,0.0,0.0,0.0,0.0,133.93166666666662,0.0,0.0,0.0,1362.8655664814812,0.8981,0.7781
2,2025-09-23,64,65,10:50,0.0,0.0,0.0,0.0,146.78904999999986,0.0,0.0,0.0,1494.975711481481,0.7781,0.5639
2,2025-09-23,65,66,11:00,0.0,0.0,0.0,0.0,127.8130666666666,0.0,0.0,0.0,1610.007471481481,0.5639,0.4409
2,2025-09-23,66,67,11:10,256.11183628883657,256.11183628883657,0.0,0.0,148.18583333333322,0.0,0.0,0.0,1743.3747214814807,0.4409,0.4252
2,2025-09-23,67,68,11:20,0.0,0.0,256.11183628883657,256.11183628883657,494.05355295550305,0.0,0.0,0.0,2188.0229191414337,0.4252,0.4696
2,2025-09-23,68,69,11:30,0.0,0.0,0.0,0.0,316.49851666666655,0.0,0.0,0.0,2472.8715841414337,0.4696,0.5048
2,2025-09-23,69,70,11:40,0.0,0.0,0.0,0.0,328.03624999999965,0.0,0.0,0.0,2768.1042091414333,0.5048,0.4546
2,2025-09-23,70,71,11:50,312.49244999999974,312.49244999999974,0.0,0.0,295.9405499999998,0.0,0.0,0.0,3034.450704141433,0.4546,0.3613
2,2025-09-23,71,72,12:00,289.3883333333333,289.3883333333333,312.49244999999974,312.49244999999974,656.4688999999998,0.0,0.0,0.0,3625.272714141433,0.3613,0.3481
2,2025-09-23,72,73,12:10,338.36537708333367,338.36537708333367,289.3883333333333,289.3883333333333,742.7004166666668,0.0,0.0,0.0,4293.703089141433,0.3481,0.3859
2,2025-09-23,73,74,12:20,295.568820833333,295.568820833333,338.36537708333367,338.36537708333367,817.5040770833335,0.0,0.0,0.0,5029.456758516433,0.3859,0.387
2,2025-09-23,74,75,12:30,301.00802083333315,301.00802083333315,295.568820833333,295.568820833333,737.4728541666661,0.0,0.0,0.0,5693.182327266432,0.387,0.3271
2,2025-09-23,75,76,12:40,395.3320500000003,395.3320500000003,301.00802083333315,301.00802083333315,722.0176041666662,0.0,0.0,0.0,6342.998171016432,0.3271,0.4936
2,2025-09-23,76,77,12:50,0.0,0.0,395.3320500000003,395.3320500000003,833.3333333333333,0.0,0.0,22.461233333333553,7092.998171016432,0.4936,0.8213
2,2025-09-23,77,78,13:00,0.0,0.0,0.0,0.0,409.1788,0.0,0.0,0.0,7461.259091016432,0.8213,0.9285
2,2025-09-23,78,79,13:10,0.0,0.0,0.0,0.0,287.7679166666667,0.0,0.0,0.0,7720.250216016431,0.9285,0.8854
2,2025-09-23,79,80,13:20,0.0,0.0,0.0,0.0,271.9109166666667,0.0,0.0,0.0,7964.970041016431,0.8854,0.8377
2,2025-09-23,80,81,13:30,0.0,0.0,0.0,0.0,278.94561666666664,0.0,0.0,0.0,8216.021096016431,0.8377,0.8574
2,2025-09-23,81,82,13:40,0.0,0.0,0.0,0.0,248.60958333333326,0.0,0.0,0.0,8439.769721016432,0.8574,0.8948
2,2025-09-23,82,83,13:50,0.0,0.0,0.0,0.0,205.43618333333347,0.0,0.0,0.0,8624.662286016432,0.8948,0.9188
2,2025-09-23,83,84,14:00,0.0,0.0,0.0,0.0,156.0545166666668,0.0,0.0,0.0,8765.111351016432,0.9188,0.9422
2,2025-09-23,84,85,14:10,0.0,0.0,0.0,0.0,114.23874999999998,0.0,0.0,0.0,8867.926226016432,0.9422,0.9638
2,2025-09-23,85,86,14:20,0.0,0.0,0.0,0.0,89.89271666666673,0.0,0.0,0.0,8948.829671016432,0.9638,1.0143
2,2025-09-23,86,87,14:30,0.0,0.0,0.0,0.0,30.106466666666847,0.0,0.0,0.0,8975.925491016433,1.0143,1.099
2,2025-09-23,87,88,14:40,0.0,0.0,0.0,0.0,0.0,63.75833333333344,0.0,0.0,8905.08289842384,1.099,0.9913
2,2025-09-23,88,89,14:50,0.0,0.0,0.0,0.0,0.0,137.2854666666666,0.0,0.0,8752.543491016433,0.9913,0.7708
2,2025-09-23,89,90,15:00,292.2806770833334,292.2806770833334,0.0,0.0,0.0,202.5811166666665,0.0,0.0,8527.453361386804,0.7708,0.7575
2,2025-09-23,90,91,15:10,262.5307806327156,262.5307806327156,292.2806770833334,292.2806770833334,42.106927083333346,0.0,0.0,0.0,8565.349595761805,0.7575,0.7846
2,2025-09-23,91,92,15:20,254.66884791666698,254.66884791666698,262.5307806327156,262.5307806327156,6.64693063271568,0.0,0.0,0.0,8571.331833331249,0.7846,0.7548
2,2025-09-23,92,93,15:30,289.9213541666667,289.9213541666667,254.66884791666698,254.66884791666698,0.0,33.115352083332866,0.0,0.0,8534.5369976831,0.7548,0.7536
2,2025-09-23,93,94,15:40,307.7401476874987,307.7401476874987,289.9213541666667,289.9213541666667,0.0,37.61406249999993,0.0,0.0,8492.743594905323,0.7536,0.8148
2,2025-09-23,94,95,15:50,331.5405208333334,331.5405208333334,307.7401476874987,307.7401476874987,5.432881020831989,0.0,0.0,0.0,8497.633187824073,0.8148,0.8978
2,2025-09-23,95,96,16:00,377.95437500000014,377.95437500000014,331.5405208333334,331.5405208333334,0.0,21.408662499999885,0.0,0.0,8473.845785046295,0.8978,0.9325
2,2025-09-23,96,97,16:10,500.22534166666657,500.22534166666657,377.95437500000014,377.95437500000014,0.0,115.62812499999984,0.0,0.0,8345.370090601851,0.9325,0.9637
2,2025-09-23,97,98,16:20,560.8402666666667,560.8402666666667,500.22534166666657,500.22534166666657,0.0,89.20730833333327,0.0,0.0,8246.25085912037,0.9637,0.9927
2,2025-09-23,98,99,16:30,551.7579687500001,551.7579687500001,560.8402666666667,560.8402666666667,0.0,74.9733833333333,0.0,0.0,8162.9470998611105,0.9927,0.9735
2,2025-09-23,99,100,16:40,599.8856229166664,599.8856229166664,551.7579687500001,551.7579687500001,0.0,116.47744791666646,0.0,0.0,8033.527713287037,0.9735,0.9613
2,2025-09-23,100,101,16:50,719.6157312500003,719.6157312500003,599.8856229166664,599.8856229166664,0.0,116.46191041666685,0.0,0.0,7904.125590601851,0.9613,1.0104
2,2025-09-23,101,102,17:00,801.6450791409493,801.6450791409493,719.6157312500003,719.6157312500003,0.0,45.206952083332915,0.0,0.0,7853.895643842593,1.0104,1.1132
2,2025-09-23,102,103,17:10,832.454989583333,832.454989583333,801.6450791409493,801.6450791409493,0.0,12.408670859050495,0.0,0.0,7840.1082317769815,1.1132,1.1301
2,2025-09-23,103,104,17:20,837.2305708333333,837.2305708333333,832.454989583333,832.454989583333,0.0,44.63199375000022,0.0,0.0,7790.517127610315,1.1301,1.0787
2,2025-09-23,104,105,17:30,930.0894270833334,930.0894270833334,837.2305708333333,837.2305708333333,0.0,76.10604583333324,0.0,0.0,7705.954854462167,1.0787,1.1143
2,2025-09-23,105,106,17:40,1002.5544666666669,1002.5544666666669,930.0894270833334,930.0894270833334,0.0,26.294322916666644,0.0,0.0,7676.738940110315,1.1143,1.1899
2,2025-09-23,106,107,17:50,898.2570458333334,898.2570458333334,1002.5544666666669,1002.5544666666669,0.0,49.30819999999973,0.0,0.0,7621.952051221426,1.1899,1.26
2,2025-09-23,107,108,18:00,692.3688020833331,692.3688020833331,898.2570458333334,898.2570458333334,0.0,60.90827083333321,0.0,0.0,7554.276194739944,1.26,1.3273
2,2025-09-23,108,109,18:10,0.0,0.0,692.3688020833331,692.3688020833331,0.0,60.27619791666691,0.0,0.0,7487.302641499203,1.3273,1.3739
2,2025-09-23,109,110,18:20,297.9812579166646,297.9812579166646,0.0,0.0,0.0,764.3298499999999,0.0,0.0,6638.047252610314,1.3739,1.3863
2,2025-09-23,110,111,18:30,651.0881249999999,651.0881249999999,297.9812579166646,297.9812579166646,0.0,532.2460087500021,0.0,0.0,6046.662798443645,1.3863,1.3617
2,2025-09-23,111,112,18:40,642.6761208333331,642.6761208333331,651.0881249999999,651.0881249999999,0.0,183.32854166666672,0.0,0.0,5842.9644188140155,1.3617,1.2989
2,2025-09-23,112,113,18:50,0.0,0.0,642.6761208333331,642.6761208333331,0.0,193.48352916666687,0.0,0.0,5627.982719739941,1.2989,1.242
2,2025-09-23,113,114,19:00,0.0,0.0,0.0,0.0,0.0,810.3646999999999,0.0,0.0,4727.577497517719,1.242,1.2579
2,2025-09-23,114,115,19:10,0.0,0.0,0.0,0.0,0.0,777.4266666666667,0.0,0.0,3863.7700901103117,1.2579,1.3209
2,2025-09-23,115,116,19:20,0.0,0.0,0.0,0.0,0.0,799.0988833333333,0.0,0.0,2975.8824419621633,1.3209,1.3658
2,2025-09-23,116,117,19:30,606.7497916666666,606.7497916666666,0.0,0.0,0.0,825.5958666666667,0.0,0.0,2058.5537012214227,1.3658,1.3425
2,2025-09-23,117,118,19:40,0.0,0.0,606.7497916666666,606.7497916666666,0.0,211.06687499999995,0.0,0.0,1824.0349512214227,1.3425,1.3213
2,2025-09-23,118,119,19:50,0.0,0.0,0.0,0.0,0.0,561.6314560992805,225.20489390071953,0.0,1200.0,1.3213,1.3115
2,2025-09-23,119,120,20:00,584.5535416666665,584.5535416666665,0.0,0.0,0.0,0.0,784.2188999999998,0.0,1200.0,1.3115,1.2687
2,2025-09-23,120,121,20:10,0.0,0.0,584.5535416666665,584.5535416666665,0.0,0.0,227.3581250000001,0.0,1200.0,1.2687,1.2951
2,2025-09-23,121,122,20:20,639.8702729166666,639.8702729166666,0.0,0.0,0.0,0.0,827.1781166666666,0.0,1200.0,1.2951,1.3829
2,2025-09-23,122,123,20:30,627.2229166666668,627.2229166666668,639.8702729166666,639.8702729166666,0.0,0.0,203.69742708333342,0.0,1200.0,1.3829,1.3866
2,2025-09-23,123,124,20:40,0.0,0.0,627.2229166666668,627.2229166666668,0.0,0.0,212.48541666666642,0.0,1200.0,1.3866,1.2125
2,2025-09-23,124,125,20:50,684.19456875,684.19456875,0.0,0.0,0.0,0.0,784.8952833333333,0.0,1200.0,1.2125,0.9884
2,2025-09-23,125,126,21:00,771.8993749999997,771.8993749999997,684.19456875,684.19456875,0.0,0.0,117.46723124999994,0.0,1200.0,0.9884,0.9549
2,2025-09-23,126,127,21:10,771.3811875,771.3811875,771.8993749999997,771.8993749999997,0.0,0.0,97.31729166666697,0.0,1200.0,0.9549,0.9828
2,2025-09-23,127,128,21:20,750.5585333333333,750.5585333333333,771.3811875,771.3811875,0.0,0.0,71.14319583333341,0.0,1200.0,0.9828,1.0059
2,2025-09-23,128,129,21:30,685.4604166666667,685.4604166666667,750.5585333333333,750.5585333333333,0.0,0.0,54.03665000000002,0.0,1200.0,1.0059,1.0449
2,2025-09-23,129,130,21:40,669.2518024999999,669.2518024999999,685.4604166666667,685.4604166666667,0.0,0.0,127.92124999999999,0.0,1200.0,1.0449,0.8538
2,2025-09-23,130,131,21:50,747.9534104166667,747.9534104166667,669.2518024999999,669.2518024999999,0.0,0.0,160.6173308333333,0.0,1200.0,0.8538,0.5154
2,2025-09-23,131,132,22:00,599.16125,599.16125,747.9534104166667,747.9534104166667,0.0,0.0,20.23308958333321,0.0,1200.0,0.5154,0.3997
2,2025-09-23,132,133,22:10,609.986275334362,609.986275334362,599.16125,599.16125,0.0,0.0,40.08208333333335,0.0,1200.0,0.3997,0.4421
2,2025-09-23,133,134,22:20,548.9282333333333,548.9282333333333,609.986275334362,609.986275334362,56.54470866769533,0.0,0.0,0.0,1250.890237800926,0.4421,0.4839
2,2025-09-23,134,135,22:30,588.4658333333331,588.4658333333331,548.9282333333333,548.9282333333333,0.0,33.750333333333266,0.0,0.0,1213.3898674305556,0.4839,0.4396
2,2025-09-23,135,136,22:40,575.6037041666667,575.6037041666667,588.4658333333331,588.4658333333331,0.0,12.050880687500012,46.689952645833486,0.0,1200.0,0.4396,0.4292
2,2025-09-23,136,137,22:50,575.4806916666666,575.4806916666666,575.6037041666667,575.6037041666667,0.0,0.0,21.096145833333296,0.0,1200.0,0.4292,0.4608
2,2025-09-23,137,138,23:00,588.2610416666668,588.2610416666668,575.4806916666666,575.4806916666666,20.128408333333343,0.0,0.0,0.0,1218.1155675,0.4608,0.4279
2,2025-09-23,138,139,23:10,553.0131250000001,553.0131250000001,588.2610416666668,588.2610416666668,18.911041666666897,0.0,0.0,0.0,1235.1355050000002,0.4279,0.4124
2,2025-09-23,139,140,23:20,543.99476875,543.99476875,553.0131250000001,553.0131250000001,0.0,11.642741666666591,0.0,0.0,1222.1991253703707,0.4124,0.4355
2,2025-09-23,140,141,23:30,600.0968750000001,600.0968750000001,543.99476875,543.99476875,0.0,19.9792128333336,12.527585083332877,0.0,1200.0,0.4355,0.4312
2,2025-09-23,141,142,23:40,567.1062270833334,567.1062270833334,600.0968750000001,600.0968750000001,0.0,0.0,10.228124999999878,0.0,1200.0,0.4312,0.4204
2,2025-09-23,142,143,23:50,587.95729375,587.95729375,567.1062270833334,567.1062270833334,0.0,0.0,49.96107291666656,0.0,1200.0,0.4204,0.4259
2,2025-09-23,143,0,24:00,629.5041666666667,629.5041666666667,587.95729375,587.95729375,19.659210416666596,0.0,0.0,0.0,1217.693289375,0.4259,0.4059
2,2025-12-21,0,1,0:10,1403.9050937499997,1403.9050937499997,574.7760416666665,574.7760416666665,12.56437499999987,0.0,0.0,0.0,4478.841474127279,0.4264,0.4221
2,2025-12-21,1,2,0:20,1386.6132791666664,1386.6132791666664,1403.9050937499997,1403.9050937499997,807.8873770833329,0.0,0.0,0.0,5205.940113502279,0.4293,0.4388
2,2025-12-21,2,3,0:30,613.1858333333333,613.1858333333333,1386.6132791666664,1386.6132791666664,796.9681124999998,0.0,0.0,0.0,5923.211414752279,0.4388,0.4138
2,2025-12-21,3,4,0:40,1466.049958333333,1466.049958333333,613.1858333333333,613.1858333333333,34.50250000000008,0.0,0.0,0.0,5954.263664752279,0.4138,0.41
2,2025-12-21,4,5,0:50,1472.069425,1472.069425,1466.049958333333,1466.049958333333,833.3333333333333,0.0,0.0,68.00659166666651,6704.263664752279,0.41,0.4471
2,2025-12-21,5,6,1:00,628.2633333333331,628.2633333333331,1472.069425,1472.069425,833.3333333333333,0.0,0.0,88.83220833333337,7454.263664752279,0.4471,0.4797
2,2025-12-21,6,7,1:10,609.1251458333334,609.1251458333334,628.2633333333331,628.2633333333331,70.05333333333309,0.0,0.0,0.0,7517.311664752278,0.4797,0.4466
2,2025-12-21,7,8,1:20,1368.1383147556955,1368.1383147556955,609.1251458333334,609.1251458333334,0.0,1.22337083333327,0.0,0.0,7515.952363826353,0.4466,0.3961
2,2025-12-21,8,9,1:30,1434.1549999999997,1434.1549999999997,1368.1383147556955,1368.1383147556955,734.9023647556955,0.0,0.0,0.0,8177.364492106479,0.3961,0.4368
2,2025-12-21,9,10,1:40,1417.5063687499999,1417.5063687499999,1434.1549999999997,1434.1549999999997,811.4583333333331,0.0,0.0,0.0,8907.676992106479,0.4368,0.475
2,2025-12-21,10,11,1:50,618.4390687499999,618.4390687499999,1417.5063687499999,1417.5063687499999,780.0171020833333,0.0,0.0,0.0,9609.692383981479,0.475,0.4651
2,2025-12-21,11,12,2:00,655.563125,655.563125,618.4390687499999,618.4390687499999,0.0,3.928931250000055,0.0,0.0,9605.326904814812,0.4651,0.455
2,2025-12-21,12,13,2:10,662.0025187499999,662.0025187499999,655.563125,655.563125,57.70479166666668,0.0,0.0,0.0,9657.261217314812,0.455,0.4629
2,2025-12-21,13,14,2:20,653.5441875,653.5441875,662.0025187499999,662.0025187499999,19.25628541666661,0.0,0.0,0.0,9674.591874189811,0.4629,0.4713
2,2025-12-21,14,15,2:30,685.4164583333334,685.4164583333334,653.5441875,653.5441875,0.0,0.32492916666663874,0.0,0.0,9674.230841782404,0.4713,0.4513
2,2025-12-21,15,16,2:40,681.1826854166667,681.1826854166667,685.4164583333334,685.4164583333334,63.666458333333416,0.0,0.0,0.0,9731.530654282404,0.4513,0.4352
2,2025-12-21,16,17,2:50,680.0856083333333,680.0856083333333,681.1826854166667,681.1826854166667,44.539352083333355,0.0,0.0,0.0,9771.616071157403,0.4352,0.4577
2,2025-12-21,17,18,3:00,676.9625,676.9625,680.0856083333333,680.0856083333333,48.17487500000009,0.0,0.0,0.0,9814.973458657403,0.4577,0.5147
2,2025-12-21,18,19,3:10,666.2843312499999,666.2843312499999,676.9625,676.9625,51.67416666666669,0.0,0.0,0.0,9861.480208657404,0.5147,0.5083
2,2025-12-21,19,20,3:20,672.8678020833335,672.8678020833335,666.2843312499999,666.2843312499999,0.0,30.47335208333332,0.0,0.0,9827.620928564811,0.5083,0.4686
2,2025-12-21,20,21,3:30,678.6593750000001,678.6593750000001,672.8678020833335,672.8678020833335,0.0,13.02098124999985,0.0,0.0,9813.153171620366,0.4686,0.5119
2,2025-12-21,21,22,3:40,699.0801583333332,699.0801583333332,678.6593750000001,678.6593750000001,53.869375000000105,0.0,0.0,0.0,9861.635609120367,0.5119,0.5023
2,2025-12-21,22,23,3:50,702.1638854166667,702.1638854166667,699.0801583333332,699.0801583333332,0.0,4.334141666666788,0.0,0.0,9856.819896157403,0.5023,0.4324
2,2025-12-21,23,24,4:00,677.0358333333334,677.0358333333334,702.1638854166667,702.1638854166667,0.0,35.15706458333313,0.0,0.0,9817.75649106481,0.4324,0.4412
2,2025-12-21,24,25,4:10,684.6438687500001,684.6438687500001,677.0358333333334,677.0358333333334,0.0,2.8224999999999767,0.0,0.0,9814.6203799537,0.4412,0.4805
2,2025-12-21,25,26,4:20,698.93100625,698.93100625,684.6438687500001,684.6438687500001,11.486802083333487,0.0,0.0,0.0,9824.9585018287,0.4805,0.5015
2,2025-12-21,26,27,4:30,724.8475,724.8475,698.93100625,698.93100625,18.531772916666682,0.0,0.0,0.0,9841.6370974537,0.5015,0.5024
2,2025-12-21,27,28,4:40,757.1913770833334,757.1913770833334,724.8475,724.8475,47.36916666666676,0.0,0.0,0.0,9884.2693474537,0.5024,0.4798
2,2025-12-21,28,29,4:50,740.0085479166664,740.0085479166664,757.1913770833334,757.1913770833334,70.21164375000016,0.0,0.0,0.0,9947.4598268287,0.4798,0.4753
2,2025-12-21,29,30,5:00,696.7441666666666,696.7441666666666,740.0085479166664,740.0085479166664,59.405981249999705,0.0,0.0,0.0,10000.9252099537,0.4753,0.535
2,2025-12-21,30,31,5:10,707.9841250000001,707.9841250000001,696.7441666666666,696.7441666666666,24.692499999999946,0.0,0.0,0.0,10023.1484599537,0.535,0.5436
2,2025-12-21,31,32,5:20,700.4131479166667,700.4131479166667,707.9841250000001,707.9841250000001,4.99414166666684,0.0,0.0,0.0,10027.6431874537,0.5436,0.468
2,2025-12-21,32,33,5:30,690.4670833333333,690.4670833333333,700.4131479166667,700.4131479166667,0.0,8.461585416666576,0.0,0.0,10018.241425879625,0.468,0.4338
2,2025-12-21,33,34,5:40,1506.4131458333331,1506.4131458333331,690.4670833333333,690.4670833333333,12.703749999999982,0.0,0.0,0.0,10029.674800879626,0.4338,0.6915
2,2025-12-21,34,35,5:50,763.1011958333335,763.1011958333335,1506.4131458333331,1506.4131458333331,826.7887291666665,0.0,0.0,0.0,10773.784657129625,0.6915,1.0594
2,2025-12-21,35,36,6:00,870.584375,870.584375,763.1011958333335,763.1011958333335,0.0,23.18457083333322,0.0,0.0,10748.024022870366,1.0594,1.081
2,2025-12-21,36,37,6:10,894.5863729166668,894.5863729166668,870.584375,870.584375,0.0,44.52395833333321,0.0,0.0,10698.552958055552,1.081,1.0359
2,2025-12-21,37,38,6:20,910.3974000000001,910.3974000000001,894.5863729166668,894.5863729166668,0.0,11.893193749999844,0.0,0.0,10685.33829833333,1.0359,1.0597
2,2025-12-21,38,39,6:30,898.9416666666666,898.9416666666666,910.3974000000001,910.3974000000001,9.09198333333331,0.0,0.0,0.0,10693.521083333331,1.0597,1.0176
2,2025-12-21,39,40,6:40,896.7419874999997,896.7419874999997,898.9416666666666,898.9416666666666,0.0,32.23333333333331,0.0,0.0,10657.706268518516,1.0176,1.0168
2,2025-12-21,40,41,6:50,877.3630208333334,877.3630208333334,896.7419874999997,896.7419874999997,5.883654166666311,0.0,0.0,0.0,10663.001557268515,1.0168,1.0595
2,2025-12-21,41,42,7:00,915.4925000000001,915.4925000000001,877.3630208333334,877.3630208333334,5.154854166666853,0.0,0.0,0.0,10667.640926018516,1.0595,1.0282
2,2025-12-21,42,43,7:10,891.817538143003,891.817538143003,915.4925000000001,915.4925000000001,19.792500000000132,0.0,0.0,0.0,10685.454176018515,1.0282,0.9987
2,2025-12-21,43,44,7:20,855.1682104166665,855.1682104166665,891.817538143003,891.817538143003,27.13400480966978,0.0,0.0,0.0,10709.874780347218,0.9987,0.9724
2,2025-12-21,44,45,7:30,821.7411458333333,821.7411458333333,855.1682104166665,855.1682104166665,38.28921041666659,0.0,0.0,0.0,10744.335069722218,0.9724,0.9109
2,2025-12-21,45,46,7:40,763.3386333333332,763.3386333333332,821.7411458333333,821.7411458333333,61.84992253086926,0.0,0.0,3.050389969130684,10800.0,0.9109,1.0903
2,2025-12-21,46,47,7:50,815.4637583333333,815.4637583333333,763.3386333333332,763.3386333333332,0.0,0.0,0.0,85.14746666666667,10800.0,1.0903,1.4063
2,2025-12-21,47,48,8:00,114.77541666666673,114.77541666666673,815.4637583333333,815.4637583333333,0.0,0.0,0.0,46.72840833333339,10800.0,1.4063,1.4458
2,2025-12-21,48,49,8:10,124.31884791666664,124.31884791666664,114.77541666666673,114.77541666666673,0.0,825.3791666666665,0.0,0.0,9882.912037037036,1.4458,1.3908
2,2025-12-21,49,50,8:20,51.78953333333345,51.78953333333345,124.31884791666664,124.31884791666664,0.0,774.7139687499999,0.0,0.0,9022.118738425925,1.3908,1.3742
2,2025-12-21,50,51,8:30,0.0,0.0,51.78953333333345,51.78953333333345,0.0,771.7562833333332,0.0,0.0,8164.611756944443,1.3742,1.345
2,2025-12-21,51,52,8:40,0.0,0.0,0.0,0.0,0.0,797.8975,0.0,0.0,7278.058979166665,1.345,1.3284
2,2025-12-21,52,53,8:50,0.0,0.0,0.0,0.0,0.0,729.9923166666667,0.0,0.0,6466.956405092591,1.3284,1.3231
2,2025-12-21,53,54,9:00,0.0,0.0,0.0,0.0,0.0,680.0761333333332,0.0,0.0,5711.316256944443,1.3231,1.2929
2,2025-12-21,54,55,9:10,0.0,0.0,0.0,0.0,0.0,652.3437499999999,0.0,0.0,4986.489868055554,1.2929,1.2522
2,2025-12-21,55,56,9:20,602.2898999999999,602.2898999999999,0.0,0.0,0.0,584.0036500000001,0.0,0.0,4337.59692361111,1.2522,1.2211
2,2025-12-21,56,57,9:30,576.6802604166664,576.6802604166664,602.2898999999999,602.2898999999999,74.60453333333328,0.0,0.0,0.0,4404.74100361111,1.2211,1.2184
2,2025-12-21,57,58,9:40,511.6152145833334,511.6152145833334,576.6802604166664,576.6802604166664,71.01526041666665,0.0,0.0,0.0,4468.6547379861095,1.2184,1.2822
2,2025-12-21,58,59,9:50,111.47244791666469,111.47244791666469,511.6152145833334,511.6152145833334,30.15634791666676,0.0,0.0,0.0,4495.795451111109,1.2822,1.3753
2,2025-12-21,59,60,10:00,0.0,0.0,111.47244791666469,111.47244791666469,0.0,315.1280020833352,0.0,0.0,4145.65322657407,1.3753,1.4027
2,2025-12-21,60,61,10:10,0.0,0.0,0.0,0.0,0.0,360.30708333333325,0.0,0.0,3745.312022870366,1.4027,1.3591
2,2025-12-21,61,62,10:20,0.0,0.0,0.0,0.0,0.0,331.1936166666667,0.0,0.0,3377.3191154629585,1.3591,1.3321
2,2025-12-21,62,63,10:30,0.0,0.0,0.0,0.0,0.0,326.0934333333332,0.0,0.0,3014.993078425922,1.3321,1.3769
2,2025-12-21,63,64,10:40,0.0,0.0,0.0,0.0,0.0,331.78458333333344,0.0,0.0,2646.3435413888847,1.3769,1.1651
2,2025-12-21,64,65,10:50,338.1868875000001,338.1868875000001,0.0,0.0,0.0,349.0794999999998,0.0,0.0,2258.4774302777737,1.1651,0.8057
2,2025-12-21,65,66,11:00,1194.6886979166666,1194.6886979166666,338.1868875000001,338.1868875000001,0.0,32.87386249999998,0.0,0.0,2221.9509163888847,0.8057,0.7611
2,2025-12-21,66,67,11:10,1133.6742229166662,1133.6742229166662,1194.6886979166666,1194.6886979166666,813.4541145833332,0.0,0.0,0.0,2954.0596195138846,0.7611,0.7807
2,2025-12-21,67,68,11:20,1043.2621229166662,1043.2621229166662,1133.6742229166662,1133.6742229166662,771.5765895833329,0.0,0.0,0.0,3648.478550138884,0.7807,0.7378
2,2025-12-21,68,69,11:30,1031.5034895833332,1031.5034895833332,1043.2621229166662,1043.2621229166662,721.0109729166661,0.0,0.0,0.0,4297.388425763884,0.7378,0.7527
2,2025-12-21,69,70,11:40,1077.8662395833333,1077.8662395833333,1031.5034895833332,1031.5034895833332,748.5330729166665,0.0,0.0,0.0,4971.068191388884,0.7527,0.7117
2,2025-12-21,70,71,11:50,1070.3930999999998,1070.3930999999998,1077.8662395833333,1077.8662395833333,825.8575062499999,0.0,0.0,0.0,5714.339947013884,0.7117,0.6418
2,2025-12-21,71,72,12:00,1028.1203124999997,1028.1203124999997,1070.3930999999998,1070.3930999999998,833.3333333333333,0.0,0.0,72.35234999999989,6464.339947013884,0.6418,0.6936
2,2025-12-21,72,73,12:10,1039.906075,1039.906075,1028.1203124999997,1028.1203124999997,833.3333333333333,0.0,0.0,121.43697916666656,7214.339947013884,0.6936,0.7105
2,2025-12-21,73,74,12:20,1042.5763749999999,1042.5763749999999,1039.906075,1039.906075,833.3333333333333,0.0,0.0,107.07804166666688,7964.339947013884,0.7105,0.6294
2,2025-12-21,74,75,12:30,1052.1740624999998,1052.1740624999998,1042.5763749999999,1042.5763749999999,833.3333333333333,0.0,0.0,100.5480583333333,8714.339947013883,0.6294,0.5829
2,2025-12-21,75,76,12:40,1009.8649479166668,1009.8649479166668,1052.1740624999998,1052.1740624999998,833.3333333333333,0.0,0.0,150.7390624999997,9464.339947013883,0.5829,0.7799
2,2025-12-21,76,77,12:50,1058.34441875,1058.34441875,1009.8649479166668,1009.8649479166668,833.3333333333333,0.0,0.0,91.19984791666684,10214.339947013883,0.7799,1.0833
2,2025-12-21,77,78,13:00,359.10973958333324,359.10973958333324,1058.34441875,1058.34441875,650.7333922067968,0.0,0.0,247.1289265432032,10800.0,1.0833,1.1248
2,2025-12-21,78,79,13:10,315.7380854166669,315.7380854166669,359.10973958333324,359.10973958333324,0.0,0.0,0.0,118.10932291666671,10800.0,1.1248,1.0564
2,2025-12-21,79,80,13:20,290.7933979166665,290.7933979166665,315.7380854166669,315.7380854166669,0.0,0.0,0.0,51.42560208333373,10800.0,1.0564,1.0304
2,2025-12-21,80,81,13:30,324.8602604166665,324.8602604166665,290.7933979166665,290.7933979166665,0.0,0.0,0.0,65.40723124999994,10800.0,1.0304,1.0675
2,2025-12-21,81,82,13:40,328.7325145833333,328.7325145833333,324.8602604166665,324.8602604166665,0.0,0.0,0.0,147.83859374999986,10800.0,1.0675,1.1926
2,2025-12-21,82,83,13:50,299.27443605749585,299.27443605749585,328.7325145833333,328.7325145833333,0.0,0.0,0.0,136.22281458333322,10800.0,1.1926,1.3352
2,2025-12-21,83,84,14:00,0.0,0.0,299.27443605749585,299.27443605749585,0.0,0.0,0.0,45.650319390829225,10800.0,1.3352,1.3689
2,2025-12-21,84,85,14:10,0.0,0.0,0.0,0.0,0.0,301.8829166666668,0.0,0.0,10464.574537037037,1.3689,1.3382
2,2025-12-21,85,86,14:20,0.0,0.0,0.0,0.0,0.0,294.8965833333334,0.0,0.0,10136.911666666667,1.3382,1.3596
2,2025-12-21,86,87,14:30,0.0,0.0,0.0,0.0,0.0,317.71574999999996,0.0,0.0,9783.894166666667,1.3596,1.4656
2,2025-12-21,87,88,14:40,0.0,0.0,0.0,0.0,0.0,384.19708333333335,0.0,0.0,9357.008518518518,1.4656,1.2648
2,2025-12-21,88,89,14:50,0.0,0.0,0.0,0.0,0.0,430.3843333333332,0.0,0.0,8878.803703703703,1.2648,0.8874
2,2025-12-21,89,90,15:00,1436.9836458333334,1436.9836458333334,0.0,0.0,0.0,491.03274999999996,0.0,0.0,8333.211759259259,0.8874,0.882
2,2025-12-21,90,91,15:10,1474.4016479166667,1474.4016479166667,1436.9836458333334,1436.9836458333334,833.3333333333333,0.0,0.0,45.10989583333355,9083.211759259259,0.882,0.9712
2,2025-12-21,91,92,15:20,1510.018239583333,1510.018239583333,1474.4016479166667,1474.4016479166667,833.3333333333333,0.0,0.0,54.61473125000009,9833.211759259259,0.9712,0.9596
2,2025-12-21,92,93,15:30,1552.5591145833332,1552.5591145833332,1510.018239583333,1510.018239583333,833.3333333333333,0.0,0.0,35.87882291666642,10583.211759259259,0.9596,0.9392
2,2025-12-21,93,94,15:40,816.0157041666666,816.0157041666666,1552.5591145833332,1552.5591145833332,240.87582304526828,0.0,0.0,603.9953748713983,10800.0,0.9392,0.9693
2,2025-12-21,94,95,15:50,846.5607687499997,846.5607687499997,816.0157041666666,816.0157041666666,0.0,0.0,0.0,107.32113750000008,10800.0,0.9693,1.0104
2,2025-12-21,95,96,16:00,843.4373958333335,843.4373958333335,846.5607687499997,846.5607687499997,0.0,0.0,0.0,109.71561874999986,10800.0,1.0104,0.98
2,2025-12-21,96,97,16:10,863.0498333333333,863.0498333333333,843.4373958333335,843.4373958333335,0.0,0.0,0.0,47.50697916666684,10800.0,0.98,0.9673
2,2025-12-21,97,98,16:20,882.2777541666666,882.2777541666666,863.0498333333333,863.0498333333333,0.0,0.0,0.0,61.66796666666664,10800.0,0.9673,1.0182
2,2025-12-21,98,99,16:30,953.8195833333334,953.8195833333334,882.2777541666666,882.2777541666666,0.0,0.0,0.0,39.63460416666658,10800.0,1.0182,1.0861
2,2025-12-21,99,100,16:40,1045.1087041666665,1045.1087041666665,953.8195833333334,953.8195833333334,0.0,0.0,0.0,28.710416666666788,10800.0,1.0861,1.1066
2,2025-12-21,100,101,16:50,1026.5441604166667,1026.5441604166667,1045.1087041666665,1045.1087041666665,0.0,0.0,0.0,85.31590416666666,10800.0,1.1066,1.0879
2,2025-12-21,101,102,17:00,1006.3556770833333,1006.3556770833333,1026.5441604166667,1026.5441604166667,0.0,0.0,0.0,33.67997708333348,10800.0,1.0879,1.0972
2,2025-12-21,102,103,17:10,1043.279718833333,1043.279718833333,1006.3556770833333,1006.3556770833333,0.0,22.440989583333362,0.0,0.0,10775.06556712963,1.0972,1.1283
2,2025-12-21,103,104,17:20,1057.149025,1057.149025,1043.279718833333,1043.279718833333,24.584018833332998,0.0,0.0,0.0,10797.19118407963,1.1283,1.1382
2,2025-12-21,104,105,17:30,1053.3449999999998,1053.3449999999998,1057.149025,1057.149025,3.1209065781897354,0.0,0.0,28.277818421810252,10800.0,1.1382,1.103
2,2025-12-21,105,106,17:40,1082.5098791666665,1082.5098791666665,1053.3449999999998,1053.3449999999998,0.0,3.116666666666788,0.0,0.0,10796.537037037036,1.103,1.1407
2,2025-12-21,106,107,17:50,916.8917395833334,916.8917395833334,1082.5098791666665,1082.5098791666665,3.847736625515002,0.0,0.0,30.313009207818368,10800.0,1.1407,1.2479
2,2025-12-21,107,108,18:00,697.3689583333335,697.3689583333335,916.8917395833334,916.8917395833334,0.0,0.0,0.0,18.148306250000132,10800.0,1.2479,1.2957
2,2025-12-21,108,109,18:10,706.6919583333333,706.6919583333333,697.3689583333335,697.3689583333335,0.0,15.264374999999859,0.0,0.0,10783.039583333333,1.2957,1.2826
2,2025-12-21,109,110,18:20,749.8323833333333,749.8323833333333,706.6919583333333,706.6919583333333,0.0,8.722491666666672,0.0,0.0,10773.347925925926,1.2826,1.238
2,2025-12-21,110,111,18:30,700.6754166666667,700.6754166666667,749.8323833333333,749.8323833333333,1.5644499999998338,0.0,0.0,0.0,10774.755930925925,1.238,1.2107
2,2025-12-21,111,112,18:40,674.2763999999999,674.2763999999999,700.6754166666667,700.6754166666667,0.0,29.332916666666584,0.0,0.0,10742.163801296296,1.2107,1.3293
2,2025-12-21,112,113,18:50,688.0526479166666,688.0526479166666,674.2763999999999,674.2763999999999,0.0,60.06798333333347,0.0,0.0,10675.421597592593,1.3293,1.5214
2,2025-12-21,113,114,19:00,0.0,0.0,688.0526479166666,688.0526479166666,0.0,62.030568749999965,0.0,0.0,10606.498743425926,1.5214,1.5659
2,2025-12-21,114,115,19:10,0.0,0.0,0.0,0.0,0.0,748.46,0.0,0.0,9774.876521203703,1.5659,1.5266
2,2025-12-21,115,116,19:20,0.0,0.0,0.0,0.0,0.0,722.4832333333334,0.0,0.0,8972.117373055555,1.5266,1.4847
2,2025-12-21,116,117,19:30,0.0,0.0,0.0,0.0,0.0,726.1655166666666,0.0,0.0,8165.266798981481,1.4847,1.4671
2,2025-12-21,117,118,19:40,0.0,0.0,0.0,0.0,0.0,744.4316666666666,0.0,0.0,7338.120502685185,1.4671,1.5039
2,2025-12-21,118,119,19:50,0.0,0.0,0.0,0.0,0.0,716.9286999999999,0.0,0.0,6541.5330582407405,1.5039,1.5483
2,2025-12-21,119,120,20:00,0.0,0.0,0.0,0.0,0.0,733.1194999999999,0.0,0.0,5726.955836018518,1.5483,1.5137
2,2025-12-21,120,121,20:10,0.0,0.0,0.0,0.0,0.0,780.2683333333332,0.0,0.0,4859.991021203704,1.5137,1.4654
2,2025-12-21,121,122,20:20,0.0,0.0,0.0,0.0,0.0,747.5859,0.0,0.0,4029.340021203704,1.4654,1.488
2,2025-12-21,122,123,20:30,0.0,0.0,0.0,0.0,0.0,692.8171,0.0,0.0,3259.5432434259264,1.488,1.5616
2,2025-12-21,123,124,20:40,0.0,0.0,0.0,0.0,0.0,681.7516666666667,0.0,0.0,2502.0413915740746,1.5616,1.3465
2,2025-12-21,124,125,20:50,713.4618687500001,713.4618687500001,0.0,0.0,0.0,720.3711,0.0,0.0,1701.6290582407414,1.3465,0.9601
2,2025-12-21,125,126,21:00,740.3116666666668,740.3116666666668,713.4618687500001,713.4618687500001,0.0,9.338297916666582,0.0,0.0,1691.2531716666674,0.9601,0.8829
2,2025-12-21,126,127,21:10,737.3056354166665,737.3056354166665,740.3116666666668,740.3116666666668,49.568333333333484,0.0,0.0,0.0,1735.8646716666676,0.8829,0.9151
2,2025-12-21,127,128,21:20,725.6503291666666,725.6503291666666,737.3056354166665,737.3056354166665,32.762135416666474,0.0,0.0,0.0,1765.3505935416674,0.9151,0.9345
2,2025-12-21,128,129,21:30,735.7612499999999,735.7612499999999,725.6503291666666,725.6503291666666,4.489612499999971,0.0,0.0,0.0,1769.3912447916673,0.9345,0.9815
2,2025-12-21,129,130,21:40,760.3908104166666,760.3908104166666,735.7612499999999,735.7612499999999,9.45624999999999,0.0,0.0,0.0,1777.9018697916672,0.9815,0.7546
2,2025-12-21,130,131,21:50,691.3290645833331,691.3290645833331,760.3908104166666,760.3908104166666,20.871777083333313,0.0,0.0,0.0,1796.6864691666672,0.7546,0.4001
2,2025-12-21,131,132,22:00,572.849375,572.849375,691.3290645833331,691.3290645833331,12.829831249999906,0.0,0.0,0.0,1808.2333172916672,0.4001,0.4032
2,2025-12-21,132,133,22:10,656.0515981481485,656.0515981481485,572.849375,572.849375,0.4493749999999892,0.0,0.0,0.0,1808.6377547916672,0.4032,0.4747
2,2025-12-21,133,134,22:20,557.6637124999999,557.6637124999999,656.0515981481485,656.0515981481485,110.95928148148191,0.0,0.0,0.0,1908.5011081250009,0.4747,0.4323
2,2025-12-21,134,135,22:30,563.4012499999999,563.4012499999999,557.6637124999999,557.6637124999999,6.827579166666609,0.0,0.0,0.0,1914.6459293750008,0.4323,0.3905
2,2025-12-21,135,136,22:40,559.0151354166668,559.0151354166668,563.4012499999999,563.4012499999999,20.801249999999932,0.0,0.0,0.0,1933.3670543750009,0.3905,0.4205
2,2025-12-21,136,137,22:50,544.31664375,544.31664375,559.0151354166668,559.0151354166668,33.09613541666678,0.0,0.0,0.0,1963.153576250001,0.4205,0.4738
2,2025-12-21,137,138,23:00,548.1114583333332,548.1114583333332,544.31664375,544.31664375,0.9227270833333474,0.0,0.0,0.0,1963.984030625001,0.4738,0.4471
2,2025-12-21,138,139,23:10,589.10198125,589.10198125,548.1114583333332,548.1114583333332,0.0,36.71687500000006,0.0,0.0,1923.1875028472232,0.4471,0.4314
2,2025-12-21,139,140,23:20,590.6833416666666,590.6833416666666,589.10198125,589.10198125,0.0,3.3505854166665543,0.0,0.0,1919.464630162038,0.4314,0.4502
2,2025-12-21,140,141,23:30,580.1791666666666,580.1791666666666,590.6833416666666,590.6833416666666,24.739541666666533,0.0,0.0,0.0,1941.7302176620378,0.4502,0.4334
2,2025-12-21,141,142,23:40,555.9280895833332,555.9280895833332,580.1791666666666,580.1791666666666,29.24749999999996,0.0,0.0,0.0,1968.0529676620379,0.4334,0.406
2,2025-12-21,142,143,23:50,570.5733124999999,570.5733124999999,555.9280895833332,555.9280895833332,0.0,34.03212708333342,0.0,0.0,1930.2394931250008,0.406,0.4032
2,2025-12-21,143,0,24:00,569.4493749999999,569.4493749999999,570.5733124999999,570.5733124999999,0.0,24.758520833333396,0.0,0.0,1902.730025532408,0.4032,0.4264
3,2025-03-20,0,1,0:10,528.9493572429942,528.9493572429942,1379.2160670310677,1379.2160670310677,490.2501014169441,0.0,0.0,320.5476322807903,10800.0,0.4487,0.4495
3,2025-03-20,1,2,0:20,532.3562583968542,532.3562583968542,528.9493572429942,528.9493572429942,0.0,20.89545942367249,0.0,0.0,10776.782822862586,0.4373,0.4311
3,2025-03-20,2,3,0:30,548.2803608642618,548.2803608642618,532.3562583968542,532.3562583968542,0.0,37.9572416031458,0.0,0.0,10734.608109970202,0.4311,0.4344
3,2025-03-20,3,4,0:40,560.6102142162661,560.6102142162661,548.2803608642618,548.2803608642618,0.0,65.57130580240494,0.0,0.0,10661.751103523085,0.4344,0.4238
3,2025-03-20,4,5,0:50,589.4157249252462,589.4157249252462,560.6102142162661,560.6102142162661,0.0,18.845952450400546,0.0,0.0,10640.811156355974,0.4238,0.4296
3,2025-03-20,5,6,1:00,588.6811296226747,588.6811296226747,589.4157249252462,589.4157249252462,38.97080825857961,0.0,0.0,0.0,10675.884883788696,0.4296,0.4989
3,2025-03-20,6,7,1:10,576.7460737541456,576.7460737541456,588.6811296226747,588.6811296226747,17.52446295600805,0.0,0.0,0.0,10691.656900449103,0.4989,0.5083
3,2025-03-20,7,8,1:20,583.3655731992249,583.3655731992249,576.7460737541456,576.7460737541456,0.0,24.842976245854288,0.0,0.0,10664.053593509265,0.5083,0.4468
3,2025-03-20,8,9,1:30,567.1805144767392,567.1805144767392,583.3655731992249,583.3655731992249,0.0,28.11817680077513,0.0,0.0,10632.811174841738,0.4468,0.4284
3,2025-03-20,9,10,1:40,555.7925568237243,555.7925568237243,567.1805144767392,567.1805144767392,0.0,31.03615218992752,0.0,0.0,10598.326561297374,0.4284,0.4436
3,2025-03-20,10,11,1:50,573.3255020633592,573.3255020633592,555.7925568237243,555.7925568237243,0.0,28.143393176275595,0.0,0.0,10567.056124434845,0.4436,0.454
3,2025-03-20,11,12,2:00,566.0254219733097,566.0254219733097,573.3255020633592,573.3255020633592,0.0,17.66954793664081,0.0,0.0,10547.423293394133,0.454,0.4404
3,2025-03-20,12,13,2:10,572.1245088600097,572.1245088600097,566.0254219733097,566.0254219733097,0.0,32.417911360023595,0.0,0.0,10511.403391882995,0.4404,0.4405
3,2025-03-20,13,14,2:20,561.5494829073857,561.5494829073857,572.1245088600097,572.1245088600097,6.1408921933430065,0.0,0.0,0.0,10516.930194857005,0.4405,0.4545
3,2025-03-20,14,15,2:30,568.8411000492599,568.8411000492599,561.5494829073857,561.5494829073857,15.42871624071904,0.0,0.0,0.0,10530.816039473651,0.4545,0.4389
3,2025-03-20,15,16,2:40,585.4099447111854,585.4099447111854,568.8411000492599,568.8411000492599,3.1277667159265548,0.0,0.0,0.0,10533.631029517985,0.4389,0.3868
3,2025-03-20,16,17,2:50,580.1103473077876,580.1103473077876,585.4099447111854,585.4099447111854,0.0,12.516621955481241,0.0,0.0,10519.723671789672,0.3868,0.3634
3,2025-03-20,17,18,3:00,574.9584264873492,574.9584264873492,580.1103473077876,580.1103473077876,0.0,20.84411935887897,0.0,0.0,10496.563539168696,0.3634,0.4416
3,2025-03-20,18,19,3:10,581.9631840653246,581.9631840653246,574.9584264873492,574.9584264873492,0.0,12.173240179317418,0.0,0.0,10483.037716747232,0.4416,0.4839
3,2025-03-20,19,20,3:20,583.730489467817,583.730489467817,581.9631840653246,581.9631840653246,0.0,23.24711593467532,0.0,0.0,10457.207587930927,0.4839,0.4574
3,2025-03-20,20,21,3:30,589.2707924567248,589.2707924567248,583.730489467817,583.730489467817,0.0,38.16189386551628,0.0,0.0,10414.805483635908,0.4574,0.4575
3,2025-03-20,21,22,3:40,615.078315217783,615.078315217783,589.2707924567248,589.2707924567248,0.0,30.897540876608446,0.0,0.0,10380.474882661898,0.4575,0.4629
3,2025-03-20,22,23,3:50,604.1233157437385,604.1233157437385,615.078315217783,615.078315217783,0.0,1.544768115550255,0.0,0.0,10378.75847364462,0.4629,0.4426
3,2025-03-20,23,24,4:00,581.8771799948091,581.8771799948091,604.1233157437385,604.1233157437385,0.0,8.340434256261346,0.0,0.0,10369.491324470997,0.4426,0.4023
3,2025-03-20,24,25,4:10,597.681598248248,597.681598248248,581.8771799948091,581.8771799948091,0.0,22.052820005190824,0.0,0.0,10344.988191131895,0.4023,0.4075
3,2025-03-20,25,26,4:20,613.9990705974892,613.9990705974892,597.681598248248,597.681598248248,7.886964914914643,0.0,0.0,0.0,10352.086459555318,0.4075,0.452
3,2025-03-20,26,27,4:30,617.4280910199229,617.4280910199229,613.9990705974892,613.9990705974892,32.53502059748928,0.0,0.0,0.0,10381.367978093058,0.452,0.4646
3,2025-03-20,27,28,4:40,598.6409320148385,598.6409320148385,617.4280910199229,617.4280910199229,31.843091019922895,0.0,0.0,0.0,10410.02676001099,0.4646,0.4561
3,2025-03-20,28,29,4:50,607.5690738016621,607.5690738016621,598.6409320148385,598.6409320148385,0.0,1.08420131849482,0.0,0.0,10408.822091879329,0.4561,0.4379
3,2025-03-20,29,30,5:00,602.6349969158443,602.6349969158443,607.5690738016621,607.5690738016621,0.0,9.170242865004525,0.0,0.0,10398.632933140434,0.4379,0.4177
3,2025-03-20,30,31,5:10,616.3214043534991,616.3214043534991,602.6349969158443,602.6349969158443,0.0,22.960003084155687,0.0,0.0,10373.121818602483,0.4177,0.464
3,2025-03-20,31,32,5:20,611.5377946387378,611.5377946387378,616.3214043534991,616.3214043534991,0.0,3.1125123131674854,0.0,0.0,10369.663471587854,0.464,0.4802
3,2025-03-20,32,33,5:30,615.5364688984175,615.5364688984175,611.5377946387378,611.5377946387378,0.0,6.3066053612622,0.0,0.0,10362.656132297563,0.4802,0.352
3,2025-03-20,33,34,5:40,829.1283107006029,829.1283107006029,615.5364688984175,615.5364688984175,8.421468898417515,0.0,0.0,0.0,10370.23545430614,0.352,0.5794
3,2025-03-20,34,35,5:50,664.8620288739842,664.8620288739842,829.1283107006029,829.1283107006029,253.69824403393625,0.0,0.0,0.0,10598.563873936682,0.5794,1.0185
3,2025-03-20,35,36,6:00,-0.0,24.659066948375425,664.8620288739842,664.8620288739842,0.0,6.601087792682392,0.0,0.0,10591.229331944813,1.0185,0.995
3,2025-03-20,36,37,6:10,0.0,5.650291565901398,-0.0,24.659066948375425,0.0,802.3559330516246,0.0,0.0,9699.72273966523,0.995,0.8932
3,2025-03-20,37,38,6:20,0.0,0.0,0.0,5.650291565901398,0.0,786.299641767432,0.0,0.0,8826.05647103475,0.8932,0.9281
3,2025-03-20,38,39,6:30,0.0,0.0,0.0,0.0,0.0,709.9633166666667,0.0,0.0,8037.20834140512,0.9281,0.9231
3,2025-03-20,39,40,6:40,0.0,0.0,0.0,0.0,0.0,671.3708333333333,0.0,0.0,7291.240748812528,0.9231,0.902
3,2025-03-20,40,41,6:50,-0.0,0.0,0.0,0.0,0.0,629.0448666666667,0.0,0.0,6592.302008071787,0.902,0.8707
3,2025-03-20,41,42,7:00,0.0,0.0,-0.0,0.0,0.0,586.1559166666666,0.0,0.0,5941.017656219935,0.8707,0.7992
3,2025-03-20,42,43,7:10,-0.0,309.26631050378387,0.0,0.0,0.0,531.1820833333334,0.0,0.0,5350.81534140512,0.7992,0.7957
3,2025-03-20,43,44,7:20,371.8853510903129,391.8962219857644,-0.0,309.26631050378387,0.0,137.30918949621616,0.0,0.0,5198.249575298213,0.7957,0.8046
3,2025-03-20,44,45,7:30,324.1917452499898,354.89736905662784,371.8853510903129,391.8962219857644,0.0,9.345394680902189,0.0,0.0,5187.8658034305445,0.8046,0.7001
3,2025-03-20,45,46,7:40,270.4254036258159,305.80728898320126,324.1917452499898,354.89736905662784,0.0,14.679714276705454,0.0,0.0,5171.55500978976,0.7001,0.8467
3,2025-03-20,46,47,7:50,0.0,0.0,270.4254036258159,305.80728898320126,25.117088983201256,0.0,0.0,0.0,5194.160389874642,0.8467,1.1788
3,2025-03-20,47,48,8:00,0.0,0.0,0.0,0.0,0.0,334.5780666666667,0.0,0.0,4822.406982467234,1.1788,1.2356
3,2025-03-20,48,49,8:10,0.0,0.0,0.0,0.0,0.0,488.1795833333334,0.0,0.0,4279.985223207975,1.2356,1.1876
3,2025-03-20,49,50,8:20,0.0,0.0,0.0,0.0,0.0,482.8038499999999,0.0,0.0,3743.536500985753,1.1876,1.1569
3,2025-03-20,50,51,8:30,0.0,0.0,0.0,0.0,0.0,438.3713999999999,0.0,0.0,3256.4571676524197,1.1569,1.0869
3,2025-03-20,51,52,8:40,0.0,0.0,0.0,0.0,0.0,411.15750000000014,0.0,0.0,2799.615500985753,1.0869,1.0527
3,2025-03-20,52,53,8:50,0.0,0.0,0.0,0.0,0.0,332.6721833333331,0.0,0.0,2429.979741726494,1.0527,1.068
3,2025-03-20,53,54,9:00,0.0,0.0,0.0,0.0,0.0,278.00513333333333,0.0,0.0,2121.0851491339013,1.068,1.0672
3,2025-03-20,54,55,9:10,0.0,0.0,0.0,0.0,0.0,262.8204166666668,0.0,0.0,1829.062463948716,1.0672,1.0563
3,2025-03-20,55,56,9:20,0.0,0.0,0.0,0.0,0.0,221.28376666666668,0.0,0.0,1583.191612096864,1.0563,1.0344
3,2025-03-20,56,57,9:30,0.0,0.0,0.0,0.0,0.0,150.51836666666668,0.0,0.0,1415.9489824672344,1.0344,0.9937
3,2025-03-20,57,58,9:40,0.0,0.0,0.0,0.0,0.0,77.1854166666667,0.0,0.0,1330.1874083931602,0.9937,0.9971
3,2025-03-20,58,59,9:50,0.0,0.0,0.0,0.0,0.0,36.094750000000204,0.0,0.0,1290.0821306153823,0.9971,1.0131
3,2025-03-20,59,60,10:00,0.0,0.0,0.0,0.0,0.0,41.25734999999986,0.0,0.0,1244.2406306153825,1.0131,0.948
3,2025-03-20,60,61,10:10,0.0,0.0,0.0,0.0,0.0,39.81656755384429,5.390515779488943,0.0,1200.0,0.948,0.9058
3,2025-03-20,61,62,10:20,0.0,0.0,0.0,0.0,16.20875000000001,0.0,0.0,0.0,1214.587875,0.9058,0.9279
3,2025-03-20,62,63,10:30,0.0,0.0,0.0,0.0,54.787799999999834,0.0,0.0,0.0,1263.8968949999999,0.9279,0.927
3,2025-03-20,63,64,10:40,0.0,0.0,0.0,0.0,67.57749999999987,0.0,0.0,0.0,1324.7166449999997,0.927,0.7628
3,2025-03-20,64,65,10:50,0.0,0.0,0.0,0.0,135.7130666666667,0.0,0.0,0.0,1446.8584049999997,0.7628,0.544
3,2025-03-20,65,66,11:00,503.65869571755434,503.65869571755434,0.0,0.0,183.83656666666684,0.0,0.0,0.0,1612.311315,0.544,0.5346
3,2025-03-20,66,67,11:10,466.78197369079066,466.78197369079066,503.65869571755434,503.65869571755434,667.5086957175545,0.0,0.0,0.0,2213.069141145799,0.5346,0.5872
3,2025-03-20,67,68,11:20,276.6617068260575,276.6617068260575,466.78197369079066,466.78197369079066,576.7193570241241,0.0,0.0,0.0,2732.116562467511,0.5872,0.577
3,2025-03-20,68,69,11:30,437.698286499736,437.698286499736,276.6617068260575,276.6617068260575,386.5028568260577,0.0,0.0,0.0,3079.9691336109627,0.577,0.5241
3,2025-03-20,69,70,11:40,481.33546751605627,481.33546751605627,437.698286499736,437.698286499736,597.2753698330694,0.0,0.0,0.0,3617.516966460725,0.5241,0.5111
3,2025-03-20,70,71,11:50,512.7776443338951,489.8642982909612,481.33546751605627,481.33546751605627,661.6030841827228,0.0,0.0,0.0,4212.959742225175,0.5111,0.5158
3,2025-03-20,71,72,12:00,503.4912906403638,531.063488223357,512.7776443338951,489.8642982909612,699.0994149576277,0.0,0.0,0.0,4842.149215687041,0.5158,0.4519
3,2025-03-20,72,73,12:10,457.13676880162484,507.518638346443,503.4912906403638,531.063488223357,806.0851548900235,0.0,0.0,0.0,5567.625855088062,0.4519,0.4435
3,2025-03-20,73,74,12:20,445.2794806388406,506.16881054417274,457.13676880162484,507.518638346443,833.3333333333333,0.0,0.0,28.206621679776504,6317.625855088062,0.4435,0.4915
3,2025-03-20,74,75,12:30,510.56846561004727,512.9053146562788,445.2794806388406,506.16881054417274,833.3333333333333,0.0,0.0,45.392277210839325,7067.625855088062,0.4915,0.4972
3,2025-03-20,75,76,12:40,567.5749420340703,567.5749420340703,510.56846561004727,512.9053146562788,817.1890646562789,0.0,0.0,0.0,7803.096013278713,0.4972,0.6604
3,2025-03-20,76,77,12:50,0.0,0.0,567.5749420340703,567.5749420340703,767.4043753674036,0.0,0.0,0.0,8493.759951109376,0.6604,0.9001
3,2025-03-20,77,78,13:00,0.0,0.0,0.0,0.0,173.09823333333338,0.0,0.0,0.0,8649.548361109375,0.9001,0.9125
3,2025-03-20,78,79,13:10,0.0,0.0,0.0,0.0,195.73666666666668,0.0,0.0,0.0,8825.711361109376,0.9125,0.919
3,2025-03-20,79,80,13:20,0.0,0.0,0.0,0.0,138.07556666666665,0.0,0.0,0.0,8949.979371109375,0.919,0.9817
3,2025-03-20,80,81,13:30,0.0,0.0,0.0,0.0,90.30038333333323,0.0,0.0,0.0,9031.249716109374,0.9817,0.9361
3,2025-03-20,81,82,13:40,0.0,0.0,0.0,0.0,95.11874999999986,0.0,0.0,0.0,9116.856591109374,0.9361,0.8829
3,2025-03-20,82,83,13:50,0.0,0.0,0.0,0.0,102.19911666666667,0.0,0.0,0.0,9208.835796109373,0.8829,0.8924
3,2025-03-20,83,84,14:00,0.0,0.0,0.0,0.0,104.79273333333344,0.0,0.0,0.0,9303.149256109373,0.8924,0.9351
3,2025-03-20,84,85,14:10,0.0,0.0,0.0,0.0,86.65499999999975,0.0,0.0,0.0,9381.138756109372,0.9351,0.9817
3,2025-03-20,85,86,14:20,0.0,0.0,0.0,0.0,28.355233333333217,0.0,0.0,0.0,9406.658466109373,0.9817,1.0267
3,2025-03-20,86,87,14:30,0.0,0.0,0.0,0.0,0.0,18.553900000000112,0.0,0.0,9386.04302166493,1.0267,1.0547
3,2025-03-20,87,88,14:40,0.0,0.0,0.0,0.0,0.0,39.517083333333176,0.0,0.0,9342.135151294558,1.0547,0.9267
3,2025-03-20,88,89,14:50,0.0,0.0,0.0,0.0,0.0,70.29328333333319,0.0,0.0,9264.03150314641,0.9267,0.7137
3,2025-03-20,89,90,15:00,298.3974291915986,298.3974291915986,0.0,0.0,0.0,126.35851666666656,0.0,0.0,9123.633151294558,0.7137,0.6525
3,2025-03-20,90,91,15:10,916.0714155740793,916.0714155740793,298.3974291915986,298.3974291915986,117.75326252493187,0.0,0.0,0.0,9229.611087566997,0.6525,0.6799
3,2025-03-20,91,92,15:20,352.37585224968717,352.37585224968717,916.0714155740793,916.0714155740793,718.7528489074126,0.0,0.0,0.0,9876.488651583668,0.6799,0.7301
3,2025-03-20,92,93,15:30,399.3331571053815,399.3331571053815,352.37585224968717,352.37585224968717,103.56908558302058,0.0,0.0,0.0,9969.700828608386,0.7301,0.805
3,2025-03-20,93,94,15:40,451.8720603623349,451.8720603623349,399.3331571053815,399.3331571053815,59.19065710538143,0.0,0.0,0.0,10022.972420003229,0.805,0.8788
3,2025-03-20,94,95,15:50,480.3256681307323,480.3256681307323,451.8720603623349,451.8720603623349,49.08979369566828,0.0,0.0,0.0,10067.153234329331,0.8788,0.9089
3,2025-03-20,95,96,16:00,496.76051642643495,496.76051642643495,480.3256681307323,480.3256681307323,27.873218130732425,0.0,0.0,0.0,10092.23913064699,0.9089,0.8767
3,2025-03-20,96,97,16:10,546.760594191149,546.760594191149,496.76051642643495,496.76051642643495,0.0,10.563650240231823,0.0,0.0,10080.501741491178,0.8767,0.8888
3,2025-03-20,97,98,16:20,596.9798530053139,596.9798530053139,546.760594191149,546.760594191149,0.0,15.500955808851131,0.0,0.0,10063.27845725912,0.8888,0.9441
3,2025-03-20,98,99,16:30,656.8817846647323,656.8817846647323,596.9798530053139,596.9798530053139,0.0,2.0873636613528106,0.0,0.0,10060.959164302061,0.9441,0.946
3,2025-03-20,99,100,16:40,689.1439866954397,689.1439866954397,656.8817846647323,656.8817846647323,26.125534664732413,0.0,0.0,0.0,10084.47214550032,0.946,0.9677
3,2025-03-20,100,101,16:50,725.8628294856031,725.8628294856031,689.1439866954397,689.1439866954397,0.4084366954397183,0.0,0.0,0.0,10084.839738526216,0.9677,1.0139
3,2025-03-20,101,102,17:00,780.0738861234007,780.0738861234007,725.8628294856031,725.8628294856031,0.0,16.86145384772999,0.0,0.0,10066.104789806515,1.0139,1.0152
3,2025-03-20,102,103,17:10,834.9323298726771,834.9323298726771,780.0738861234007,780.0738861234007,0.0,7.339030543265835,0.0,0.0,10057.95031142511,1.0152,1.0487
3,2025-03-20,103,104,17:20,873.3296070329225,873.3296070329225,834.9323298726771,834.9323298726771,0.0,8.300120127322998,0.0,0.0,10048.727955728084,1.0487,1.0879
3,2025-03-20,104,105,17:30,936.6812075668435,936.6812075668435,873.3296070329225,873.3296070329225,0.0,0.5255763004108758,0.0,0.0,10048.143982060961,1.0879,1.0391
3,2025-03-20,105,106,17:40,1029.6778691025786,1029.6778691025786,936.6812075668435,936.6812075668435,31.95745756684346,0.0,0.0,0.0,10076.90569387112,1.0391,1.0932
3,2025-03-20,106,107,17:50,915.7083196740482,915.7083196740482,1029.6778691025786,1029.6778691025786,56.58711910257864,0.0,0.0,0.0,10127.834101063441,1.0932,1.2488
3,2025-03-20,107,108,18:00,-0.0,650.5127190074603,915.7083196740482,915.7083196740482,42.70513634071483,0.0,0.0,0.0,10166.268723770085,1.2488,1.2993
3,2025-03-20,108,109,18:10,0.0,0.0,-0.0,650.5127190074603,0.0,31.840614325872934,0.0,0.0,10130.890263408004,1.2993,1.2761
3,2025-03-20,109,110,18:20,685.6200115917095,721.4388605985747,0.0,0.0,0.0,697.9972833333333,0.0,0.0,9355.337726370966,1.2761,1.2567
3,2025-03-20,110,111,18:30,0.0,0.0,685.6200115917095,721.4388605985747,0.0,17.86935606809186,0.0,0.0,9335.482886295309,1.2567,1.2773
3,2025-03-20,111,112,18:40,0.0,0.0,0.0,0.0,0.0,709.2416666666666,0.0,0.0,8547.436589999013,1.2773,1.2813
3,2025-03-20,112,113,18:50,-0.0,0.0,0.0,0.0,0.0,714.4228166666667,0.0,0.0,7753.633460369384,1.2813,1.2693
3,2025-03-20,113,114,19:00,0.0,0.0,-0.0,0.0,0.0,744.9743333333333,0.0,0.0,6925.884201110125,1.2693,1.2899
3,2025-03-20,114,115,19:10,329.1095628087511,329.1095628087511,0.0,0.0,0.0,763.2066666666666,0.0,0.0,6077.876793702718,1.2899,1.2669
3,2025-03-20,115,116,19:20,681.8487622975706,681.8487622975706,329.1095628087511,329.1095628087511,0.0,417.60847052458223,0.0,0.0,5613.867382008738,1.2669,1.2323
3,2025-03-20,116,117,19:30,-0.0,0.0,681.8487622975706,681.8487622975706,0.0,32.40673770242938,0.0,0.0,5577.8598956727055,1.2323,1.2902
3,2025-03-20,117,118,19:40,0.0,0.0,-0.0,0.0,0.0,699.4633333333333,0.0,0.0,4800.678414191224,1.2902,1.2824
3,2025-03-20,118,119,19:50,-0.0,0.0,0.0,0.0,0.0,721.8114,0.0,0.0,3998.6657475245574,1.2824,1.2233
3,2025-03-20,119,120,20:00,680.4625546361542,680.4625546361542,-0.0,0.0,0.0,728.4909999999999,0.0,0.0,3189.2313030801133,1.2233,1.2789
3,2025-03-20,120,121,20:10,704.0530405845047,704.0530405845047,680.4625546361542,680.4625546361542,0.0,45.90577869717913,0.0,0.0,3138.2248823054697,1.2789,1.2779
3,2025-03-20,121,122,20:20,700.5744235143015,700.5744235143015,704.0530405845047,704.0530405845047,0.0,60.283476082162,0.0,0.0,3071.2432422141787,1.2779,1.2388
3,2025-03-20,122,123,20:30,0.0,0.0,700.5744235143015,700.5744235143015,0.0,53.36939315236509,0.0,0.0,3011.943916489329,1.2388,1.3228
3,2025-03-20,123,124,20:40,0.0,0.0,0.0,0.0,0.0,702.5616666666666,0.0,0.0,2231.3198424152547,1.3228,1.1769
3,2025-03-20,124,125,20:50,732.3175218073608,732.3175218073608,0.0,0.0,0.0,709.3744833333333,0.0,0.0,1443.1259720448843,1.1769,0.8862
3,2025-03-20,125,126,21:00,748.9326589083031,764.7171899250357,732.3175218073608,732.3175218073608,12.481538474027388,0.0,0.0,0.0,1454.359356671509,0.8862,0.917
3,2025-03-20,126,127,21:10,745.6758685035466,746.3868568786252,748.9326589083031,764.7171899250357,55.175523258369026,0.0,0.0,0.0,1504.0173276040412,0.917,0.9999
3,2025-03-20,127,128,21:20,725.7062658263533,737.3778556477064,745.6758685035466,746.3868568786252,31.34217354529187,0.0,0.0,0.0,1532.2252837948038,0.9999,0.9964
3,2025-03-20,128,129,21:30,734.8472449558542,745.8139595330772,725.7062658263533,737.3778556477064,0.9272556477064882,0.0,0.0,0.0,1533.0598138777395,0.9964,1.0003
3,2025-03-20,129,130,21:40,709.1914543195202,720.7608731393367,734.8472449558542,745.8139595330772,0.0,13.119373800256199,0.0,0.0,1518.4827318774549,1.0003,0.7708
3,2025-03-20,130,131,21:50,646.7144811744053,646.7144811744053,709.1914543195202,720.7608731393367,0.0,33.61459352732993,0.0,0.0,1481.1331835137548,0.7708,0.419
3,2025-03-20,131,132,22:00,1355.1428122219265,1355.1428122219265,646.7144811744053,646.7144811744053,0.0,20.223052158928,0.0,0.0,1458.6631255593904,0.419,0.3484
3,2025-03-20,132,133,22:10,1367.6413293477272,1367.6413293477272,1355.1428122219265,1355.1428122219265,801.9861455552599,0.0,0.0,0.0,2180.4506565591246,0.3484,0.3833
3,2025-03-20,133,134,22:20,1373.7415451847055,1373.7415451847055,1367.6413293477272,1367.6413293477272,828.7398626810605,0.0,0.0,0.0,2926.316532972079,0.3833,0.3903
3,2025-03-20,134,135,22:30,1366.1430183847774,1366.1430183847774,1373.7415451847055,1373.7415451847055,820.4130451847055,0.0,0.0,0.0,3664.688273638314,0.3903,0.4126
3,2025-03-20,135,136,22:40,1359.3934318895058,1359.3934318895058,1366.1430183847774,1366.1430183847774,823.5030183847774,0.0,0.0,0.0,4405.8409901846135,0.4126,0.4343
3,2025-03-20,136,137,22:50,1359.4105296129069,1359.4105296129069,1359.3934318895058,1359.3934318895058,833.3333333333333,0.0,0.0,2.0379985561726244,5155.8409901846135,0.4343,0.4428
3,2025-03-20,137,138,23:00,1362.073402754198,1362.073402754198,1359.4105296129069,1359.4105296129069,832.4409629462402,0.0,0.0,0.0,5905.037856836229,0.4428,0.4397
3,2025-03-20,138,139,23:10,1386.4793315510929,1386.4793315510929,1362.073402754198,1362.073402754198,812.673402754198,0.0,0.0,0.0,6636.443919315007,0.4397,0.4049
3,2025-03-20,139,140,23:20,1367.30181783461,1367.30181783461,1386.4793315510929,1386.4793315510929,827.0779815510929,0.0,0.0,0.0,7380.814102710991,0.4049,0.3814
3,2025-03-20,140,141,23:30,1354.9409511504616,1354.9409511504616,1367.30181783461,1367.30181783461,823.6738845012766,0.0,0.0,0.0,8122.120598762141,0.3814,0.4248
3,2025-03-20,141,142,23:40,1375.4088969216239,1371.4815271980929,1354.9409511504616,1354.9409511504616,810.319284483795,0.0,0.0,0.0,8851.407954797556,0.4248,0.3795
3,2025-03-20,142,143,23:50,1312.2922142538853,1312.2922142538853,1375.4088969216239,1371.4815271980929,770.8021938647596,0.0,0.0,0.0,9545.12992927584,0.3795,0.2794
3,2025-03-20,143,0,24:00,1214.044173458933,1214.044173458933,1312.2922142538853,1312.2922142538853,771.314030920552,0.0,0.0,0.0,10239.312557104337,0.2794,0.4487
3,2025-06-21,0,1,0:10,446.7544217782937,446.7544217782937,517.4036733829895,517.4036733829895,0.0,21.087993283677065,0.0,0.0,2776.1925986404635,0.3564,0.3917
3,2025-06-21,1,2,0:20,486.13949202386294,486.13949202386294,446.7544217782937,446.7544217782937,0.0,67.90954488837292,0.0,0.0,2700.7375487644936,0.3908,0.4598
3,2025-06-21,2,3,0:30,477.28262313894083,477.28262313894083,486.13949202386294,486.13949202386294,0.0,47.209157976136964,0.0,0.0,2648.282928791008,0.4598,0.409
3,2025-06-21,3,4,0:40,510.2748031913664,510.2748031913664,477.28262313894083,477.28262313894083,0.0,89.62737686105913,0.0,0.0,2548.6969545009424,0.409,0.3618
3,2025-06-21,4,5,0:50,570.9562323101006,570.9562323101006,510.2748031913664,510.2748031913664,0.0,0.3128801419669003,0.0,0.0,2548.349309898757,0.3618,0.3786
3,2025-06-21,5,6,1:00,536.0144327948857,536.0144327948857,570.9562323101006,570.9562323101006,100.91336564343396,0.0,0.0,0.0,2639.1713389778474,0.3786,0.3988
3,2025-06-21,6,7,1:10,476.99939776831866,476.99939776831866,536.0144327948857,536.0144327948857,55.45109946155236,0.0,0.0,0.0,2689.0773284932447,0.3988,0.4164
3,2025-06-21,7,8,1:20,482.78539601002296,482.78539601002296,476.99939776831866,476.99939776831866,0.0,1.3305355650146566,0.0,0.0,2687.5989556432287,0.4164,0.4254
3,2025-06-21,8,9,1:30,497.9908217979254,497.9908217979254,482.78539601002296,482.78539601002296,0.0,14.852720656643669,0.0,0.0,2671.0959326914026,0.4254,0.4165
3,2025-06-21,9,10,1:40,514.3826795228683,514.3826795228683,497.9908217979254,497.9908217979254,0.0,29.372511535407853,0.0,0.0,2638.4598087631716,0.4165,0.4295
3,2025-06-21,10,11,1:50,498.72759045310255,498.72759045310255,514.3826795228683,514.3826795228683,3.5750628562017255,0.0,0.0,0.0,2641.677365333753,0.4295,0.4451
3,2025-06-21,11,12,2:00,492.89626363784396,492.89626363784396,498.72759045310255,498.72759045310255,6.386607119769224,0.0,0.0,0.0,2647.4253117415456,0.4451,0.405
3,2025-06-21,12,13,2:10,496.9193838703054,496.9193838703054,492.89626363784396,492.89626363784396,0.0,6.207069695489338,0.0,0.0,2640.5285676354465,0.405,0.3784
3,2025-06-21,13,14,2:20,461.8279049717686,461.8279049717686,496.9193838703054,496.9193838703054,0.0,15.147516129694623,0.0,0.0,2623.697994158008,0.3784,0.3917
3,2025-06-21,14,15,2:30,445.21932204616047,445.21932204616047,461.8279049717686,461.8279049717686,0.0,40.35567836156474,0.0,0.0,2578.858351534047,0.3917,0.3964
3,2025-06-21,15,16,2:40,496.47555773467485,496.47555773467485,445.21932204616047,445.21932204616047,0.0,27.90567795383953,0.0,0.0,2547.8520426964474,0.3964,0.3495
3,2025-06-21,16,17,2:50,500.95772483692394,500.95772483692394,496.47555773467485,496.47555773467485,38.15557440134154,0.0,0.0,0.0,2582.1920596576547,0.3495,0.3048
3,2025-06-21,17,18,3:00,451.0455445612597,451.0455445612597,500.95772483692394,500.95772483692394,30.860274836923963,0.0,0.0,0.0,2609.9663070108863,0.3048,0.3585
3,2025-06-21,18,19,3:10,460.5374421623044,460.5374421623044,451.0455445612597,451.0455445612597,0.0,38.327788772073575,0.0,0.0,2567.3798750419155,0.3585,0.4058
3,2025-06-21,19,20,3:20,464.84655303854584,464.84655303854584,460.5374421623044,460.5374421623044,0.0,26.160591171028955,0.0,0.0,2538.31255151855,0.4058,0.4053
3,2025-06-21,20,21,3:30,489.2278310300852,489.2278310300852,464.84655303854584,464.84655303854584,0.0,26.992246961454157,0.0,0.0,2508.321166005823,0.4053,0.4087
3,2025-06-21,21,22,3:40,490.74794758253535,490.74794758253535,489.2278310300852,489.2278310300852,0.0,7.0238356365814525,0.0,0.0,2500.516904187399,0.4087,0.3866
3,2025-06-21,22,23,3:50,484.0911818288206,484.0911818288206,490.74794758253535,490.74794758253535,27.367647582535426,0.0,0.0,0.0,2525.147787011681,0.3866,0.3566
3,2025-06-21,23,24,4:00,473.7617713193388,473.7617713193388,484.0911818288206,484.0911818288206,29.37353182882066,0.0,0.0,0.0,2551.5839656576195,0.3566,0.3708
3,2025-06-21,24,25,4:10,480.0226010372437,480.0226010372437,473.7617713193388,473.7617713193388,0.0,3.2698953473278607,0.0,0.0,2547.950748605033,0.3708,0.3532
3,2025-06-21,25,26,4:20,476.8492495562157,476.8492495562157,480.0226010372437,480.0226010372437,5.740617703910345,0.0,0.0,0.0,2553.117304538552,0.3532,0.3096
3,2025-06-21,26,27,4:30,480.3635502204426,480.3635502204426,476.8492495562157,476.8492495562157,18.69074955621568,0.0,0.0,0.0,2569.9389791391463,0.3096,0.3237
3,2025-06-21,27,28,4:40,476.0844133297369,476.0844133297369,480.3635502204426,480.3635502204426,34.145216887109314,0.0,0.0,0.0,2600.6696743375446,0.3237,0.3321
3,2025-06-21,28,29,4:50,464.9756599303578,464.9756599303578,476.0844133297369,476.0844133297369,33.131129996403615,0.0,0.0,0.0,2630.487691334308,0.3321,0.3143
3,2025-06-21,29,30,5:00,448.59284855648747,448.59284855648747,464.9756599303578,464.9756599303578,14.58890993035783,0.0,0.0,0.0,2643.6177102716297,0.3143,0.3191
3,2025-06-21,30,31,5:10,430.6885934949152,430.6885934949152,448.59284855648747,448.59284855648747,0.0,5.581318110179211,0.0,0.0,2637.4162457047637,0.3191,0.3488
3,2025-06-21,31,32,5:20,413.081957366967,413.081957366967,430.6885934949152,430.6885934949152,6.029876828248575,0.0,0.0,0.0,2642.843134850187,0.3488,0.3395
3,2025-06-21,32,33,5:30,399.0640732941686,399.0640732941686,413.081957366967,413.081957366967,22.598507366967,0.0,0.0,0.0,2663.1817914804574,0.3395,0.2621
3,2025-06-21,33,34,5:40,1087.0917419567918,1087.0917419567918,399.0640732941686,399.0640732941686,28.218239960835263,0.0,0.0,0.0,2688.578207445209,0.2621,0.4169
3,2025-06-21,34,35,5:50,0.0,0.0,1087.0917419567918,1087.0917419567918,727.5137419567918,0.0,0.0,0.0,3343.340575206322,0.4169,0.7087
3,2025-06-21,35,36,6:00,0.0,0.0,0.0,0.0,0.0,337.0349166666666,0.0,0.0,2968.857334465581,0.7087,0.7158
3,2025-06-21,36,37,6:10,0.0,0.0,0.0,0.0,0.0,308.48999999999995,0.0,0.0,2626.0906677989146,0.7158,0.6144
3,2025-06-21,37,38,6:20,0.0,0.0,0.0,0.0,0.0,291.9625,0.0,0.0,2301.687890021137,0.6144,0.5732
3,2025-06-21,38,39,6:30,0.0,0.0,0.0,0.0,0.0,246.47136666666668,0.0,0.0,2027.8308159470628,0.5732,0.586
3,2025-06-21,39,40,6:40,0.0,0.0,0.0,0.0,0.0,166.35125,0.0,0.0,1842.9960937248406,0.586,0.6004
3,2025-06-21,40,41,6:50,0.0,0.0,0.0,0.0,0.0,97.38518333333332,0.0,0.0,1734.7903344655815,0.6004,0.5991
3,2025-06-21,41,42,7:00,0.0,0.0,0.0,0.0,0.0,86.21210000000008,0.0,0.0,1638.9991122433591,0.5991,0.598
3,2025-06-21,42,43,7:10,0.0,0.0,0.0,0.0,0.0,100.83666666666659,0.0,0.0,1526.9583715026185,0.598,0.5678
3,2025-06-21,43,44,7:20,0.0,0.0,0.0,0.0,0.0,63.282299999999964,0.0,0.0,1456.6447048359519,0.5678,0.5032
3,2025-06-21,44,45,7:30,0.0,0.0,0.0,0.0,0.0,21.927683333333334,0.0,0.0,1432.2806122433592,0.5032,0.4634
3,2025-06-21,45,46,7:40,0.0,0.0,0.0,0.0,8.33958333333328,0.0,0.0,0.0,1439.7862372433592,0.4634,0.6087
3,2025-06-21,46,47,7:50,0.0,0.0,0.0,0.0,62.9667833333333,0.0,0.0,0.0,1496.4563422433591,0.6087,0.8359
3,2025-06-21,47,48,8:00,0.0,0.0,0.0,0.0,116.30371666666667,0.0,0.0,0.0,1601.129687243359,0.8359,0.8537
3,2025-06-21,48,49,8:10,0.0,0.0,0.0,0.0,156.84416666666664,0.0,0.0,0.0,1742.289437243359,0.8537,0.7708
3,2025-06-21,49,50,8:20,0.0,0.0,0.0,0.0,195.4521166666667,0.0,0.0,0.0,1918.1963422433591,0.7708,0.7264
3,2025-06-21,50,51,8:30,0.0,0.0,0.0,0.0,213.46854999999994,0.0,0.0,0.0,2110.318037243359,0.7264,0.7632
3,2025-06-21,51,52,8:40,0.0,0.0,0.0,0.0,220.18499999999995,0.0,0.0,0.0,2308.484537243359,0.7632,0.8305
3,2025-06-21,52,53,8:50,0.0,0.0,0.0,0.0,241.48293333333334,0.0,0.0,0.0,2525.819177243359,0.8305,0.8764
3,2025-06-21,53,54,9:00,0.0,0.0,0.0,0.0,229.76293333333342,0.0,0.0,0.0,2732.605817243359,0.8764,0.8731
3,2025-06-21,54,55,9:10,0.0,0.0,0.0,0.0,182.57583333333332,0.0,0.0,0.0,2896.924067243359,0.8731,0.8073
3,2025-06-21,55,56,9:20,0.0,0.0,0.0,0.0,160.17538333333334,0.0,0.0,0.0,3041.081912243359,0.8073,0.7234
3,2025-06-21,56,57,9:30,0.0,0.0,0.0,0.0,214.96996666666678,0.0,0.0,0.0,3234.5548822433593,0.7234,0.6977
3,2025-06-21,57,58,9:40,0.0,0.0,0.0,0.0,328.2854166666667,0.0,0.0,0.0,3530.011757243359,0.6977,0.7164
3,2025-06-21,58,59,9:50,0.0,0.0,0.0,0.0,421.11823333333336,0.0,0.0,0.0,3909.018167243359,0.7164,0.7212
3,2025-06-21,59,60,10:00,0.0,0.0,0.0,0.0,449.5261833333334,0.0,0.0,0.0,4313.591732243359,0.7212,0.6702
3,2025-06-21,60,61,10:10,0.0,0.0,0.0,0.0,440.56624999999997,0.0,0.0,0.0,4710.1013572433585,0.6702,0.6649
3,2025-06-21,61,62,10:20,0.0,0.0,0.0,0.0,460.63086666666663,0.0,0.0,0.0,5124.669137243359,0.6649,0.7152
3,2025-06-21,62,63,10:30,0.0,0.0,0.0,0.0,489.0171333333333,0.0,0.0,0.0,5564.784557243359,0.7152,0.7053
3,2025-06-21,63,64,10:40,0.0,0.0,0.0,0.0,516.5129166666667,0.0,0.0,0.0,6029.646182243359,0.7053,0.5367
3,2025-06-21,64,65,10:50,0.0,0.0,0.0,0.0,561.1812333333335,0.0,0.0,0.0,6534.709292243359,0.5367,0.3314
3,2025-06-21,65,66,11:00,0.0,0.0,0.0,0.0,612.9263166666666,0.0,0.0,0.0,7086.342977243359,0.3314,0.3161
3,2025-06-21,66,67,11:10,0.0,0.0,0.0,0.0,620.1483333333333,0.0,0.0,0.0,7644.476477243359,0.3161,0.2901
3,2025-06-21,67,68,11:20,0.0,0.0,0.0,0.0,560.1608333333334,0.0,0.0,0.0,8148.6212272433595,0.2901,0.2072
3,2025-06-21,68,69,11:30,0.0,0.0,0.0,0.0,647.0425166666666,0.0,0.0,0.0,8730.959492243359,0.2072,0.2258
3,2025-06-21,69,70,11:40,0.0,0.0,0.0,0.0,807.4108333333332,0.0,0.0,0.0,9457.629242243358,0.2258,0.2711
3,2025-06-21,70,71,11:50,0.0,0.0,0.0,0.0,745.92895,0.0,0.0,0.0,10128.965297243358,0.2711,0.2744
3,2025-06-21,71,72,12:00,0.0,0.0,0.0,0.0,658.8928833333334,0.0,0.0,0.0,10721.968892243358,0.2744,0.2473
3,2025-06-21,72,73,12:10,0.0,0.0,0.0,0.0,86.70123084071342,0.0,0.0,585.6375191592866,10800.0,0.2473,0.2497
3,2025-06-21,73,74,12:20,0.0,0.0,0.0,0.0,0.0,0.0,0.0,718.1202666666666,10800.0,0.2497,0.2484
3,2025-06-21,74,75,12:30,0.0,0.0,0.0,0.0,0.0,0.0,0.0,741.4567166666668,10800.0,0.2484,0.1828
3,2025-06-21,75,76,12:40,0.0,0.0,0.0,0.0,0.0,0.0,0.0,742.40875,10800.0,0.1828,0.2868
3,2025-06-21,76,77,12:50,0.0,0.0,0.0,0.0,0.0,0.0,0.0,757.6472166666668,10800.0,0.2868,0.5464
3,2025-06-21,77,78,13:00,0.0,0.0,0.0,0.0,0.0,0.0,0.0,771.6880166666667,10800.0,0.5464,0.681
3,2025-06-21,78,79,13:10,0.0,0.0,0.0,0.0,0.0,0.0,0.0,726.9316666666666,10800.0,0.681,0.6383
3,2025-06-21,79,80,13:20,0.0,0.0,0.0,0.0,0.0,0.0,0.0,597.1579833333333,10800.0,0.6383,0.5716
3,2025-06-21,80,81,13:30,0.0,0.0,0.0,0.0,0.0,0.0,0.0,582.0512833333333,10800.0,0.5716,0.6829
3,2025-06-21,81,82,13:40,0.0,0.0,0.0,0.0,0.0,0.0,0.0,625.2662499999999,10800.0,0.6829,0.797
3,2025-06-21,82,83,13:50,0.0,0.0,0.0,0.0,0.0,0.0,0.0,477.5871333333332,10800.0,0.797,0.8133
3,2025-06-21,83,84,14:00,0.0,0.0,0.0,0.0,0.0,0.0,0.0,358.2528000000001,10800.0,0.8133,0.7993
3,2025-06-21,84,85,14:10,0.0,0.0,0.0,0.0,0.0,0.0,0.0,349.0583333333333,10800.0,0.7993,0.8114
3,2025-06-21,85,86,14:20,0.0,0.0,0.0,0.0,0.0,0.0,0.0,315.65121666666664,10800.0,0.8114,0.8574
3,2025-06-21,86,87,14:30,0.0,0.0,0.0,0.0,0.0,0.0,0.0,288.67764999999997,10800.0,0.8574,0.8672
3,2025-06-21,87,88,14:40,0.0,0.0,0.0,0.0,0.0,0.0,0.0,288.4579166666666,10800.0,0.8672,0.6527
3,2025-06-21,88,89,14:50,0.0,0.0,0.0,0.0,0.0,0.0,0.0,289.5348999999999,10800.0,0.6527,0.3818
3,2025-06-21,89,90,15:00,0.0,0.0,0.0,0.0,0.0,0.0,0.0,299.46608333333336,10800.0,0.3818,0.4347
3,2025-06-21,90,91,15:10,0.0,0.0,0.0,0.0,0.0,0.0,0.0,300.13041666666663,10800.0,0.4347,0.5156
3,2025-06-21,91,92,15:20,0.0,0.0,0.0,0.0,0.0,0.0,0.0,256.8200666666668,10800.0,0.5156,0.4952
3,2025-06-21,92,93,15:30,0.0,0.0,0.0,0.0,0.0,0.0,0.0,204.7881666666666,10800.0,0.4952,0.5311
3,2025-06-21,93,94,15:40,0.0,0.0,0.0,0.0,0.0,0.0,0.0,155.9333333333334,10800.0,0.5311,0.5692
3,2025-06-21,94,95,15:50,27.68202258543829,27.68202258543829,0.0,0.0,0.0,0.0,0.0,90.65628333333325,10800.0,0.5692,0.5723
3,2025-06-21,95,96,16:00,100.4848605219538,100.4848605219538,27.68202258543829,27.68202258543829,0.0,0.0,0.0,55.011005918771616,10800.0,0.5723,0.5744
3,2025-06-21,96,97,16:10,169.71629011244931,169.71629011244931,100.4848605219538,100.4848605219538,0.0,0.0,0.0,73.47986052195381,10800.0,0.5744,0.599
3,2025-06-21,97,98,16:20,165.8271364089437,165.8271364089437,169.71629011244931,169.71629011244931,0.0,0.0,0.0,91.14474011244931,10800.0,0.599,0.6284
3,2025-06-21,98,99,16:30,154.94483626877832,154.94483626877832,165.8271364089437,165.8271364089437,0.0,0.0,0.0,62.6228364089437,10800.0,0.6284,0.6239
3,2025-06-21,99,100,16:40,209.31224320335042,209.31224320335042,154.94483626877832,154.94483626877832,0.0,0.0,0.0,49.03733626877829,10800.0,0.6239,0.6144
3,2025-06-21,100,101,16:50,206.10194209296742,206.10194209296742,209.31224320335042,209.31224320335042,0.0,0.0,0.0,93.88820987001708,10800.0,0.6144,0.6289
3,2025-06-21,101,102,17:00,146.83467140184212,146.83467140184212,206.10194209296742,206.10194209296742,0.0,0.0,0.0,96.48225875963419,10800.0,0.6289,0.6705
3,2025-06-21,102,103,17:10,209.65317507161,209.65317507161,146.83467140184212,146.83467140184212,0.0,0.0,0.0,44.05342140184217,10800.0,0.6705,0.7075
3,2025-06-21,103,104,17:20,258.2224373063749,258.2224373063749,209.65317507161,209.65317507161,0.0,0.0,0.0,67.02574173827668,10800.0,0.7075,0.7038
3,2025-06-21,104,105,17:30,297.41502425561316,297.41502425561316,258.2224373063749,258.2224373063749,0.0,0.0,0.0,45.42743730637494,10800.0,0.7038,0.6796
3,2025-06-21,105,106,17:40,341.6638829276909,341.6638829276909,297.41502425561316,297.41502425561316,0.0,0.0,0.0,8.447107588946551,10800.0,0.6796,0.8445
3,2025-06-21,106,107,17:50,359.41614058648054,359.41614058648054,341.6638829276909,341.6638829276909,0.0,11.806283738975708,0.0,0.0,10786.881906956694,0.8445,1.1012
3,2025-06-21,107,108,18:00,371.10879898312317,371.10879898312317,359.41614058648054,359.41614058648054,0.0,22.904776080186082,0.0,0.0,10761.432155756487,1.1012,1.1314
3,2025-06-21,108,109,18:10,378.6519862863785,378.6519862863785,371.10879898312317,371.10879898312317,0.0,14.792867683543534,0.0,0.0,10744.995636108106,1.1314,1.1374
3,2025-06-21,109,110,18:20,414.28947159912224,414.28947159912224,378.6519862863785,378.6519862863785,0.0,23.707047046954813,0.0,0.0,10718.654472722601,1.1374,1.1803
3,2025-06-21,110,111,18:30,0.0,0.0,414.28947159912224,414.28947159912224,0.0,22.335278400877826,0.0,0.0,10693.837496721626,1.1803,1.1266
3,2025-06-21,111,112,18:40,0.0,0.0,0.0,0.0,0.0,481.6816666666667,0.0,0.0,10158.635644869773,1.1266,1.153
3,2025-06-21,112,113,18:50,0.0,0.0,0.0,0.0,0.0,530.1291666666666,0.0,0.0,9569.603237462366,1.153,1.2618
3,2025-06-21,113,114,19:00,0.0,0.0,0.0,0.0,0.0,585.4546833333334,0.0,0.0,8919.098033758662,1.2618,1.2633
3,2025-06-21,114,115,19:10,0.0,0.0,0.0,0.0,0.0,640.8262499999998,0.0,0.0,8207.068867091995,1.2633,1.2161
3,2025-06-21,115,116,19:20,0.0,0.0,0.0,0.0,0.0,667.4907,0.0,0.0,7465.412533758662,1.2161,1.1876
3,2025-06-21,116,117,19:30,0.0,0.0,0.0,0.0,0.0,617.2469166666666,0.0,0.0,6779.5826263512545,1.1876,1.1812
3,2025-06-21,117,118,19:40,0.0,0.0,0.0,0.0,0.0,548.9133333333333,0.0,0.0,6169.678922647551,1.1812,1.1704
3,2025-06-21,118,119,19:50,0.0,0.0,0.0,0.0,0.0,582.0875666666666,0.0,0.0,5522.914959684588,1.1704,1.1558
3,2025-06-21,119,120,20:00,0.0,0.0,0.0,0.0,0.0,581.73875,0.0,0.0,4876.538570795699,1.1558,1.1611
3,2025-06-21,120,121,20:10,0.0,68.57459960809092,0.0,0.0,0.0,531.6033333333332,0.0,0.0,4285.868200425329,1.1611,1.1692
3,2025-06-21,121,122,20:20,0.0,594.9185558633794,0.0,68.57459960809092,0.0,489.46483372524244,0.0,0.0,3742.0183851750594,1.1692,1.198
3,2025-06-21,122,123,20:30,0.0,0.0,0.0,594.9185558633794,0.0,25.94617746995391,0.0,0.0,3713.189299097333,1.198,1.2507
3,2025-06-21,123,124,20:40,0.0,0.0,0.0,0.0,0.0,660.0216666666666,0.0,0.0,2979.8318916899257,1.2507,1.1066
3,2025-06-21,124,125,20:50,631.1499307475142,642.4440116250383,0.0,0.0,0.0,646.97075,0.0,0.0,2260.975502801037,1.1066,0.857
3,2025-06-21,125,126,21:00,619.9987225963448,619.9987225963448,631.1499307475142,642.4440116250383,56.832061625038364,0.0,0.0,0.0,2312.124358263571,0.857,0.8345
3,2025-06-21,126,127,21:10,590.11229670871,593.242484753841,619.9987225963448,619.9987225963448,93.27872259634478,0.0,0.0,0.0,2396.0752086002813,0.8345,0.871
3,2025-06-21,127,128,21:20,573.3776618097052,597.9567370383061,590.11229670871,593.242484753841,57.4573847538411,0.0,0.0,0.0,2447.7868548787383,0.871,0.8848
3,2025-06-21,128,129,21:30,557.5259992476866,619.3619751855524,573.3776618097052,597.9567370383061,16.439587038306172,0.0,0.0,0.0,2462.582483213214,0.8848,0.9243
3,2025-06-21,129,130,21:40,543.4981679614712,573.92242753957,557.5259992476866,619.3619751855524,0.4469751855524464,0.0,0.0,0.0,2462.984760880211,0.9243,0.7155
3,2025-06-21,130,131,21:50,552.5083694011445,565.9137346032201,543.4981679614712,573.92242753957,0.0,45.318855793763305,0.0,0.0,2412.6304766649187,0.7155,0.3942
3,2025-06-21,131,132,22:00,632.7552460213611,632.7552460213611,552.5083694011445,565.9137346032201,0.0,10.865732063446558,0.0,0.0,2400.5574410388667,0.3942,0.4048
3,2025-06-21,132,133,22:10,1305.625704182888,1305.625704182888,632.7552460213611,632.7552460213611,104.47524602136116,0.0,0.0,0.0,2494.585162458092,0.4048,0.4701
3,2025-06-21,133,134,22:20,589.2850618604014,589.2850618604014,1305.625704182888,1305.625704182888,778.7519708495547,0.0,0.0,0.0,3195.4619362226913,0.4701,0.4227
3,2025-06-21,134,135,22:30,587.1260969459532,587.1260969459532,589.2850618604014,589.2850618604014,44.54397852706802,0.0,0.0,0.0,3235.5515168970524,0.4227,0.374
3,2025-06-21,135,136,22:40,1266.2015839787414,1266.2015839787414,587.1260969459532,587.1260969459532,34.26109694595323,0.0,0.0,0.0,3266.38650414841,0.374,0.3646
3,2025-06-21,136,137,22:50,1299.8638931469254,1299.8638931469254,1266.2015839787414,1266.2015839787414,719.3617339787414,0.0,0.0,0.0,3913.812064729277,0.3646,0.3809
3,2025-06-21,137,138,23:00,1303.110312859541,1303.110312859541,1299.8638931469254,1299.8638931469254,758.0709931469255,0.0,0.0,0.0,4596.075958561511,0.3809,0.3872
3,2025-06-21,138,139,23:10,583.7756251077976,583.7756251077976,1303.110312859541,1303.110312859541,771.3786461928744,0.0,0.0,0.0,5290.3167401350975,0.3872,0.3936
3,2025-06-21,139,140,23:20,602.0310689633799,602.0310689633799,583.7756251077976,583.7756251077976,83.952908441131,0.0,0.0,0.0,5365.874357732116,0.3936,0.3844
3,2025-06-21,140,141,23:30,654.7019695256386,654.7019695256386,602.0310689633799,602.0310689633799,115.20201896337994,0.0,0.0,0.0,5469.556174799158,0.3844,0.3399
3,2025-06-21,141,142,23:40,621.7498280293158,621.7498280293158,654.7019695256386,654.7019695256386,156.48530285897186,0.0,0.0,0.0,5610.392947372233,0.3399,0.3684
3,2025-06-21,142,143,23:50,700.0345411099029,700.0345411099029,621.7498280293158,621.7498280293158,117.65466136264922,0.0,0.0,0.0,5716.282142598617,0.3684,0.4712
3,2025-06-21,143,0,24:00,1472.9352884391847,1472.9352884391847,700.0345411099029,700.0345411099029,167.8155244432362,0.0,0.0,0.0,5867.316114597529,0.4712,0.3564
3,2025-09-23,0,1,0:10,635.4120855375181,635.4120855375181,1271.326782297417,1271.326782297417,700.4701156307503,0.0,0.0,0.0,7444.690430707877,0.4059,0.4085
3,2025-09-23,1,2,0:20,619.0277357933223,619.0277357933223,635.4120855375181,635.4120855375181,65.22775220418475,0.0,0.0,0.0,7503.3954076916425,0.4324,0.4539
3,2025-09-23,2,3,0:30,1209.5260813153345,1209.5260813153345,619.0277357933223,619.0277357933223,58.70955245998903,0.0,0.0,0.0,7556.234004905633,0.4539,0.4117
3,2025-09-23,3,4,0:40,598.822236930852,598.822236930852,1209.5260813153345,1209.5260813153345,644.7594146486679,0.0,0.0,0.0,8136.517478089434,0.4117,0.4114
3,2025-09-23,4,5,0:50,632.9647907177425,632.9647907177425,598.822236930852,598.822236930852,0.3133202641853359,0.0,0.0,0.0,8136.799466327201,0.4114,0.4549
3,2025-09-23,5,6,1:00,622.8888120803293,622.8888120803293,632.9647907177425,632.9647907177425,26.454140717742575,0.0,0.0,0.0,8160.608192973169,0.4549,0.4413
3,2025-09-23,6,7,1:10,594.8962732759309,594.8962732759309,622.8888120803293,622.8888120803293,33.11881208032935,0.0,0.0,0.0,8190.415123845465,0.4413,0.4365
3,2025-09-23,7,8,1:20,577.8216148550763,577.8216148550763,594.8962732759309,594.8962732759309,0.0,2.457076724069111,0.0,0.0,8187.685038596499,0.4365,0.4529
3,2025-09-23,8,9,1:30,579.8355830240292,579.8355830240292,577.8216148550763,577.8216148550763,0.0,2.150051811590288,0.0,0.0,8185.296092139177,0.4529,0.4318
3,2025-09-23,9,10,1:40,627.5531569051209,627.5531569051209,579.8355830240292,579.8355830240292,27.155583024029283,0.0,0.0,0.0,8209.736116860804,0.4318,0.418
3,2025-09-23,10,11,1:50,634.409152352834,634.409152352834,627.5531569051209,627.5531569051209,43.49980690512098,0.0,0.0,0.0,8248.885943075413,0.418,0.4413
3,2025-09-23,11,12,2:00,640.3890398118467,640.3890398118467,634.409152352834,634.409152352834,32.54753568616741,0.0,0.0,0.0,8278.178725192964,0.4413,0.4794
3,2025-09-23,12,13,2:10,1364.5525710657735,1364.5525710657735,640.3890398118467,640.3890398118467,49.782373145180145,0.0,0.0,0.0,8322.982861023625,0.4794,0.4675
3,2025-09-23,13,14,2:20,611.9213153277369,611.9213153277369,1364.5525710657735,1364.5525710657735,759.9895210657735,0.0,0.0,0.0,9006.973429982821,0.4675,0.4225
3,2025-09-23,14,15,2:30,595.0594600565283,595.0594600565283,611.9213153277369,611.9213153277369,4.121765327736966,0.0,0.0,0.0,9010.683018777785,0.4225,0.4268
3,2025-09-23,15,16,2:40,594.4090138359678,594.4090138359678,595.0594600565283,595.0594600565283,0.0727933898616584,0.0,0.0,0.0,9010.74853282866,0.4268,0.4588
3,2025-09-23,16,17,2:50,608.0789481632492,608.0789481632492,594.4090138359678,594.4090138359678,0.0,4.103386164032145,0.0,0.0,9006.189214868624,0.4588,0.4777
3,2025-09-23,17,18,3:00,605.9461289835737,605.9461289835737,608.0789481632492,608.0789481632492,20.79918149658249,0.0,0.0,0.0,9024.908478215548,0.4777,0.4584
3,2025-09-23,18,19,3:10,608.6045014171809,608.6045014171809,605.9461289835737,605.9461289835737,38.94112898357366,0.0,0.0,0.0,9059.955494300764,0.4584,0.4106
3,2025-09-23,19,20,3:20,605.2785299201132,605.2785299201132,608.6045014171809,608.6045014171809,30.124568083847635,0.0,0.0,0.0,9087.067605576227,0.4106,0.3812
3,2025-09-23,20,21,3:30,615.9580280272883,615.9580280272883,605.2785299201132,605.2785299201132,14.226563253446557,0.0,0.0,0.0,9099.871512504329,0.3812,0.4192
3,2025-09-23,21,22,3:40,603.7073202132365,603.7073202132365,615.9580280272883,615.9580280272883,29.108028027288356,0.0,0.0,0.0,9126.068737728889,0.4192,0.4681
3,2025-09-23,22,23,3:50,607.9096943685543,607.9096943685543,603.7073202132365,603.7073202132365,21.533736879903245,0.0,0.0,0.0,9145.449100920801,0.4681,0.4666
3,2025-09-23,23,24,4:00,637.6758063880711,637.6758063880711,607.9096943685543,607.9096943685543,5.156361035220925,0.0,0.0,0.0,9150.0898258525,0.4666,0.4048
3,2025-09-23,24,25,4:10,658.172061956199,658.172061956199,637.6758063880711,637.6758063880711,14.547473054737793,0.0,0.0,0.0,9163.182551601763,0.4048,0.3873
3,2025-09-23,25,26,4:20,647.9603642364452,647.9603642364452,658.172061956199,658.172061956199,62.6493786228657,0.0,0.0,0.0,9219.566992362343,0.3873,0.4222
3,2025-09-23,26,27,4:30,630.7730450694218,630.7730450694218,647.9603642364452,647.9603642364452,56.48943090311195,0.0,0.0,0.0,9270.407480175143,0.4222,0.4225
3,2025-09-23,27,28,4:40,660.7086599748353,660.7086599748353,630.7730450694218,630.7730450694218,14.701378402755154,0.0,0.0,0.0,9283.638720737623,0.4225,0.4173
3,2025-09-23,28,29,4:50,671.5121527903999,671.5121527903999,660.7086599748353,660.7086599748353,55.81235997483532,0.0,0.0,0.0,9333.869844714975,0.4173,0.4256
3,2025-09-23,29,30,5:00,628.6255674285705,628.6255674285705,671.5121527903999,671.5121527903999,71.0963361237333,0.0,0.0,0.0,9397.856547226334,0.4256,0.433
3,2025-09-23,30,31,5:10,617.1285016649281,617.1285016649281,628.6255674285705,628.6255674285705,10.502234095237327,0.0,0.0,0.0,9407.308557912049,0.433,0.4518
3,2025-09-23,31,32,5:20,625.8777819633412,625.8777819633412,617.1285016649281,617.1285016649281,0.0,8.036765001738559,0.0,0.0,9398.378819021229,0.4518,0.4325
3,2025-09-23,32,33,5:30,668.2005951928753,668.2005951928753,625.8777819633412,625.8777819633412,10.969648630007896,0.0,0.0,0.0,9408.251502788236,0.4325,0.3613
3,2025-09-23,33,34,5:40,1379.8091552502542,1379.8091552502542,668.2005951928753,668.2005951928753,75.25392852620871,0.0,0.0,0.0,9475.980038461825,0.3613,0.6152
3,2025-09-23,34,35,5:50,656.1451454082033,656.1451454082033,1379.8091552502542,1379.8091552502542,795.8311052502542,0.0,0.0,0.0,10192.228033187053,0.6152,1.0325
3,2025-09-23,35,36,6:00,0.0,19.207854996806418,656.1451454082033,656.1451454082033,0.0,10.768287925129925,0.0,0.0,10180.263268825798,1.0325,1.0391
3,2025-09-23,36,37,6:10,0.0,9.847436981392434,0.0,19.207854996806418,0.0,771.4154783365268,0.0,0.0,9323.13495956299,1.0391,0.9449
3,2025-09-23,37,38,6:20,0.0,0.0,0.0,9.847436981392434,0.0,783.9246463519407,0.0,0.0,8452.1075747275,0.9449,0.9432
3,2025-09-23,38,39,6:30,0.0,0.0,0.0,0.0,0.0,742.6598166666666,0.0,0.0,7626.930000653427,0.9432,0.9146
3,2025-09-23,39,40,6:40,0.0,0.0,0.0,0.0,0.0,690.4687499999999,0.0,0.0,6859.742500653427,0.9146,0.8673
3,2025-09-23,40,41,6:50,-0.0,0.0,0.0,0.0,0.0,630.5840166666667,0.0,0.0,6159.09359324602,0.8673,0.8271
3,2025-09-23,41,42,7:00,0.0,151.4083145293933,-0.0,0.0,0.0,584.88215,0.0,0.0,5509.224537690464,0.8271,0.8061
3,2025-09-23,42,43,7:10,-0.0,488.6977449739067,0.0,151.4083145293933,0.0,394.8041854706067,0.0,0.0,5070.553220500901,0.8061,0.8269
3,2025-09-23,43,44,7:20,55.9678509620847,480.2916792481625,-0.0,488.6977449739067,3.974911640573339,0.0,0.0,0.0,5074.130640977417,0.8269,0.8096
3,2025-09-23,44,45,7:30,348.27654182153674,426.487480039769,55.9678509620847,480.2916792481625,54.98332924816259,0.0,0.0,0.0,5123.615637300763,0.8096,0.6878
3,2025-09-23,45,46,7:40,367.40360406887464,1094.9540236709145,348.27654182153674,426.487480039769,65.16706337310234,0.0,0.0,0.0,5182.265994336555,0.6878,0.8469
3,2025-09-23,46,47,7:50,0.0,0.0,367.40360406887464,1094.9540236709145,809.4857570042478,0.0,0.0,0.0,5910.803175640378,0.8469,1.1849
3,2025-09-23,47,48,8:00,0.0,0.0,0.0,0.0,0.0,357.7302166666667,0.0,0.0,5513.32515712186,1.1849,1.1921
3,2025-09-23,48,49,8:10,0.0,0.0,0.0,0.0,0.0,491.3245833333333,0.0,0.0,4967.408953418156,1.1921,1.1184
3,2025-09-23,49,50,8:20,0.0,0.0,0.0,0.0,0.0,424.2270000000001,0.0,0.0,4496.045620084822,1.1184,1.1227
3,2025-09-23,50,51,8:30,0.0,0.0,0.0,0.0,0.0,340.29964999999993,0.0,0.0,4117.9348978626,1.1227,1.0962
3,2025-09-23,51,52,8:40,0.0,0.0,0.0,0.0,0.0,322.88874999999996,0.0,0.0,3759.169620084823,1.0962,1.0174
3,2025-09-23,52,53,8:50,0.0,0.0,0.0,0.0,0.0,267.16475000000014,0.0,0.0,3462.3198978626006,1.0174,0.9516
3,2025-09-23,53,54,9:00,0.0,0.0,0.0,0.0,0.0,177.01698333333331,0.0,0.0,3265.6343608255634,0.9516,0.9817
3,2025-09-23,54,55,9:10,0.0,0.0,0.0,0.0,0.0,103.28666666666652,0.0,0.0,3150.8713978626006,0.9817,1.0171
3,2025-09-23,55,56,9:20,0.0,0.0,0.0,0.0,0.0,88.53053333333332,0.0,0.0,3052.5041386033413,1.0171,1.0072
3,2025-09-23,56,57,9:30,0.0,0.0,0.0,0.0,0.0,75.39373333333333,0.0,0.0,2968.7333237885264,1.0072,0.9839
3,2025-09-23,57,58,9:40,0.0,0.0,0.0,0.0,0.0,46.359583333333376,0.0,0.0,2917.2226756403784,0.9839,0.9725
3,2025-09-23,58,59,9:50,0.0,0.0,0.0,0.0,0.0,34.0806666666665,0.0,0.0,2879.355268232971,0.9725,0.9784
3,2025-09-23,59,60,10:00,0.0,0.0,0.0,0.0,0.0,13.978433333333214,0.0,0.0,2863.8236756403785,0.9784,0.9839
3,2025-09-23,60,61,10:10,0.0,0.0,0.0,0.0,5.300416666666479,0.0,0.0,0.0,2868.5940506403786,0.9839,0.9513
3,2025-09-23,61,62,10:20,0.0,0.0,0.0,0.0,0.0,3.388966666666647,0.0,0.0,2864.82853212186,0.9513,0.9073
3,2025-09-23,62,63,10:30,0.0,0.0,0.0,0.0,45.91356666666684,0.0,0.0,0.0,2906.1507421218603,0.9073,0.8981
3,2025-09-23,63,64,10:40,0.0,0.0,0.0,0.0,133.93166666666662,0.0,0.0,0.0,3026.6892421218604,0.8981,0.7781
3,2025-09-23,64,65,10:50,0.0,0.0,0.0,0.0,146.78904999999986,0.0,0.0,0.0,3158.7993871218605,0.7781,0.5639
3,2025-09-23,65,66,11:00,141.23297106818413,141.23297106818413,0.0,0.0,127.8130666666666,0.0,0.0,0.0,3273.8311471218603,0.5639,0.4409
3,2025-09-23,66,67,11:10,587.5046468814285,587.5046468814285,141.23297106818413,141.23297106818413,289.4188044015174,0.0,0.0,0.0,3534.308071083226,0.4409,0.4252
3,2025-09-23,67,68,11:20,97.24587341174453,97.24587341174453,587.5046468814285,587.5046468814285,825.446363548095,0.0,0.0,0.0,4277.209798276512,0.4252,0.4696
3,2025-09-23,68,69,11:30,6.448302445760106,6.448302445760106,97.24587341174453,97.24587341174453,413.7443900784111,0.0,0.0,0.0,4649.579749347082,0.4696,0.5048
3,2025-09-23,69,70,11:40,-0.0,0.0,6.448302445760106,6.448302445760106,334.48455244575973,0.0,0.0,0.0,4950.615846548266,0.5048,0.4546
3,2025-09-23,70,71,11:50,386.1246974122587,386.1246974122587,-0.0,0.0,295.9405499999998,0.0,0.0,0.0,5216.962341548266,0.4546,0.3613
3,2025-09-23,71,72,12:00,402.141299084984,348.3603978137953,386.1246974122587,386.1246974122587,730.1011474122588,0.0,0.0,0.0,5874.053374219298,0.3613,0.3481
3,2025-09-23,72,73,12:10,369.40988459223547,318.0819430090901,402.141299084984,348.3603978137953,801.6724811471288,0.0,0.0,0.0,6595.558607251714,0.3481,0.3859
3,2025-09-23,73,74,12:20,342.532054297209,0.0,369.40988459223547,318.0819430090901,797.2206430090899,0.0,0.0,0.0,7313.057185959895,0.3859,0.387
3,2025-09-23,74,75,12:30,352.2636984430061,126.15398492182692,342.532054297209,0.0,441.90403333333313,0.0,0.0,0.0,7710.770815959895,0.387,0.3271
3,2025-09-23,75,76,12:40,398.8126760530989,398.8126760530989,352.2636984430061,126.15398492182692,547.1635682551599,0.0,0.0,0.0,8203.21802738954,0.3271,0.4936
3,2025-09-23,76,77,12:50,0.0,0.0,398.8126760530989,398.8126760530989,833.3333333333333,0.0,0.0,25.941859386432156,8953.21802738954,0.4936,0.8213
3,2025-09-23,77,78,13:00,0.0,0.0,0.0,0.0,409.1788,0.0,0.0,0.0,9321.47894738954,0.8213,0.9285
3,2025-09-23,78,79,13:10,0.0,0.0,0.0,0.0,287.7679166666667,0.0,0.0,0.0,9580.47007238954,0.9285,0.8854
3,2025-09-23,79,80,13:20,0.0,0.0,0.0,0.0,271.9109166666667,0.0,0.0,0.0,9825.18989738954,0.8854,0.8377
3,2025-09-23,80,81,13:30,0.0,0.0,0.0,0.0,278.94561666666664,0.0,0.0,0.0,10076.24095238954,0.8377,0.8574
3,2025-09-23,81,82,13:40,0.0,0.0,0.0,0.0,248.60958333333326,0.0,0.0,0.0,10299.98957738954,0.8574,0.8948
3,2025-09-23,82,83,13:50,0.0,0.0,0.0,0.0,205.43618333333347,0.0,0.0,0.0,10484.88214238954,0.8948,0.9188
3,2025-09-23,83,84,14:00,0.0,0.0,0.0,0.0,156.0545166666668,0.0,0.0,0.0,10625.331207389541,0.9188,0.9422
3,2025-09-23,84,85,14:10,0.0,0.0,0.0,0.0,114.23874999999998,0.0,0.0,0.0,10728.146082389541,0.9422,0.9638
3,2025-09-23,85,86,14:20,0.0,0.0,0.0,0.0,79.83768623384296,0.0,0.0,10.05503043282377,10800.0,0.9638,1.0143
3,2025-09-23,86,87,14:30,0.0,0.0,0.0,0.0,0.0,0.0,0.0,30.106466666666847,10800.0,1.0143,1.099
3,2025-09-23,87,88,14:40,0.0,0.0,0.0,0.0,0.0,63.75833333333344,0.0,0.0,10729.157407407407,1.099,0.9913
3,2025-09-23,88,89,14:50,0.0,0.0,0.0,0.0,0.0,137.2854666666666,0.0,0.0,10576.618,0.9913,0.7708
3,2025-09-23,89,90,15:00,179.49729615773347,296.8617600271724,0.0,0.0,0.0,202.5811166666665,0.0,0.0,10351.527870370372,0.7708,0.7575
3,2025-09-23,90,91,15:10,242.60764531332825,319.18260576164016,179.49729615773347,296.8617600271724,46.68801002717237,0.0,0.0,0.0,10393.547079394826,0.7575,0.7846
3,2025-09-23,91,92,15:20,248.65772376144355,319.95909799981223,242.60764531332825,319.18260576164016,63.29875576164022,0.0,0.0,0.0,10450.515959580302,0.7846,0.7548
3,2025-09-23,92,93,15:30,320.8907412473086,382.67962080429527,248.65772376144355,319.95909799981223,32.1748979998124,0.0,0.0,0.0,10479.473367780132,0.7548,0.7536
3,2025-09-23,93,94,15:40,383.1447060588556,383.1447060588556,320.8907412473086,382.67962080429527,55.14420413762866,0.0,0.0,0.0,10529.103151503998,0.7536,0.8148
3,2025-09-23,94,95,15:50,389.43931765871855,389.43931765871855,383.1447060588556,383.1447060588556,80.83743939218891,0.0,0.0,0.0,10601.856846956967,0.8148,0.8978
3,2025-09-23,95,96,16:00,428.94846362573594,428.94846362573594,389.43931765871855,389.43931765871855,36.49013432538527,0.0,0.0,0.0,10634.697967849814,0.8978,0.9325
3,2025-09-23,96,97,16:10,499.0082362342741,499.0082362342741,428.94846362573594,428.94846362573594,0.0,64.63403637426404,0.0,0.0,10562.88237187841,0.9325,0.9637
3,2025-09-23,97,98,16:20,570.5402762671148,570.5402762671148,499.0082362342741,499.0082362342741,0.0,90.42441376572577,0.0,0.0,10462.410801027603,0.9637,0.9927
3,2025-09-23,98,99,16:30,621.7874790049008,621.7874790049008,570.5402762671148,570.5402762671148,0.0,65.27337373288526,0.0,0.0,10389.884830213286,0.9927,0.9735
3,2025-09-23,99,100,16:40,663.1597970840744,663.1597970840744,621.7874790049008,621.7874790049008,0.0,46.44793766176588,0.0,0.0,10338.276010589103,0.9735,0.9613
3,2025-09-23,100,101,16:50,742.8968004952037,742.8968004952037,663.1597970840744,663.1597970840744,0.0,53.18773624925882,0.0,0.0,10279.178525867705,0.9613,1.0104
3,2025-09-23,101,102,17:00,810.4527001793253,810.4527001793253,742.8968004952037,742.8968004952037,0.0,21.925882838129496,0.0,0.0,10254.81643382534,1.0104,1.1132
3,2025-09-23,102,103,17:10,833.2416194721142,833.2416194721142,810.4527001793253,810.4527001793253,0.0,3.6010498206744614,0.0,0.0,10250.815267357922,1.1132,1.1301
3,2025-09-23,103,104,17:20,875.0638381662438,875.0638381662438,833.2416194721142,833.2416194721142,0.0,43.845363861219084,0.0,0.0,10202.098196401012,1.1301,1.0787
3,2025-09-23,104,105,17:30,949.7805925333132,949.7805925333132,875.0638381662438,875.0638381662438,0.0,38.27277850042276,0.0,0.0,10159.572886956097,1.0787,1.1143
3,2025-09-23,105,106,17:40,1015.0171054109861,1015.0171054109861,949.7805925333132,949.7805925333132,0.0,6.603157466686753,0.0,0.0,10152.236045326445,1.1143,1.1899
3,2025-09-23,106,107,17:50,923.6827940789713,923.6827940789713,1015.0171054109861,1015.0171054109861,0.0,36.845561255680536,0.0,0.0,10111.296532820134,1.1899,1.26
3,2025-09-23,107,108,18:00,-0.0,760.4559271413658,923.6827940789713,923.6827940789713,0.0,35.48252258769537,0.0,0.0,10071.871507722693,1.26,1.3273
3,2025-09-23,108,109,18:10,0.0,6.755101238511315,-0.0,760.4559271413658,7.8109271413658234,0.0,0.0,0.0,10078.901342149922,1.3273,1.3739
3,2025-09-23,109,110,18:20,-0.0,250.1590308751165,0.0,6.755101238511315,0.0,757.5747487614885,0.0,0.0,9237.151621303823,1.3739,1.3863
3,2025-09-23,110,111,18:30,0.0,15.206034359666091,-0.0,250.1590308751165,0.0,580.0682357915503,0.0,0.0,8592.63135931321,1.3863,1.3617
3,2025-09-23,111,112,18:40,-0.0,2.992302760707048,0.0,15.206034359666091,0.0,819.2106323070005,0.0,0.0,7682.397323416543,1.3617,1.2989
3,2025-09-23,112,113,18:50,0.0,5.968524948013055,-0.0,2.992302760707048,0.0,833.167347239293,0.0,0.0,6756.655826483995,1.2989,1.242
3,2025-09-23,113,114,19:00,211.7764638569076,211.7764638569076,0.0,5.968524948013055,0.0,804.3961750519868,0.0,0.0,5862.882298648454,1.242,1.2579
3,2025-09-23,114,115,19:10,0.0,8.720835264487505,211.7764638569076,211.7764638569076,0.0,565.6502028097591,0.0,0.0,5234.382073304277,1.2579,1.3209
3,2025-09-23,115,116,19:20,32.76045595452005,32.76045595452005,0.0,8.720835264487505,0.0,790.3780480688458,0.0,0.0,4356.18424211667,1.3209,1.3658
3,2025-09-23,116,117,19:30,724.6530512293621,724.6530512293621,32.76045595452005,32.76045595452005,0.0,792.8354107121467,0.0,0.0,3475.256007992063,1.3658,1.3425
3,2025-09-23,117,118,19:40,734.2312459118301,734.2312459118301,724.6530512293621,724.6530512293621,0.0,93.16361543730454,0.0,0.0,3371.7408797283915,1.3425,1.3213
3,2025-09-23,118,119,19:50,755.3450255678343,755.3450255678343,734.2312459118301,734.2312459118301,0.0,52.605104088169924,0.0,0.0,3313.2907640748695,1.3213,1.3115
3,2025-09-23,119,120,20:00,703.699587194553,703.699587194553,755.3450255678343,755.3450255678343,0.0,28.873874432165508,0.0,0.0,3281.208681372463,1.3115,1.2687
3,2025-09-23,120,121,20:10,-0.0,11.989155131562939,703.699587194553,703.699587194553,0.0,108.2120794721136,0.0,0.0,3160.973037514559,1.2687,1.2951
3,2025-09-23,121,122,20:20,737.6058243246545,737.6058243246545,-0.0,11.989155131562939,0.0,815.1889615351037,0.0,0.0,2255.2075246977774,1.2951,1.3829
3,2025-09-23,122,123,20:30,715.1040740833854,715.1040740833854,737.6058243246545,737.6058243246545,0.0,105.9618756753456,0.0,0.0,2137.472107280727,1.3829,1.3866
3,2025-09-23,123,124,20:40,-0.0,0.0,715.1040740833854,715.1040740833854,0.0,124.60425924994786,0.0,0.0,1999.0229303363406,1.3866,1.2125
3,2025-09-23,124,125,20:50,753.8781531026311,762.2180209558144,-0.0,0.0,0.0,719.1206373027065,65.77464603062674,0.0,1200.0,1.2125,0.9884
3,2025-09-23,125,126,21:00,778.069471174509,778.069471174509,753.8781531026311,762.2180209558144,0.0,0.0,39.44377904418559,0.0,1200.0,0.9884,0.9549
3,2025-09-23,126,127,21:10,783.1989977777466,783.1989977777466,778.069471174509,778.069471174509,0.0,0.0,91.14719549215772,0.0,1200.0,0.9549,0.9828
3,2025-09-23,127,128,21:20,769.4006088038949,773.6271694669073,783.1989977777466,783.1989977777466,0.0,0.0,59.32538555558676,0.0,1200.0,0.9828,1.0059
3,2025-09-23,128,129,21:30,738.8823811258301,765.616487738409,769.4006088038949,773.6271694669073,0.0,0.0,30.968013866426077,0.0,1200.0,1.0059,1.0449
3,2025-09-23,129,130,21:40,729.2366315236044,772.1196241588333,738.8823811258301,765.616487738409,0.0,0.0,47.76517892825768,0.0,1200.0,1.0449,0.8538
3,2025-09-23,130,131,21:50,693.3192752543439,716.4811151826243,729.2366315236044,772.1196241588333,0.0,0.0,57.74950917449996,0.0,1200.0,0.8538,0.5154
3,2025-09-23,131,132,22:00,1296.0771883282628,1296.0771883282628,693.3192752543439,716.4811151826243,0.0,0.0,51.7053848173756,0.0,1200.0,0.5154,0.3997
3,2025-09-23,132,133,22:10,1343.0500324829627,1343.0500324829627,1296.0771883282628,1296.0771883282628,656.8338549949294,0.0,0.0,0.0,1791.1504694954365,0.3997,0.4421
3,2025-09-23,133,134,22:20,595.5342751009396,595.5342751009396,1343.0500324829627,1343.0500324829627,789.6084658162961,0.0,0.0,0.0,2501.798088730103,0.4421,0.4839
3,2025-09-23,134,135,22:30,1310.0860238613764,1310.0860238613764,595.5342751009396,595.5342751009396,12.85570843427297,0.0,0.0,0.0,2513.3682263209485,0.4839,0.4396
3,2025-09-23,135,136,22:40,1280.849371623827,1280.849371623827,1310.0860238613764,1310.0860238613764,662.8793571947098,0.0,0.0,0.0,3109.9596477961873,0.4396,0.4292
3,2025-09-23,136,137,22:50,636.8617414517624,636.8617414517624,1280.849371623827,1280.849371623827,684.149521623827,0.0,0.0,0.0,3725.694217257632,0.4292,0.4608
3,2025-09-23,137,138,23:00,670.1205759766674,670.1205759766674,636.8617414517624,636.8617414517624,81.50945811842917,0.0,0.0,0.0,3799.052729564218,0.4608,0.4279
3,2025-09-23,138,139,23:10,619.3473817376732,619.3473817376732,670.1205759766674,670.1205759766674,100.77057597666749,0.0,0.0,0.0,3889.746247943219,0.4279,0.4124
3,2025-09-23,139,140,23:20,607.063171936598,607.063171936598,619.3473817376732,619.3473817376732,54.69151507100662,0.0,0.0,0.0,3938.968611507125,0.4124,0.4355
3,2025-09-23,140,141,23:30,655.1654791780126,655.1654791780126,607.063171936598,607.063171936598,30.56160526993142,0.0,0.0,0.0,3966.4740562500633,0.4355,0.4312
3,2025-09-23,141,142,23:40,1324.4547055934881,1324.4547055934881,655.1654791780126,655.1654791780126,44.84047917801263,0.0,0.0,0.0,4006.830487510275,0.4312,0.4204
3,2025-09-23,142,143,23:50,1333.0337169145569,1333.0337169145569,1324.4547055934881,1324.4547055934881,707.3874055934882,0.0,0.0,0.0,4643.479152544414,0.4204,0.4259
3,2025-09-23,143,0,24:00,1250.4616942991083,1250.4616942991083,1333.0337169145569,1333.0337169145569,764.7356335812235,0.0,0.0,0.0,5331.741222767516,0.4259,0.4059
3,2025-12-21,0,1,0:10,594.4175386128784,594.4175386128784,1377.8916302205232,1377.8916302205232,764.579665790354,0.0,0.0,51.10029776350257,10800.0,0.4264,0.4221
3,2025-12-21,1,2,0:20,579.7295497456704,579.7295497456704,594.4175386128784,594.4175386128784,0.0,1.6001780537882269,0.0,0.0,10798.22202438468,0.4293,0.4388
3,2025-12-21,2,3,0:30,561.0458286448088,561.0458286448088,579.7295497456704,579.7295497456704,0.0,9.915616920996285,0.0,0.0,10787.20467225024,0.4388,0.4138
3,2025-12-21,3,4,0:40,591.9414931483597,591.9414931483597,561.0458286448088,561.0458286448088,0.0,17.637504688524473,0.0,0.0,10767.607444818546,0.4138,0.41
3,2025-12-21,4,5,0:50,623.2769587902455,623.2769587902455,591.9414931483597,591.9414931483597,27.23145981502637,0.0,0.0,0.0,10792.11575865207,0.41,0.4471
3,2025-12-21,5,6,1:00,619.395961761732,619.395961761732,623.2769587902455,623.2769587902455,8.760268164367314,0.0,0.0,64.61280729254494,10800.0,0.4471,0.4797
3,2025-12-21,6,7,1:10,601.7411253636471,601.7411253636471,619.395961761732,619.395961761732,0.0,0.0,0.0,61.18596176173196,10800.0,0.4797,0.4466
3,2025-12-21,7,8,1:20,621.2007795655559,621.2007795655559,601.7411253636471,601.7411253636471,0.0,8.60739130301954,0.0,0.0,10790.436231885535,0.4466,0.3961
3,2025-12-21,8,9,1:30,659.2522936914581,659.2522936914581,621.2007795655559,621.2007795655559,0.0,12.035170434444126,0.0,0.0,10777.063820291707,0.3961,0.4368
3,2025-12-21,9,10,1:40,650.3416357148482,650.3416357148482,659.2522936914581,659.2522936914581,25.484644120325456,0.0,0.0,11.070982904466078,10800.0,0.4368,0.475
3,2025-12-21,10,11,1:50,636.6199841481537,636.6199841481537,650.3416357148482,650.3416357148482,0.0,0.0,0.0,12.852369048181572,10800.0,0.475,0.4651
3,2025-12-21,11,12,2:00,614.1421306197124,614.1421306197124,636.6199841481537,636.6199841481537,0.0,0.0,0.0,14.251984148153724,10800.0,0.4651,0.455
3,2025-12-21,12,13,2:10,627.2595623339214,627.2595623339214,614.1421306197124,614.1421306197124,0.0,0.0,0.0,16.283797286379013,10800.0,0.455,0.4629
3,2025-12-21,13,14,2:20,642.7419284917012,642.7419284917012,627.2595623339214,627.2595623339214,0.0,15.4866709994119,0.0,0.0,10782.792587778431,0.4629,0.4713
3,2025-12-21,14,15,2:30,638.773434110003,638.773434110003,642.7419284917012,642.7419284917012,0.0,11.127188174965454,0.0,0.0,10770.429045361803,0.4713,0.4513
3,2025-12-21,15,16,2:40,682.5338113183396,682.5338113183396,638.773434110003,638.773434110003,17.023434110002995,0.0,0.0,0.0,10785.750136060806,0.4513,0.4352
3,2025-12-21,16,17,2:50,666.4746975102826,666.4746975102826,682.5338113183396,682.5338113183396,15.833182154660284,0.0,0.0,30.057295830346042,10800.0,0.4352,0.4577
3,2025-12-21,17,18,3:00,638.0262281881223,638.0262281881223,666.4746975102826,666.4746975102826,0.0,0.0,0.0,34.5639641769493,10800.0,0.4577,0.5147
3,2025-12-21,18,19,3:10,635.7232153451182,635.7232153451182,638.0262281881223,638.0262281881223,0.0,0.0,0.0,12.737894854789033,10800.0,0.5147,0.5083
3,2025-12-21,19,20,3:20,646.7411365929115,646.7411365929115,635.7232153451182,635.7232153451182,0.0,61.034467988215056,0.0,0.0,10732.183924457539,0.5083,0.4686
3,2025-12-21,20,21,3:30,649.6985644487337,649.6985644487337,646.7411365929115,646.7411365929115,0.0,39.147646740421806,0.0,0.0,10688.686539190403,0.4686,0.5119
3,2025-12-21,21,22,3:40,644.4517203784875,644.4517203784875,649.6985644487337,649.6985644487337,24.908564448733728,0.0,0.0,0.0,10711.104247194264,0.5119,0.5023
3,2025-12-21,22,23,3:50,695.5092241344983,695.5092241344983,644.4517203784875,644.4517203784875,0.0,58.96257962151253,0.0,0.0,10645.590269837028,0.5023,0.4324
3,2025-12-21,23,24,4:00,650.3568446908143,650.3568446908143,695.5092241344983,695.5092241344983,0.0,41.81172586550167,0.0,0.0,10599.132796653137,0.4324,0.4412
3,2025-12-21,24,25,4:10,667.814364665225,667.814364665225,650.3568446908143,650.3568446908143,0.0,29.501488642519007,0.0,0.0,10566.353364828115,0.4412,0.4805
3,2025-12-21,25,26,4:20,693.0044919920599,693.0044919920599,667.814364665225,667.814364665225,0.0,5.342702001441694,0.0,0.0,10560.417029270959,0.4805,0.5015
3,2025-12-21,26,27,4:30,732.7836430559871,732.7836430559871,693.0044919920599,693.0044919920599,12.605258658726598,0.0,0.0,0.0,10571.761762063812,0.5015,0.5024
3,2025-12-21,27,28,4:40,730.9481990759243,730.9481990759243,732.7836430559871,732.7836430559871,55.305309722653874,0.0,0.0,0.0,10621.5365408142,0.5024,0.4798
3,2025-12-21,28,29,4:50,674.8109810306538,674.8109810306538,730.9481990759243,730.9481990759243,43.96846574259109,0.0,0.0,0.0,10661.108159982532,0.4798,0.4753
3,2025-12-21,29,30,5:00,679.2530161868601,679.2530161868601,674.8109810306538,674.8109810306538,0.0,5.791585636012883,0.0,0.0,10654.673064831406,0.4753,0.535
3,2025-12-21,30,31,5:10,736.8814344675137,736.8814344675137,679.2530161868601,679.2530161868601,7.201349520193503,0.0,0.0,0.0,10661.15427939958,0.535,0.5436
3,2025-12-21,31,32,5:20,717.7668378534447,717.7668378534447,736.8814344675137,736.8814344675137,33.89145113418044,0.0,0.0,0.0,10691.656585420342,0.5436,0.468
3,2025-12-21,32,33,5:30,711.7914710847504,711.7914710847504,717.7668378534447,717.7668378534447,8.892104520111388,0.0,0.0,0.0,10699.659479488442,0.468,0.4338
3,2025-12-21,33,34,5:40,736.7871098305475,736.7871098305475,711.7914710847504,711.7914710847504,34.028137751417034,0.0,0.0,0.0,10730.284803464718,0.4338,0.6915
3,2025-12-21,34,35,5:50,769.6122738768702,769.6122738768702,736.7871098305475,736.7871098305475,57.16269316388082,0.0,0.0,0.0,10781.73122731221,0.6915,1.0594
3,2025-12-21,35,36,6:00,851.6900609514446,851.6900609514446,769.6122738768702,769.6122738768702,0.0,16.673492789796455,0.0,0.0,10763.205124212436,1.0594,1.081
3,2025-12-21,36,37,6:10,889.8502738782665,889.8502738782665,851.6900609514446,851.6900609514446,0.0,63.41827238188864,0.0,0.0,10692.740377121449,1.081,1.0359
3,2025-12-21,37,38,6:20,880.3004234411228,880.3004234411228,889.8502738782665,889.8502738782665,0.0,16.629292788400107,0.0,0.0,10674.263385134338,1.0359,1.0597
3,2025-12-21,38,39,6:30,868.3411344345778,868.3411344345778,880.3004234411228,880.3004234411228,0.0,21.0049932255439,0.0,0.0,10650.924503772623,1.0597,1.0176
3,2025-12-21,39,40,6:40,876.3433530373,876.3433530373,868.3411344345778,868.3411344345778,0.0,62.833865565422116,0.0,0.0,10581.10909758882,1.0176,1.0168
3,2025-12-21,40,41,6:50,897.0459132949125,897.0459132949125,876.3433530373,876.3433530373,0.0,14.5149802960334,0.0,0.0,10564.981341704339,1.0168,1.0595
3,2025-12-21,41,42,7:00,898.040091711775,898.040091711775,897.0459132949125,897.0459132949125,24.837746628245895,0.0,0.0,0.0,10587.33531366976,1.0595,1.0282
3,2025-12-21,42,43,7:10,856.379192301905,856.379192301905,898.040091711775,898.040091711775,2.340091711775017,0.0,0.0,0.0,10589.441396210357,1.0282,0.9987
3,2025-12-21,43,44,7:20,795.776220617837,795.776220617837,856.379192301905,856.379192301905,0.0,8.30434103142818,0.0,0.0,10580.21435061988,0.9987,0.9724
3,2025-12-21,44,45,7:30,747.2991746507759,747.2991746507759,795.776220617837,795.776220617837,0.0,21.102779382162907,0.0,0.0,10556.766817973034,0.9724,0.9109
3,2025-12-21,45,46,7:40,748.3514380616892,748.3514380616892,747.2991746507759,747.2991746507759,0.0,9.541658682557568,0.0,0.0,10546.164974992414,0.9109,1.0903
3,2025-12-21,46,47,7:50,773.6322663218443,773.6322663218443,748.3514380616892,748.3514380616892,70.16027139502273,0.0,0.0,0.0,10609.309219247934,1.0903,1.4063
3,2025-12-21,47,48,8:00,120.43745528280567,120.43745528280567,773.6322663218443,773.6322663218443,4.896916321844401,0.0,0.0,0.0,10613.716443937594,1.4063,1.4458
3,2025-12-21,48,49,8:10,117.42679457520626,117.42679457520626,120.43745528280567,120.43745528280567,0.0,819.7171280505275,0.0,0.0,9702.919634992562,1.4458,1.3908
3,2025-12-21,49,50,8:20,38.6222884992834,38.6222884992834,117.42679457520626,117.42679457520626,0.0,781.6060220914603,0.0,0.0,8834.468499335384,1.3908,1.3742
3,2025-12-21,50,51,8:30,-0.0,0.0,38.6222884992834,38.6222884992834,0.0,784.9235281673832,0.0,0.0,7962.331245816069,1.3742,1.345
3,2025-12-21,51,52,8:40,0.0,0.0,-0.0,0.0,0.0,797.8975,0.0,0.0,7075.778468038291,1.345,1.3284
3,2025-12-21,52,53,8:50,0.0,0.0,0.0,0.0,0.0,729.9923166666667,0.0,0.0,6264.675893964217,1.3284,1.3231
3,2025-12-21,53,54,9:00,0.0,0.0,0.0,0.0,0.0,680.0761333333332,0.0,0.0,5509.035745816069,1.3231,1.2929
3,2025-12-21,54,55,9:10,3.231174803924887,3.231174803924887,0.0,0.0,0.0,652.3437499999999,0.0,0.0,4784.20935692718,1.2929,1.2522
3,2025-12-21,55,56,9:20,540.7078041700296,540.7078041700296,3.231174803924887,3.231174803924887,0.0,580.7724751960752,0.0,0.0,4138.906606709319,1.2522,1.2211
3,2025-12-21,56,57,9:30,497.4405929636141,497.4405929636141,540.7078041700296,540.7078041700296,13.022437503362994,0.0,0.0,0.0,4150.626800462345,1.2211,1.2184
3,2025-12-21,57,58,9:40,493.6182719252906,485.8550806223492,497.4405929636141,497.4405929636141,0.0,8.224407036385742,0.0,0.0,4141.488570421917,1.2184,1.2822
3,2025-12-21,58,59,9:50,-0.0,0.0,493.6182719252906,485.8550806223492,4.396213955682583,0.0,0.0,0.0,4145.445162982031,1.2822,1.3753
3,2025-12-21,59,60,10:00,0.0,0.0,-0.0,0.0,0.0,426.6004499999999,0.0,0.0,3671.4446629820313,1.3753,1.4027
3,2025-12-21,60,61,10:10,0.0,0.0,0.0,0.0,0.0,360.30708333333325,0.0,0.0,3271.1034592783276,1.4027,1.3591
3,2025-12-21,61,62,10:20,0.0,0.0,0.0,0.0,0.0,331.1936166666667,0.0,0.0,2903.11055187092,1.3591,1.3321
3,2025-12-21,62,63,10:30,0.0,0.0,0.0,0.0,0.0,326.0934333333332,0.0,0.0,2540.7845148338833,1.3321,1.3769
3,2025-12-21,63,64,10:40,0.0,0.0,0.0,0.0,0.0,331.78458333333344,0.0,0.0,2172.134977796846,1.3769,1.1651
3,2025-12-21,64,65,10:50,300.65694035643537,283.614501494798,0.0,0.0,0.0,349.0794999999998,0.0,0.0,1784.2688666857352,1.1651,0.8057
3,2025-12-21,65,66,11:00,1089.0649715221186,1084.600646033161,300.65694035643537,283.614501494798,0.0,87.4462485052021,0.0,0.0,1687.1063683466218,0.8057,0.7611
3,2025-12-21,66,67,11:10,1063.1297027441947,1063.1297027441947,1089.0649715221186,1084.600646033161,703.3660626998276,0.0,0.0,0.0,2320.1358247764665,0.7611,0.7807
3,2025-12-21,67,68,11:20,1004.4690537391062,995.5370913198758,1063.1297027441947,1063.1297027441947,701.0320694108614,0.0,0.0,0.0,2951.0646872462416,0.7807,0.7378
3,2025-12-21,68,69,11:30,1001.9170374027794,969.5801020097529,1004.4690537391062,995.5370913198758,673.2859413198757,0.0,0.0,0.0,3557.0220344341296,0.7378,0.7527
3,2025-12-21,69,70,11:40,1030.20929086355,967.3926172679569,1001.9170374027794,969.5801020097529,686.6096853430861,0.0,0.0,0.0,4174.970751242907,0.7527,0.7117
3,2025-12-21,70,71,11:50,1024.3442275768703,928.0231832677789,1030.20929086355,967.3926172679569,715.3838839346236,0.0,0.0,0.0,4818.816246784068,0.7117,0.6418
3,2025-12-21,71,72,12:00,949.5771472766528,949.5771472766528,1024.3442275768703,928.0231832677789,763.3157666011123,0.0,0.0,0.0,5505.80043672507,0.6418,0.6936
3,2025-12-21,72,73,12:10,927.7544202160018,927.7544202160018,949.5771472766528,949.5771472766528,833.3333333333333,0.0,0.0,42.89381394331963,6255.80043672507,0.6936,0.7105
3,2025-12-21,73,74,12:20,927.8625206588637,927.8625206588637,927.7544202160018,927.7544202160018,828.2597202160018,0.0,0.0,0.0,7001.234184919471,0.7105,0.6294
3,2025-12-21,74,75,12:30,940.5873665517988,940.5873665517988,927.8625206588637,927.8625206588637,819.1675373255304,0.0,0.0,0.0,7738.484968512448,0.6294,0.5829
3,2025-12-21,75,76,12:40,924.2859838619319,926.786870928966,940.5873665517988,940.5873665517988,833.3333333333333,0.0,0.0,39.152366551798764,8488.484968512448,0.5829,0.7799
3,2025-12-21,76,77,12:50,932.9507087563661,932.9507087563661,924.2859838619319,926.786870928966,833.3333333333333,0.0,0.0,8.121770928966043,9238.484968512448,0.7799,1.0833
3,2025-12-21,77,78,13:00,201.73812384498046,201.73812384498046,932.9507087563661,932.9507087563661,772.4686087563662,0.0,0.0,0.0,9933.706716393177,1.0833,1.1248
3,2025-12-21,78,79,13:10,237.36181410675545,237.36181410675545,201.73812384498046,201.73812384498046,0.0,39.26229282168606,0.0,0.0,9890.081946591303,1.1248,1.0564
3,2025-12-21,79,80,13:20,239.65795471703552,239.65795471703552,237.36181410675545,237.36181410675545,0.0,26.950669226577702,0.0,0.0,9860.136758561772,1.0564,1.0304
3,2025-12-21,80,81,13:30,235.70504040157107,235.70504040157107,239.65795471703552,239.65795471703552,14.271788050368968,0.0,0.0,0.0,9872.981367807104,1.0304,1.0675
3,2025-12-21,81,82,13:40,246.2457293349197,246.2457293349197,235.70504040157107,235.70504040157107,58.68337373490442,0.0,0.0,0.0,9925.796404168517,1.0675,1.1926
3,2025-12-21,82,83,13:50,-0.0,0.0,246.2457293349197,246.2457293349197,53.736029334919635,0.0,0.0,0.0,9974.158830569944,1.1926,1.3352
3,2025-12-21,83,84,14:00,0.0,0.0,-0.0,0.0,0.0,253.62411666666662,0.0,0.0,9692.35425649587,1.3352,1.3689
3,2025-12-21,84,85,14:10,0.0,0.0,0.0,0.0,0.0,301.8829166666668,0.0,0.0,9356.928793532907,1.3689,1.3382
3,2025-12-21,85,86,14:20,0.0,0.0,0.0,0.0,0.0,294.8965833333334,0.0,0.0,9029.265923162537,1.3382,1.3596
3,2025-12-21,86,87,14:30,0.0,0.0,0.0,0.0,0.0,317.71574999999996,0.0,0.0,8676.248423162537,1.3596,1.4656
3,2025-12-21,87,88,14:40,0.0,0.0,0.0,0.0,0.0,384.19708333333335,0.0,0.0,8249.362775014388,1.4656,1.2648
3,2025-12-21,88,89,14:50,0.0,0.0,0.0,0.0,0.0,430.3843333333332,0.0,0.0,7771.157960199573,1.2648,0.8874
3,2025-12-21,89,90,15:00,1383.1954892724114,1383.1954892724114,0.0,0.0,0.0,491.03274999999996,0.0,0.0,7225.566015755128,0.8874,0.882
3,2025-12-21,90,91,15:10,1432.9603523777355,1432.9603523777355,1383.1954892724114,1383.1954892724114,824.6550726057447,0.0,0.0,0.0,7967.7555811002985,0.882,0.9712
3,2025-12-21,91,92,15:20,1427.7566805846736,1427.7566805846736,1432.9603523777355,1432.9603523777355,833.3333333333333,0.0,0.0,13.173435711068919,8717.755581100299,0.9712,0.9596
3,2025-12-21,92,93,15:30,1488.3660773639776,1488.3660773639776,1427.7566805846736,1427.7566805846736,786.9505972513402,0.0,0.0,0.0,9426.011118626504,0.9596,0.9392
3,2025-12-21,93,94,15:40,1115.3499261244929,1115.3499261244929,1488.3660773639776,1488.3660773639776,780.6781606973111,0.0,0.0,0.0,10128.621463254083,0.9392,0.9693
3,2025-12-21,94,95,15:50,808.3322869302513,808.3322869302513,1115.3499261244929,1115.3499261244929,406.6553594578263,0.0,0.0,0.0,10494.611286766127,0.9693,1.0104
3,2025-12-21,95,96,16:00,833.8756967599115,833.8756967599115,808.3322869302513,808.3322869302513,71.48713693025138,0.0,0.0,0.0,10558.949710003353,1.0104,0.98
3,2025-12-21,96,97,16:10,872.8568660766962,872.8568660766962,833.8756967599115,833.8756967599115,37.94528009324483,0.0,0.0,0.0,10593.100462087274,0.98,0.9673
3,2025-12-21,97,98,16:20,915.7689225222699,915.7689225222699,872.8568660766962,872.8568660766962,71.47499941002957,0.0,0.0,0.0,10657.427961556301,0.9673,1.0182
3,2025-12-21,98,99,16:30,930.3026506236324,930.3026506236324,915.7689225222699,915.7689225222699,73.12577252226993,0.0,0.0,0.0,10723.241156826343,1.0182,1.0861
3,2025-12-21,99,100,16:40,996.8628552562944,996.8628552562944,930.3026506236324,930.3026506236324,5.1934839569657925,0.0,0.0,0.0,10727.915292387612,1.0861,1.1066
3,2025-12-21,100,101,16:50,1039.5940307307037,1039.5940307307037,996.8628552562944,996.8628552562944,37.07005525629461,0.0,0.0,0.0,10761.278342118278,1.1066,1.0879
3,2025-12-21,101,102,17:00,1037.4392616377686,1037.4392616377686,1039.5940307307037,1039.5940307307037,43.024064313024915,0.0,0.0,3.7057830843455477,10800.0,1.0879,1.0972
3,2025-12-21,102,103,17:10,1041.9325821361394,1041.9325821361394,1037.4392616377686,1037.4392616377686,0.0,0.0,0.0,8.642594971101971,10800.0,1.0972,1.1283
3,2025-12-21,103,104,17:20,1033.8820757055291,1033.8820757055291,1041.9325821361394,1041.9325821361394,0.0,0.0,0.0,23.236882136139457,10800.0,1.1283,1.1382
3,2025-12-21,104,105,17:30,1053.4163472634643,1053.4163472634643,1033.8820757055291,1033.8820757055291,0.0,0.0,0.0,8.131775705529208,10800.0,1.1382,1.103
3,2025-12-21,105,106,17:40,1094.6585965340296,1094.6585965340296,1053.4163472634643,1053.4163472634643,0.0,3.0453194032022566,0.0,0.0,10796.61631177422,1.103,1.1407
3,2025-12-21,106,107,17:50,949.0349690507516,949.0349690507516,1094.6585965340296,1094.6585965340296,3.7596535842001484,0.0,0.0,42.549809616496276,10800.0,1.1407,1.2479
3,2025-12-21,107,108,18:00,703.9495053840519,703.9495053840519,949.0349690507516,949.0349690507516,0.0,0.0,0.0,50.29153571741824,10800.0,1.2479,1.2957
3,2025-12-21,108,109,18:10,692.0357805203412,692.0357805203412,703.9495053840519,703.9495053840519,0.0,8.683827949281408,0.0,0.0,10790.351302278576,1.2957,1.2826
3,2025-12-21,109,110,18:20,734.6159918510506,734.6159918510506,692.0357805203412,692.0357805203412,0.0,23.37866947965881,0.0,0.0,10764.375002856732,1.2826,1.238
3,2025-12-21,110,111,18:30,720.0151404443138,720.0151404443138,734.6159918510506,734.6159918510506,0.0,13.651941482282837,0.0,0.0,10749.20617898753,1.238,1.2107
3,2025-12-21,111,112,18:40,717.9806859072481,717.9806859072481,720.0151404443138,720.0151404443138,0.0,9.993192889019497,0.0,0.0,10738.102631333064,1.2107,1.3293
3,2025-12-21,112,113,18:50,438.87815253195777,438.87815253195777,717.9806859072481,717.9806859072481,0.0,16.363697426085196,0.0,0.0,10719.92074530408,1.3293,1.5214
3,2025-12-21,113,114,19:00,0.0,0.0,438.87815253195777,438.87815253195777,0.0,311.2050641347088,0.0,0.0,10374.13734070996,1.5214,1.5659
3,2025-12-21,114,115,19:10,0.0,0.0,0.0,0.0,0.0,748.46,0.0,0.0,9542.515118487738,1.5659,1.5266
3,2025-12-21,115,116,19:20,0.0,0.0,0.0,0.0,0.0,722.4832333333334,0.0,0.0,8739.75597033959,1.5266,1.4847
3,2025-12-21,116,117,19:30,0.0,0.0,0.0,0.0,0.0,726.1655166666666,0.0,0.0,7932.905396265515,1.4847,1.4671
3,2025-12-21,117,118,19:40,0.0,0.0,0.0,0.0,0.0,744.4316666666666,0.0,0.0,7105.759099969219,1.4671,1.5039
3,2025-12-21,118,119,19:50,0.0,0.0,0.0,0.0,0.0,716.9286999999999,0.0,0.0,6309.171655524775,1.5039,1.5483
3,2025-12-21,119,120,20:00,0.0,0.0,0.0,0.0,0.0,733.1194999999999,0.0,0.0,5494.594433302553,1.5483,1.5137
3,2025-12-21,120,121,20:10,0.0,0.0,0.0,0.0,0.0,780.2683333333332,0.0,0.0,4627.629618487738,1.5137,1.4654
3,2025-12-21,121,122,20:20,0.0,0.0,0.0,0.0,0.0,747.5859,0.0,0.0,3796.9786184877385,1.4654,1.488
3,2025-12-21,122,123,20:30,0.0,0.0,0.0,0.0,0.0,692.8171,0.0,0.0,3027.181840709961,1.488,1.5616
3,2025-12-21,123,124,20:40,0.0,0.0,0.0,0.0,0.0,681.7516666666667,0.0,0.0,2269.679988858109,1.5616,1.3465
3,2025-12-21,124,125,20:50,637.932413210463,637.932413210463,0.0,0.0,0.0,720.3711,0.0,0.0,1469.2676555247758,1.3465,0.9601
3,2025-12-21,125,126,21:00,732.5811305677701,732.5811305677701,637.932413210463,637.932413210463,0.0,84.86775345620367,0.0,0.0,1374.9701516845496,0.9601,0.8829
3,2025-12-21,126,127,21:10,731.4025749900184,731.4025749900184,732.5811305677701,732.5811305677701,41.83779723443672,0.0,0.0,0.0,1412.6241691955427,0.8829,0.9151
3,2025-12-21,127,128,21:20,722.6581252822804,722.6581252822804,731.4025749900184,731.4025749900184,26.85907499001837,0.0,0.0,0.0,1436.7973366865592,0.9151,0.9345
3,2025-12-21,128,129,21:30,748.6440800261335,748.6440800261335,722.6581252822804,722.6581252822804,1.4974086156138355,0.0,0.0,0.0,1438.1450044406117,0.9345,0.9815
3,2025-12-21,129,130,21:40,734.2179134915662,734.2179134915662,748.6440800261335,748.6440800261335,22.3390800261335,0.0,0.0,0.0,1458.250176464132,0.9815,0.7546
3,2025-12-21,130,131,21:50,664.7319288632392,664.7319288632392,734.2179134915662,734.2179134915662,0.0,5.301119841767104,0.0,0.0,1452.360043306613,0.7546,0.4001
3,2025-12-21,131,132,22:00,1380.0807520261492,1362.8931500495569,664.7319288632392,664.7319288632392,0.0,13.767304470094018,0.0,0.0,1437.063038339842,0.4001,0.4032
3,2025-12-21,132,133,22:10,1381.8082792338687,1373.0492828873348,1380.0807520261492,1362.8931500495569,790.4931500495569,0.0,0.0,0.0,2148.506873384443,0.4032,0.4747
3,2025-12-21,133,134,22:20,1392.5448654394422,1389.249469983794,1381.8082792338687,1373.0492828873348,827.9569662206682,0.0,0.0,0.0,2893.6681429830446,0.4747,0.4323
3,2025-12-21,134,135,22:30,1367.5057801351245,1359.2606893894372,1392.5448654394422,1389.249469983794,833.3333333333333,0.0,0.0,5.080003317127421,3643.6681429830446,0.4323,0.3905
3,2025-12-21,135,136,22:40,1362.5295068983078,1362.5295068983078,1367.5057801351245,1359.2606893894372,816.6606893894373,0.0,0.0,0.0,4378.662763433538,0.3905,0.4205
3,2025-12-21,136,137,22:50,1364.5935590834652,1344.911781355788,1362.5295068983078,1362.5295068983078,833.3333333333333,0.0,0.0,3.2771735649745324,5128.662763433538,0.4205,0.4738
3,2025-12-21,137,138,23:00,1375.3551433294585,1375.3551433294585,1364.5935590834652,1344.911781355788,801.5178646891213,0.0,0.0,0.0,5850.028841653748,0.4738,0.4471
3,2025-12-21,138,139,23:10,1391.7865042094343,1391.7865042094343,1375.3551433294585,1375.3551433294585,790.5268099961253,0.0,0.0,0.0,6561.502970650261,0.4471,0.4314
3,2025-12-21,139,140,23:20,1408.602336689314,1408.602336689314,1391.7865042094343,1391.7865042094343,799.3339375427677,0.0,0.0,0.0,7280.903514438752,0.4314,0.4502
3,2025-12-21,140,141,23:30,1401.5335448320284,1400.4976287368113,1408.602336689314,1408.602336689314,833.3333333333333,0.0,0.0,9.325203355980648,8030.903514438752,0.4502,0.4334
3,2025-12-21,141,142,23:40,1380.7124154220473,1380.7124154220473,1401.5335448320284,1400.4976287368113,833.3333333333333,0.0,0.0,16.23262873681142,8780.903514438753,0.4334,0.406
3,2025-12-21,142,143,23:50,1387.0069092811884,1186.2010742474897,1380.7124154220473,1380.7124154220473,790.7521987553807,0.0,0.0,0.0,9492.580493318595,0.406,0.4032
3,2025-12-21,143,0,24:00,1388.1996512117505,1381.4376606046155,1387.0069092811884,1186.2010742474897,590.8692409141564,0.0,0.0,0.0,10024.362810141336,0.4032,0.4264
