date,interval_index,scenario_id,scenario_net_kwh,center_forecast_kwh,actual_net_kwh
2025-03-20,0,0,602.979167,576.600833,568.418333
2025-03-20,1,0,582.076308,569.979133,549.844817
2025-03-20,2,0,577.582625,575.0196,570.3135
2025-03-20,3,0,582.998333,584.253333,613.851667
2025-03-20,4,0,580.630208,584.748725,579.456167
2025-03-20,5,0,612.7551,597.524358,550.444917
2025-03-20,6,0,612.314167,594.001667,571.156667
2025-03-20,7,0,583.136167,604.236775,601.58905
2025-03-20,8,0,557.404842,590.7587,611.48375
2025-03-20,9,0,561.411667,573.410833,598.216667
2025-03-20,10,0,550.593225,581.486017,583.93595
2025-03-20,11,0,550.165533,591.350417,590.99505
2025-03-20,12,0,572.72,585.080833,598.443333
2025-03-20,13,0,558.0387,579.469617,565.983617
2025-03-20,14,0,540.077292,582.373433,546.120767
2025-03-20,15,0,538.460833,600.056667,565.713333
2025-03-20,16,0,565.301208,596.951,597.926567
2025-03-20,17,0,587.442383,610.932458,600.954467
2025-03-20,18,0,580.886667,619.6675,587.131667
2025-03-20,19,0,573.512225,596.932,605.2103
2025-03-20,20,0,572.601158,579.717325,621.892383
2025-03-20,21,0,560.594167,592.434167,620.168333
2025-03-20,22,0,567.112617,628.96825,616.623083
2025-03-20,23,0,562.018125,629.010492,612.46375
2025-03-20,24,0,583.09,618.669167,603.93
2025-03-20,25,0,608.771842,641.316525,589.794633
2025-03-20,26,0,595.044575,642.077358,581.46405
2025-03-20,27,0,554.121667,614.4975,585.585
2025-03-20,28,0,561.422383,619.765708,599.725133
2025-03-20,29,0,540.616317,626.905975,616.739317
2025-03-20,30,0,555.4625,630.515833,625.595
2025-03-20,31,0,581.050225,624.007958,619.433917
2025-03-20,32,0,591.903758,631.823258,617.8444
2025-03-20,33,0,590.65,644.470833,607.115
2025-03-20,34,0,590.131175,635.34085,575.430067
2025-03-20,35,0,688.38585,704.076108,671.463117
2025-03-20,36,0,827.761667,837.290833,827.015
2025-03-20,37,0,808.236625,845.877275,791.949933
2025-03-20,38,0,734.295525,814.061233,709.963317
2025-03-20,39,0,686.011042,789.955208,671.370833
2025-03-20,40,0,616.514408,749.887942,629.044867
2025-03-20,41,0,568.458275,702.173967,586.155917
2025-03-20,42,0,537.28875,662.270417,531.182083
2025-03-20,43,0,479.5787,605.869092,446.5755
2025-03-20,44,0,417.679067,533.942767,401.241617
2025-03-20,45,0,359.196458,479.585625,369.577083
2025-03-20,46,0,260.793475,387.734508,280.6902
2025-03-20,47,0,358.03515,472.637475,334.578067
2025-03-20,48,0,515.652708,615.791875,488.179583
2025-03-20,49,0,449.954175,569.482317,482.80385
2025-03-20,50,0,379.757142,507.59255,438.3714
2025-03-20,51,0,351.361875,485.322292,411.1575
2025-03-20,52,0,219.671858,404.397192,332.672183
2025-03-20,53,0,184.681175,371.080092,278.005133
2025-03-20,54,0,185.663958,326.178958,262.820417
2025-03-20,55,0,101.393825,250.627625,221.283767
2025-03-20,56,0,28.528225,220.373017,150.518367
2025-03-20,57,0,5.325,209.697917,77.185417
2025-03-20,58,0,19.537558,171.376367,36.09475
2025-03-20,59,0,-2.774875,149.003267,41.25735
2025-03-20,60,0,-39.312292,141.245833,45.207083
2025-03-20,61,0,0.368708,110.283925,-16.20875
2025-03-20,62,0,-9.797392,90.944508,-54.7878
2025-03-20,63,0,-111.517708,49.227083,-67.5775
2025-03-20,64,0,-124.571592,10.511158,-135.713067
2025-03-20,65,0,-147.446033,-25.382133,-183.836567
2025-03-20,66,0,-210.609375,-61.77875,-163.85
2025-03-20,67,0,-169.401092,-70.5651,-109.937383
2025-03-20,68,0,-168.094658,-92.892875,-109.84115
2025-03-20,69,0,-195.934583,-124.559375,-159.577083
2025-03-20,70,0,-155.094517,-122.245042,-180.267617
2025-03-20,71,0,-188.398533,-129.075067,-209.235117
2025-03-20,72,0,-262.56375,-164.6375,-275.021667
2025-03-20,73,0,-181.793208,-201.7348,-354.021317
2025-03-20,74,0,-155.660792,-210.999933,-372.5568
2025-03-20,75,0,-223.955625,-201.429167,-304.28375
2025-03-20,76,0,-229.211183,-203.657883,-199.829433
2025-03-20,77,0,-193.065817,-183.293333,-173.098233
2025-03-20,78,0,-151.043542,-135.312708,-195.736667
2025-03-20,79,0,-127.89725,-93.066775,-138.075567
2025-03-20,80,0,-93.193592,-59.483783,-90.300383
2025-03-20,81,0,-32.083958,-35.728125,-95.11875
2025-03-20,82,0,3.440292,-24.175792,-102.199117
2025-03-20,83,0,-19.749167,-31.106158,-104.792733
2025-03-20,84,0,-8.337708,-10.105417,-86.655
2025-03-20,85,0,-21.001642,14.268817,-28.355233
2025-03-20,86,0,-21.684258,42.635467,18.5539
2025-03-20,87,0,-19.842292,78.435208,39.517083
2025-03-20,88,0,9.209875,142.078108,70.293283
2025-03-20,89,0,71.542667,187.433508,126.358517
2025-03-20,90,0,162.070833,220.675417,180.644167
2025-03-20,91,0,151.494625,278.436567,197.318567
2025-03-20,92,0,174.184325,333.349967,248.806767
2025-03-20,93,0,229.047292,361.46625,340.1425
2025-03-20,94,0,255.483733,407.896542,402.782267
2025-03-20,95,0,299.688992,448.217208,452.45245
2025-03-20,96,0,381.742292,504.766667,507.324167
2025-03-20,97,0,391.960442,550.012583,562.26155
2025-03-20,98,0,468.404775,616.401542,599.067217
2025-03-20,99,0,595.615,687.497708,630.75625
2025-03-20,100,0,643.159025,728.835483,688.73555
2025-03-20,101,0,657.13715,773.434717,742.724283
2025-03-20,102,0,720.9225,824.959583,787.412917
2025-03-20,103,0,830.155525,887.901767,843.23245
2025-03-20,104,0,864.9452,919.476667,873.855183
2025-03-20,105,0,916.838125,994.756458,904.72375
2025-03-20,106,0,1048.864858,1046.172842,973.09075
2025-03-20,107,0,931.806483,928.840025,873.003183
2025-03-20,108,0,668.658333,715.2775,682.353333
2025-03-20,109,0,664.53,693.439208,697.997283
2025-03-20,110,0,722.307358,728.01295,739.308217
2025-03-20,111,0,724.171667,736.203333,709.241667
2025-03-20,112,0,742.25415,733.22685,714.422817
2025-03-20,113,0,722.769242,720.181425,744.974333
2025-03-20,114,0,689.29,708.436667,763.206667
2025-03-20,115,0,718.78295,708.966792,746.718033
2025-03-20,116,0,728.935383,720.005933,714.2555
2025-03-20,117,0,693.170833,719.5425,699.463333
2025-03-20,118,0,728.84315,725.050642,721.8114
2025-03-20,119,0,734.751742,714.400725,728.491
2025-03-20,120,0,708.0375,704.648333,726.368333
2025-03-20,121,0,745.632525,728.9078,764.336517
2025-03-20,122,0,750.930442,732.816033,753.943817
2025-03-20,123,0,742.906667,724.384167,702.561667
2025-03-20,124,0,757.087025,724.059058,709.374483
2025-03-20,125,0,747.602883,736.002092,719.835983
2025-03-20,126,0,724.055,745.966667,709.541667
2025-03-20,127,0,742.605942,739.2126,715.044683
2025-03-20,128,0,751.626658,729.781992,736.4506
2025-03-20,129,0,722.6775,727.069167,758.933333
2025-03-20,130,0,718.04635,737.4129,754.375467
2025-03-20,131,0,633.122992,659.162242,666.937533
2025-03-20,132,0,532.853333,539.903333,553.156667
2025-03-20,133,0,540.519833,533.531175,538.901467
2025-03-20,134,0,561.335158,558.192842,553.3285
2025-03-20,135,0,543.591667,558.320833,542.64
2025-03-20,136,0,570.05785,553.707817,524.0221
2025-03-20,137,0,556.505017,556.852742,526.969567
2025-03-20,138,0,536.9025,566.254167,549.4
2025-03-20,139,0,573.366592,582.934308,559.40135
2025-03-20,140,0,574.610275,570.857708,543.627933
2025-03-20,141,0,544.299167,554.2225,544.621667
2025-03-20,142,0,540.750067,555.695642,600.679333
2025-03-20,143,0,517.454417,504.754608,540.978183
2025-03-20,0,1,606.085833,576.600833,568.418333
2025-03-20,1,1,558.922642,569.979133,549.844817
2025-03-20,2,1,548.544375,575.0196,570.3135
2025-03-20,3,1,593.844167,584.253333,613.851667
2025-03-20,4,1,577.2445,584.748725,579.456167
2025-03-20,5,1,564.160592,597.524358,550.444917
2025-03-20,6,1,564.059167,594.001667,571.156667
2025-03-20,7,1,579.080808,604.236775,601.58905
2025-03-20,8,1,565.715758,590.7587,611.48375
2025-03-20,9,1,547.989167,573.410833,598.216667
2025-03-20,10,1,542.483908,581.486017,583.93595
2025-03-20,11,1,563.001208,591.350417,590.99505
2025-03-20,12,1,590.288333,585.080833,598.443333
2025-03-20,13,1,590.3769,579.469617,565.983617
2025-03-20,14,1,557.544775,582.373433,546.120767
2025-03-20,15,1,551.573333,600.056667,565.713333
2025-03-20,16,1,596.463242,596.951,597.926567
2025-03-20,17,1,613.079458,610.932458,600.954467
2025-03-20,18,1,568.495,619.6675,587.131667
2025-03-20,19,1,541.243842,596.932,605.2103
2025-03-20,20,1,551.949342,579.717325,621.892383
2025-03-20,21,1,548.0225,592.434167,620.168333
2025-03-20,22,1,595.997233,628.96825,616.623083
2025-03-20,23,1,569.906425,629.010492,612.46375
2025-03-20,24,1,558.726667,618.669167,603.93
2025-03-20,25,1,620.406883,641.316525,589.794633
2025-03-20,26,1,621.2386,642.077358,581.46405
2025-03-20,27,1,566.6975,614.4975,585.585
2025-03-20,28,1,570.212675,619.765708,599.725133
2025-03-20,29,1,590.514867,626.905975,616.739317
2025-03-20,30,1,595.7275,630.515833,625.595
2025-03-20,31,1,573.001467,624.007958,619.433917
2025-03-20,32,1,574.650383,631.823258,617.8444
2025-03-20,33,1,604.49,644.470833,607.115
2025-03-20,34,1,609.221975,635.34085,575.430067
2025-03-20,35,1,674.336333,704.076108,671.463117
2025-03-20,36,1,772.435,837.290833,827.015
2025-03-20,37,1,736.187817,845.877275,791.949933
2025-03-20,38,1,728.365133,814.061233,709.963317
2025-03-20,39,1,704.121667,789.955208,671.370833
2025-03-20,40,1,605.2145,749.887942,629.044867
2025-03-20,41,1,553.47905,702.173967,586.155917
2025-03-20,42,1,569.064792,662.270417,531.182083
2025-03-20,43,1,474.649392,605.869092,446.5755
2025-03-20,44,1,331.509675,533.942767,401.241617
2025-03-20,45,1,247.65625,479.585625,369.577083
2025-03-20,46,1,182.457642,387.734508,280.6902
2025-03-20,47,1,286.024958,472.637475,334.578067
2025-03-20,48,1,416.923333,615.791875,488.179583
2025-03-20,49,1,365.250708,569.482317,482.80385
2025-03-20,50,1,340.638092,507.59255,438.3714
2025-03-20,51,1,354.884167,485.322292,411.1575
2025-03-20,52,1,243.587,404.397192,332.672183
2025-03-20,53,1,257.5556,371.080092,278.005133
2025-03-20,54,1,249.342083,326.178958,262.820417
2025-03-20,55,1,120.169392,250.627625,221.283767
2025-03-20,56,1,97.567742,220.373017,150.518367
2025-03-20,57,1,150.678125,209.697917,77.185417
2025-03-20,58,1,111.423183,171.376367,36.09475
2025-03-20,59,1,50.574667,149.003267,41.25735
2025-03-20,60,1,1.405417,141.245833,45.207083
2025-03-20,61,1,-67.280617,110.283925,-16.20875
2025-03-20,62,1,-101.355717,90.944508,-54.7878
2025-03-20,63,1,-119.174583,49.227083,-67.5775
2025-03-20,64,1,-89.879317,10.511158,-135.713067
2025-03-20,65,1,-104.096825,-25.382133,-183.836567
2025-03-20,66,1,-160.43125,-61.77875,-163.85
2025-03-20,67,1,-123.91475,-70.5651,-109.937383
2025-03-20,68,1,-112.037392,-92.892875,-109.84115
2025-03-20,69,1,-137.21125,-124.559375,-159.577083
2025-03-20,70,1,-103.341183,-122.245042,-180.267617
2025-03-20,71,1,-144.924767,-129.075067,-209.235117
2025-03-20,72,1,-252.441042,-164.6375,-275.021667
2025-03-20,73,1,-267.410525,-201.7348,-354.021317
2025-03-20,74,1,-246.715092,-210.999933,-372.5568
2025-03-20,75,1,-237.950417,-201.429167,-304.28375
2025-03-20,76,1,-230.613,-203.657883,-199.829433
2025-03-20,77,1,-240.576258,-183.293333,-173.098233
2025-03-20,78,1,-230.103333,-135.312708,-195.736667
2025-03-20,79,1,-144.945925,-93.066775,-138.075567
2025-03-20,80,1,-100.939142,-59.483783,-90.300383
2025-03-20,81,1,-85.057083,-35.728125,-95.11875
2025-03-20,82,1,19.148975,-24.175792,-102.199117
2025-03-20,83,1,38.90535,-31.106158,-104.792733
2025-03-20,84,1,0.588958,-10.105417,-86.655
2025-03-20,85,1,23.520942,14.268817,-28.355233
2025-03-20,86,1,77.85665,42.635467,18.5539
2025-03-20,87,1,124.233958,78.435208,39.517083
2025-03-20,88,1,182.408175,142.078108,70.293283
2025-03-20,89,1,228.876367,187.433508,126.358517
2025-03-20,90,1,269.062917,220.675417,180.644167
2025-03-20,91,1,319.2236,278.436567,197.318567
2025-03-20,92,1,359.702742,333.349967,248.806767
2025-03-20,93,1,366.302708,361.46625,340.1425
2025-03-20,94,1,420.841608,407.896542,402.782267
2025-03-20,95,1,462.599467,448.217208,452.45245
2025-03-20,96,1,514.779792,504.766667,507.324167
2025-03-20,97,1,572.177575,550.012583,562.26155
2025-03-20,98,1,614.980183,616.401542,599.067217
2025-03-20,99,1,640.385,687.497708,630.75625
2025-03-20,100,1,682.286358,728.835483,688.73555
2025-03-20,101,1,725.185492,773.434717,742.724283
2025-03-20,102,1,744.6425,824.959583,787.412917
2025-03-20,103,1,775.47685,887.901767,843.23245
2025-03-20,104,1,833.20145,919.476667,873.855183
2025-03-20,105,1,980.52,994.756458,904.72375
2025-03-20,106,1,1073.318117,1046.172842,973.09075
2025-03-20,107,1,959.34125,928.840025,873.003183
2025-03-20,108,1,738.589167,715.2775,682.353333
2025-03-20,109,1,696.567117,693.439208,697.997283
2025-03-20,110,1,716.116992,728.01295,739.308217
2025-03-20,111,1,714.68,736.203333,709.241667
2025-03-20,112,1,720.432033,733.22685,714.422817
2025-03-20,113,1,735.823042,720.181425,744.974333
2025-03-20,114,1,727.7,708.436667,763.206667
2025-03-20,115,1,683.051717,708.966792,746.718033
2025-03-20,116,1,686.018867,720.005933,714.2555
2025-03-20,117,1,713.4825,719.5425,699.463333
2025-03-20,118,1,737.870675,725.050642,721.8114
2025-03-20,119,1,721.261517,714.400725,728.491
2025-03-20,120,1,697.125833,704.648333,726.368333
2025-03-20,121,1,727.254433,728.9078,764.336517
2025-03-20,122,1,740.225042,732.816033,753.943817
2025-03-20,123,1,725.853333,724.384167,702.561667
2025-03-20,124,1,729.049433,724.059058,709.374483
2025-03-20,125,1,762.411092,736.002092,719.835983
2025-03-20,126,1,773.95,745.966667,709.541667
2025-03-20,127,1,751.084517,739.2126,715.044683
2025-03-20,128,1,723.118583,729.781992,736.4506
2025-03-20,129,1,728.494167,727.069167,758.933333
2025-03-20,130,1,713.241983,737.4129,754.375467
2025-03-20,131,1,627.232583,659.162242,666.937533
2025-03-20,132,1,531.695,539.903333,553.156667
2025-03-20,133,1,526.322967,533.531175,538.901467
2025-03-20,134,1,559.8329,558.192842,553.3285
2025-03-20,135,1,563.981667,558.320833,542.64
2025-03-20,136,1,567.790142,553.707817,524.0221
2025-03-20,137,1,570.579858,556.852742,526.969567
2025-03-20,138,1,591.008333,566.254167,549.4
2025-03-20,139,1,604.000958,582.934308,559.40135
2025-03-20,140,1,590.3559,570.857708,543.627933
2025-03-20,141,1,561.146667,554.2225,544.621667
2025-03-20,142,1,551.349567,555.695642,600.679333
2025-03-20,143,1,520.001242,504.754608,540.978183
2025-03-20,0,2,605.323333,576.600833,568.418333
2025-03-20,1,2,605.15865,569.979133,549.844817
2025-03-20,2,2,584.116292,575.0196,570.3135
2025-03-20,3,2,571.840833,584.253333,613.851667
2025-03-20,4,2,570.2092,584.748725,579.456167
2025-03-20,5,2,580.847533,597.524358,550.444917
2025-03-20,6,2,581.288333,594.001667,571.156667
2025-03-20,7,2,630.435092,604.236775,601.58905
2025-03-20,8,2,605.834375,590.7587,611.48375
2025-03-20,9,2,544.8175,573.410833,598.216667
2025-03-20,10,2,556.3589,581.486017,583.93595
2025-03-20,11,2,573.92515,591.350417,590.99505
2025-03-20,12,2,572.963333,585.080833,598.443333
2025-03-20,13,2,546.817683,579.469617,565.983617
2025-03-20,14,2,515.11055,582.373433,546.120767
2025-03-20,15,2,498.551667,600.056667,565.713333
2025-03-20,16,2,517.035058,596.951,597.926567
2025-03-20,17,2,560.0868,610.932458,600.954467
2025-03-20,18,2,574.314167,619.6675,587.131667
2025-03-20,19,2,571.457767,596.932,605.2103
2025-03-20,20,2,538.701333,579.717325,621.892383
2025-03-20,21,2,540.155,592.434167,620.168333
2025-03-20,22,2,577.14855,628.96825,616.623083
2025-03-20,23,2,593.494342,629.010492,612.46375
2025-03-20,24,2,589.885833,618.669167,603.93
2025-03-20,25,2,595.150283,641.316525,589.794633
2025-03-20,26,2,595.10545,642.077358,581.46405
2025-03-20,27,2,579.925,614.4975,585.585
2025-03-20,28,2,569.540142,619.765708,599.725133
2025-03-20,29,2,560.106283,626.905975,616.739317
2025-03-20,30,2,575.743333,630.515833,625.595
2025-03-20,31,2,593.577467,624.007958,619.433917
2025-03-20,32,2,601.555267,631.823258,617.8444
2025-03-20,33,2,585.929167,644.470833,607.115
2025-03-20,34,2,515.798092,635.34085,575.430067
2025-03-20,35,2,603.904525,704.076108,671.463117
2025-03-20,36,2,783.435833,837.290833,827.015
2025-03-20,37,2,766.857983,845.877275,791.949933
2025-03-20,38,2,718.432742,814.061233,709.963317
2025-03-20,39,2,702.210208,789.955208,671.370833
2025-03-20,40,2,625.535792,749.887942,629.044867
2025-03-20,41,2,562.697617,702.173967,586.155917
2025-03-20,42,2,537.212917,662.270417,531.182083
2025-03-20,43,2,474.303967,605.869092,446.5755
2025-03-20,44,2,392.683067,533.942767,401.241617
2025-03-20,45,2,330.973542,479.585625,369.577083
2025-03-20,46,2,216.46655,387.734508,280.6902
2025-03-20,47,2,274.184658,472.637475,334.578067
2025-03-20,48,2,420.494375,615.791875,488.179583
2025-03-20,49,2,432.151133,569.482317,482.80385
2025-03-20,50,2,403.290083,507.59255,438.3714
2025-03-20,51,2,374.312708,485.322292,411.1575
2025-03-20,52,2,305.61935,404.397192,332.672183
2025-03-20,53,2,291.118992,371.080092,278.005133
2025-03-20,54,2,236.715417,326.178958,262.820417
2025-03-20,55,2,115.443492,250.627625,221.283767
2025-03-20,56,2,111.242133,220.373017,150.518367
2025-03-20,57,2,169.456875,209.697917,77.185417
2025-03-20,58,2,101.671625,171.376367,36.09475
2025-03-20,59,2,21.720875,149.003267,41.25735
2025-03-20,60,2,-22.624792,141.245833,45.207083
2025-03-20,61,2,-82.709,110.283925,-16.20875
2025-03-20,62,2,-88.125808,90.944508,-54.7878
2025-03-20,63,2,-107.429792,49.227083,-67.5775
2025-03-20,64,2,-175.016292,10.511158,-135.713067
2025-03-20,65,2,-254.507042,-25.382133,-183.836567
2025-03-20,66,2,-283.317083,-61.77875,-163.85
2025-03-20,67,2,-170.023258,-70.5651,-109.937383
2025-03-20,68,2,-205.889933,-92.892875,-109.84115
2025-03-20,69,2,-386.683333,-124.559375,-159.577083
2025-03-20,70,2,-383.902917,-122.245042,-180.267617
2025-03-20,71,2,-308.752125,-129.075067,-209.235117
2025-03-20,72,2,-286.596458,-164.6375,-275.021667
2025-03-20,73,2,-287.498525,-201.7348,-354.021317
2025-03-20,74,2,-244.16305,-210.999933,-372.5568
2025-03-20,75,2,-179.786875,-201.429167,-304.28375
2025-03-20,76,2,-171.758967,-203.657883,-199.829433
2025-03-20,77,2,-178.404433,-183.293333,-173.098233
2025-03-20,78,2,-109.529167,-135.312708,-195.736667
2025-03-20,79,2,-76.264633,-93.066775,-138.075567
2025-03-20,80,2,1.178225,-59.483783,-90.300383
2025-03-20,81,2,69.786042,-35.728125,-95.11875
2025-03-20,82,2,93.776275,-24.175792,-102.199117
2025-03-20,83,2,57.941625,-31.106158,-104.792733
2025-03-20,84,2,43.865625,-10.105417,-86.655
2025-03-20,85,2,98.334067,14.268817,-28.355233
2025-03-20,86,2,148.5112,42.635467,18.5539
2025-03-20,87,2,129.622708,78.435208,39.517083
2025-03-20,88,2,122.432008,142.078108,70.293283
2025-03-20,89,2,134.877625,187.433508,126.358517
2025-03-20,90,2,194.721458,220.675417,180.644167
2025-03-20,91,2,298.105492,278.436567,197.318567
2025-03-20,92,2,367.675683,333.349967,248.806767
2025-03-20,93,2,368.93125,361.46625,340.1425
2025-03-20,94,2,413.705225,407.896542,402.782267
2025-03-20,95,2,452.946375,448.217208,452.45245
2025-03-20,96,2,488.110833,504.766667,507.324167
2025-03-20,97,2,492.980667,550.012583,562.26155
2025-03-20,98,2,544.664867,616.401542,599.067217
2025-03-20,99,2,625.321875,687.497708,630.75625
2025-03-20,100,2,635.669067,728.835483,688.73555
2025-03-20,101,2,677.1869,773.434717,742.724283
2025-03-20,102,2,763.328542,824.959583,787.412917
2025-03-20,103,2,843.718458,887.901767,843.23245
2025-03-20,104,2,864.712317,919.476667,873.855183
2025-03-20,105,2,928.262083,994.756458,904.72375
2025-03-20,106,2,1034.43575,1046.172842,973.09075
2025-03-20,107,2,933.6001,928.840025,873.003183
2025-03-20,108,2,697.2475,715.2775,682.353333
2025-03-20,109,2,693.035633,693.439208,697.997283
2025-03-20,110,2,731.738892,728.01295,739.308217
2025-03-20,111,2,713.694167,736.203333,709.241667
2025-03-20,112,2,727.232517,733.22685,714.422817
2025-03-20,113,2,728.948325,720.181425,744.974333
2025-03-20,114,2,702.8425,708.436667,763.206667
2025-03-20,115,2,714.083525,708.966792,746.718033
2025-03-20,116,2,714.224667,720.005933,714.2555
2025-03-20,117,2,694.454167,719.5425,699.463333
2025-03-20,118,2,727.760275,725.050642,721.8114
2025-03-20,119,2,715.516608,714.400725,728.491
2025-03-20,120,2,677.808333,704.648333,726.368333
2025-03-20,121,2,718.962842,728.9078,764.336517
2025-03-20,122,2,727.672675,732.816033,753.943817
2025-03-20,123,2,706.2775,724.384167,702.561667
2025-03-20,124,2,701.80835,724.059058,709.374483
2025-03-20,125,2,742.41275,736.002092,719.835983
2025-03-20,126,2,761.391667,745.966667,709.541667
2025-03-20,127,2,749.386108,739.2126,715.044683
2025-03-20,128,2,732.35745,729.781992,736.4506
2025-03-20,129,2,733.800833,727.069167,758.933333
2025-03-20,130,2,749.739158,737.4129,754.375467
2025-03-20,131,2,694.076558,659.162242,666.937533
2025-03-20,132,2,571.031667,539.903333,553.156667
2025-03-20,133,2,536.628333,533.531175,538.901467
2025-03-20,134,2,574.368925,558.192842,553.3285
2025-03-20,135,2,607.4,558.320833,542.64
2025-03-20,136,2,546.503567,553.707817,524.0221
2025-03-20,137,2,519.006592,556.852742,526.969567
2025-03-20,138,2,529.295,566.254167,549.4
2025-03-20,139,2,554.981708,582.934308,559.40135
2025-03-20,140,2,570.814275,570.857708,543.627933
2025-03-20,141,2,564.180833,554.2225,544.621667
2025-03-20,142,2,549.866292,555.695642,600.679333
2025-03-20,143,2,491.502875,504.754608,540.978183
2025-03-20,0,3,567.655,576.600833,568.418333
2025-03-20,1,3,588.376325,569.979133,549.844817
2025-03-20,2,3,585.600108,575.0196,570.3135
2025-03-20,3,3,584.915,584.253333,613.851667
2025-03-20,4,3,555.08825,584.748725,579.456167
2025-03-20,5,3,568.166775,597.524358,550.444917
2025-03-20,6,3,572.795833,594.001667,571.156667
2025-03-20,7,3,572.519567,604.236775,601.58905
2025-03-20,8,3,567.444825,590.7587,611.48375
2025-03-20,9,3,564.259167,573.410833,598.216667
2025-03-20,10,3,571.79805,581.486017,583.93595
2025-03-20,11,3,593.0542,591.350417,590.99505
2025-03-20,12,3,606.315,585.080833,598.443333
2025-03-20,13,3,590.56815,579.469617,565.983617
2025-03-20,14,3,571.5423,582.373433,546.120767
2025-03-20,15,3,580.551667,600.056667,565.713333
2025-03-20,16,3,605.522267,596.951,597.926567
2025-03-20,17,3,614.154325,610.932458,600.954467
2025-03-20,18,3,579.855,619.6675,587.131667
2025-03-20,19,3,547.195433,596.932,605.2103
2025-03-20,20,3,548.709458,579.717325,621.892383
2025-03-20,21,3,588.613333,592.434167,620.168333
2025-03-20,22,3,609.370333,628.96825,616.623083
2025-03-20,23,3,592.994317,629.010492,612.46375
2025-03-20,24,3,586.915,618.669167,603.93
2025-03-20,25,3,612.095108,641.316525,589.794633
2025-03-20,26,3,618.095975,642.077358,581.46405
2025-03-20,27,3,596.926667,614.4975,585.585
2025-03-20,28,3,601.5247,619.765708,599.725133
2025-03-20,29,3,607.663225,626.905975,616.739317
2025-03-20,30,3,604.1825,630.515833,625.595
2025-03-20,31,3,584.849525,624.007958,619.433917
2025-03-20,32,3,575.372567,631.823258,617.8444
2025-03-20,33,3,581.145833,644.470833,607.115
2025-03-20,34,3,583.757275,635.34085,575.430067
2025-03-20,35,3,633.802442,704.076108,671.463117
2025-03-20,36,3,745.0875,837.290833,827.015
2025-03-20,37,3,790.500442,845.877275,791.949933
2025-03-20,38,3,752.938267,814.061233,709.963317
2025-03-20,39,3,680.738542,789.955208,671.370833
2025-03-20,40,3,662.350433,749.887942,629.044867
2025-03-20,41,3,618.836283,702.173967,586.155917
2025-03-20,42,3,530.183333,662.270417,531.182083
2025-03-20,43,3,490.424342,605.869092,446.5755
2025-03-20,44,3,427.279683,533.942767,401.241617
2025-03-20,45,3,359.623958,479.585625,369.577083
2025-03-20,46,3,277.824608,387.734508,280.6902
2025-03-20,47,3,363.153025,472.637475,334.578067
2025-03-20,48,3,483.245833,615.791875,488.179583
2025-03-20,49,3,413.731808,569.482317,482.80385
2025-03-20,50,3,342.029133,507.59255,438.3714
2025-03-20,51,3,327.941667,485.322292,411.1575
2025-03-20,52,3,242.650808,404.397192,332.672183
2025-03-20,53,3,184.933017,371.080092,278.005133
2025-03-20,54,3,117.198333,326.178958,262.820417
2025-03-20,55,3,37.539008,250.627625,221.283767
2025-03-20,56,3,37.038892,220.373017,150.518367
2025-03-20,57,3,70.146042,209.697917,77.185417
2025-03-20,58,3,12.539,171.376367,36.09475
2025-03-20,59,3,7.55415,149.003267,41.25735
2025-03-20,60,3,-23.842708,141.245833,45.207083
2025-03-20,61,3,-106.724608,110.283925,-16.20875
2025-03-20,62,3,-126.648717,90.944508,-54.7878
2025-03-20,63,3,-77.800208,49.227083,-67.5775
2025-03-20,64,3,-126.324033,10.511158,-135.713067
2025-03-20,65,3,-154.406233,-25.382133,-183.836567
2025-03-20,66,3,-141.619792,-61.77875,-163.85
2025-03-20,67,3,-135.015958,-70.5651,-109.937383
2025-03-20,68,3,-185.368225,-92.892875,-109.84115
2025-03-20,69,3,-298.985833,-124.559375,-159.577083
2025-03-20,70,3,-295.683625,-122.245042,-180.267617
2025-03-20,71,3,-266.447508,-129.075067,-209.235117
2025-03-20,72,3,-289.342917,-164.6375,-275.021667
2025-03-20,73,3,-388.016517,-201.7348,-354.021317
2025-03-20,74,3,-401.247125,-210.999933,-372.5568
2025-03-20,75,3,-324.320208,-201.429167,-304.28375
2025-03-20,76,3,-295.543208,-203.657883,-199.829433
2025-03-20,77,3,-271.825325,-183.293333,-173.098233
2025-03-20,78,3,-217.46125,-135.312708,-195.736667
2025-03-20,79,3,-174.428167,-93.066775,-138.075567
2025-03-20,80,3,-147.99175,-59.483783,-90.300383
2025-03-20,81,3,-138.306875,-35.728125,-95.11875
2025-03-20,82,3,-74.415158,-24.175792,-102.199117
2025-03-20,83,3,-65.612067,-31.106158,-104.792733
2025-03-20,84,3,-64.274167,-10.105417,-86.655
2025-03-20,85,3,-14.6897,14.268817,-28.355233
2025-03-20,86,3,-30.567733,42.635467,18.5539
2025-03-20,87,3,-60.050625,78.435208,39.517083
2025-03-20,88,3,38.172233,142.078108,70.293283
2025-03-20,89,3,80.47435,187.433508,126.358517
2025-03-20,90,3,52.470208,220.675417,180.644167
2025-03-20,91,3,122.535917,278.436567,197.318567
2025-03-20,92,3,221.831767,333.349967,248.806767
2025-03-20,93,3,260.974167,361.46625,340.1425
2025-03-20,94,3,290.163433,407.896542,402.782267
2025-03-20,95,3,309.998325,448.217208,452.45245
2025-03-20,96,3,370.733333,504.766667,507.324167
2025-03-20,97,3,454.947933,550.012583,562.26155
2025-03-20,98,3,538.659425,616.401542,599.067217
2025-03-20,99,3,619.907708,687.497708,630.75625
2025-03-20,100,3,677.979742,728.835483,688.73555
2025-03-20,101,3,715.92555,773.434717,742.724283
2025-03-20,102,3,735.545833,824.959583,787.412917
2025-03-20,103,3,792.64745,887.901767,843.23245
2025-03-20,104,3,834.7783,919.476667,873.855183
2025-03-20,105,3,906.956042,994.756458,904.72375
2025-03-20,106,3,1009.038758,1046.172842,973.09075
2025-03-20,107,3,939.515792,928.840025,873.003183
2025-03-20,108,3,728.384167,715.2775,682.353333
2025-03-20,109,3,687.96855,693.439208,697.997283
2025-03-20,110,3,713.276708,728.01295,739.308217
2025-03-20,111,3,754.944167,736.203333,709.241667
2025-03-20,112,3,745.975708,733.22685,714.422817
2025-03-20,113,3,724.989775,720.181425,744.974333
2025-03-20,114,3,699.633333,708.436667,763.206667
2025-03-20,115,3,694.131125,708.966792,746.718033
2025-03-20,116,3,708.727267,720.005933,714.2555
2025-03-20,117,3,726.080833,719.5425,699.463333
2025-03-20,118,3,705.732142,725.050642,721.8114
2025-03-20,119,3,691.594217,714.400725,728.491
2025-03-20,120,3,700.715833,704.648333,726.368333
2025-03-20,121,3,734.703783,728.9078,764.336517
2025-03-20,122,3,728.034267,732.816033,753.943817
2025-03-20,123,3,698.766667,724.384167,702.561667
2025-03-20,124,3,693.470108,724.059058,709.374483
2025-03-20,125,3,709.472225,736.002092,719.835983
2025-03-20,126,3,745.639167,745.966667,709.541667
2025-03-20,127,3,746.488442,739.2126,715.044683
2025-03-20,128,3,735.863467,729.781992,736.4506
2025-03-20,129,3,741.669167,727.069167,758.933333
2025-03-20,130,3,767.0138,737.4129,754.375467
2025-03-20,131,3,672.452075,659.162242,666.937533
2025-03-20,132,3,527.575,539.903333,553.156667
2025-03-20,133,3,550.68515,533.531175,538.901467
2025-03-20,134,3,572.993775,558.192842,553.3285
2025-03-20,135,3,546.069167,558.320833,542.64
2025-03-20,136,3,587.392817,553.707817,524.0221
2025-03-20,137,3,585.170892,556.852742,526.969567
2025-03-20,138,3,536.758333,566.254167,549.4
2025-03-20,139,3,564.573383,582.934308,559.40135
2025-03-20,140,3,567.819508,570.857708,543.627933
2025-03-20,141,3,533.165833,554.2225,544.621667
2025-03-20,142,3,546.82045,555.695642,600.679333
2025-03-20,143,3,508.138183,504.754608,540.978183
2025-03-20,0,4,571.590833,576.600833,568.418333
2025-03-20,1,4,535.809917,569.979133,549.844817
2025-03-20,2,4,542.40945,575.0196,570.3135
2025-03-20,3,4,565.424167,584.253333,613.851667
2025-03-20,4,4,572.210617,584.748725,579.456167
2025-03-20,5,4,589.9175,597.524358,550.444917
2025-03-20,6,4,584.1625,594.001667,571.156667
2025-03-20,7,4,595.665708,604.236775,601.58905
2025-03-20,8,4,581.590708,590.7587,611.48375
2025-03-20,9,4,573.841667,573.410833,598.216667
2025-03-20,10,4,561.841142,581.486017,583.93595
2025-03-20,11,4,575.63645,591.350417,590.99505
2025-03-20,12,4,594.729167,585.080833,598.443333
2025-03-20,13,4,600.737758,579.469617,565.983617
2025-03-20,14,4,584.845433,582.373433,546.120767
2025-03-20,15,4,565.326667,600.056667,565.713333
2025-03-20,16,4,540.38435,596.951,597.926567
2025-03-20,17,4,572.068842,610.932458,600.954467
2025-03-20,18,4,616.9,619.6675,587.131667
2025-03-20,19,4,592.898775,596.932,605.2103
2025-03-20,20,4,567.048808,579.717325,621.892383
2025-03-20,21,4,576.131667,592.434167,620.168333
2025-03-20,22,4,614.061167,628.96825,616.623083
2025-03-20,23,4,621.717867,629.010492,612.46375
2025-03-20,24,4,623.2825,618.669167,603.93
2025-03-20,25,4,602.533925,641.316525,589.794633
2025-03-20,26,4,576.254,642.077358,581.46405
2025-03-20,27,4,572.984167,614.4975,585.585
2025-03-20,28,4,594.364325,619.765708,599.725133
2025-03-20,29,4,596.343675,626.905975,616.739317
2025-03-20,30,4,618.700833,630.515833,625.595
2025-03-20,31,4,586.249325,624.007958,619.433917
2025-03-20,32,4,586.425758,631.823258,617.8444
2025-03-20,33,4,585.258333,644.470833,607.115
2025-03-20,34,4,571.697242,635.34085,575.430067
2025-03-20,35,4,638.118825,704.076108,671.463117
2025-03-20,36,4,756.3325,837.290833,827.015
2025-03-20,37,4,753.324892,845.877275,791.949933
2025-03-20,38,4,721.079425,814.061233,709.963317
2025-03-20,39,4,682.924792,789.955208,671.370833
2025-03-20,40,4,615.948142,749.887942,629.044867
2025-03-20,41,4,556.111017,702.173967,586.155917
2025-03-20,42,4,528.304792,662.270417,531.182083
2025-03-20,43,4,489.559525,605.869092,446.5755
2025-03-20,44,4,408.198042,533.942767,401.241617
2025-03-20,45,4,315.877708,479.585625,369.577083
2025-03-20,46,4,200.367958,387.734508,280.6902
2025-03-20,47,4,329.954117,472.637475,334.578067
2025-03-20,48,4,532.064167,615.791875,488.179583
2025-03-20,49,4,450.067167,569.482317,482.80385
2025-03-20,50,4,369.23285,507.59255,438.3714
2025-03-20,51,4,362.131458,485.322292,411.1575
2025-03-20,52,4,266.061692,404.397192,332.672183
2025-03-20,53,4,224.916583,371.080092,278.005133
2025-03-20,54,4,167.599167,326.178958,262.820417
2025-03-20,55,4,102.392925,250.627625,221.283767
2025-03-20,56,4,68.968042,220.373017,150.518367
2025-03-20,57,4,49.79375,209.697917,77.185417
2025-03-20,58,4,13.814892,171.376367,36.09475
2025-03-20,59,4,5.533667,149.003267,41.25735
2025-03-20,60,4,-9.201458,141.245833,45.207083
2025-03-20,61,4,-100.173733,110.283925,-16.20875
2025-03-20,62,4,-132.089967,90.944508,-54.7878
2025-03-20,63,4,-117.813125,49.227083,-67.5775
2025-03-20,64,4,-121.623625,10.511158,-135.713067
2025-03-20,65,4,-181.1043,-25.382133,-183.836567
2025-03-20,66,4,-260.555208,-61.77875,-163.85
2025-03-20,67,4,-239.426408,-70.5651,-109.937383
2025-03-20,68,4,-190.857692,-92.892875,-109.84115
2025-03-20,69,4,-215.054167,-124.559375,-159.577083
2025-03-20,70,4,-330.902733,-122.245042,-180.267617
2025-03-20,71,4,-422.5351,-129.075067,-209.235117
2025-03-20,72,4,-444.398333,-164.6375,-275.021667
2025-03-20,73,4,-479.843908,-201.7348,-354.021317
2025-03-20,74,4,-539.6968,-210.999933,-372.5568
2025-03-20,75,4,-563.961458,-201.429167,-304.28375
2025-03-20,76,4,-610.36375,-203.657883,-199.829433
2025-03-20,77,4,-595.311642,-183.293333,-173.098233
2025-03-20,78,4,-526.542083,-135.312708,-195.736667
2025-03-20,79,4,-450.522875,-93.066775,-138.075567
2025-03-20,80,4,-317.685625,-59.483783,-90.300383
2025-03-20,81,4,-146.629792,-35.728125,-95.11875
2025-03-20,82,4,-108.694025,-24.175792,-102.199117
2025-03-20,83,4,-149.707425,-31.106158,-104.792733
2025-03-20,84,4,-145.218958,-10.105417,-86.655
2025-03-20,85,4,-97.382533,14.268817,-28.355233
2025-03-20,86,4,-58.778075,42.635467,18.5539
2025-03-20,87,4,-32.850833,78.435208,39.517083
2025-03-20,88,4,42.888925,142.078108,70.293283
2025-03-20,89,4,103.919667,187.433508,126.358517
2025-03-20,90,4,150.181042,220.675417,180.644167
2025-03-20,91,4,231.71335,278.436567,197.318567
2025-03-20,92,4,268.563517,333.349967,248.806767
2025-03-20,93,4,250.989375,361.46625,340.1425
2025-03-20,94,4,323.466725,407.896542,402.782267
2025-03-20,95,4,366.004117,448.217208,452.45245
2025-03-20,96,4,386.385625,504.766667,507.324167
2025-03-20,97,4,424.970717,550.012583,562.26155
2025-03-20,98,4,524.493508,616.401542,599.067217
2025-03-20,99,4,620.183958,687.497708,630.75625
2025-03-20,100,4,606.958792,728.835483,688.73555
2025-03-20,101,4,648.9924,773.434717,742.724283
2025-03-20,102,4,742.275,824.959583,787.412917
2025-03-20,103,4,818.09945,887.901767,843.23245
2025-03-20,104,4,844.25695,919.476667,873.855183
2025-03-20,105,4,912.462292,994.756458,904.72375
2025-03-20,106,4,996.29975,1046.172842,973.09075
2025-03-20,107,4,911.322617,928.840025,873.003183
2025-03-20,108,4,707.936667,715.2775,682.353333
2025-03-20,109,4,670.4323,693.439208,697.997283
2025-03-20,110,4,704.504858,728.01295,739.308217
2025-03-20,111,4,736.165,736.203333,709.241667
2025-03-20,112,4,783.916842,733.22685,714.422817
2025-03-20,113,4,765.838908,720.181425,744.974333
2025-03-20,114,4,706.536667,708.436667,763.206667
2025-03-20,115,4,713.287967,708.966792,746.718033
2025-03-20,116,4,718.245592,720.005933,714.2555
2025-03-20,117,4,695.2625,719.5425,699.463333
2025-03-20,118,4,708.011867,725.050642,721.8114
2025-03-20,119,4,696.277883,714.400725,728.491
2025-03-20,120,4,673.31,704.648333,726.368333
2025-03-20,121,4,736.687008,728.9078,764.336517
2025-03-20,122,4,773.017867,732.816033,753.943817
2025-03-20,123,4,741.96,724.384167,702.561667
2025-03-20,124,4,709.588892,724.059058,709.374483
2025-03-20,125,4,739.352008,736.002092,719.835983
2025-03-20,126,4,785.649167,745.966667,709.541667
2025-03-20,127,4,747.583225,739.2126,715.044683
2025-03-20,128,4,717.559833,729.781992,736.4506
2025-03-20,129,4,741.05,727.069167,758.933333
2025-03-20,130,4,749.1558,737.4129,754.375467
2025-03-20,131,4,676.964617,659.162242,666.937533
2025-03-20,132,4,565.075,539.903333,553.156667
2025-03-20,133,4,543.267483,533.531175,538.901467
2025-03-20,134,4,548.228558,558.192842,553.3285
2025-03-20,135,4,556.421667,558.320833,542.64
2025-03-20,136,4,558.852342,553.707817,524.0221
2025-03-20,137,4,558.366467,556.852742,526.969567
2025-03-20,138,4,546.105,566.254167,549.4
2025-03-20,139,4,559.57745,582.934308,559.40135
2025-03-20,140,4,556.132658,570.857708,543.627933
2025-03-20,141,4,548.743333,554.2225,544.621667
2025-03-20,142,4,551.3186,555.695642,600.679333
2025-03-20,143,4,501.426733,504.754608,540.978183
2025-03-20,0,5,576.353333,576.600833,568.418333
2025-03-20,1,5,584.4006,569.979133,549.844817
2025-03-20,2,5,590.167117,575.0196,570.3135
2025-03-20,3,5,578.890833,584.253333,613.851667
2025-03-20,4,5,572.133533,584.748725,579.456167
2025-03-20,5,5,605.957658,597.524358,550.444917
2025-03-20,6,5,638.685833,594.001667,571.156667
2025-03-20,7,5,626.128775,604.236775,601.58905
2025-03-20,8,5,583.496792,590.7587,611.48375
2025-03-20,9,5,554.255,573.410833,598.216667
2025-03-20,10,5,580.981858,581.486017,583.93595
2025-03-20,11,5,582.112567,591.350417,590.99505
2025-03-20,12,5,557.755833,585.080833,598.443333
2025-03-20,13,5,572.228433,579.469617,565.983617
2025-03-20,14,5,586.99625,582.373433,546.120767
2025-03-20,15,5,594.7375,600.056667,565.713333
2025-03-20,16,5,586.041842,596.951,597.926567
2025-03-20,17,5,583.43285,610.932458,600.954467
2025-03-20,18,5,563.9025,619.6675,587.131667
2025-03-20,19,5,528.893842,596.932,605.2103
2025-03-20,20,5,543.7278,579.717325,621.892383
2025-03-20,21,5,589.8325,592.434167,620.168333
2025-03-20,22,5,610.363675,628.96825,616.623083
2025-03-20,23,5,583.186075,629.010492,612.46375
2025-03-20,24,5,564.424167,618.669167,603.93
2025-03-20,25,5,583.690042,641.316525,589.794633
2025-03-20,26,5,594.369042,642.077358,581.46405
2025-03-20,27,5,583.894167,614.4975,585.585
2025-03-20,28,5,585.808292,619.765708,599.725133
2025-03-20,29,5,606.483167,626.905975,616.739317
2025-03-20,30,5,624.554167,630.515833,625.595
2025-03-20,31,5,591.786358,624.007958,619.433917
2025-03-20,32,5,594.179825,631.823258,617.8444
2025-03-20,33,5,620.770833,644.470833,607.115
2025-03-20,34,5,583.342892,635.34085,575.430067
2025-03-20,35,5,634.462858,704.076108,671.463117
2025-03-20,36,5,781.013333,837.290833,827.015
2025-03-20,37,5,812.146017,845.877275,791.949933
2025-03-20,38,5,755.172675,814.061233,709.963317
2025-03-20,39,5,669.615625,789.955208,671.370833
2025-03-20,40,5,571.901433,749.887942,629.044867
2025-03-20,41,5,534.608458,702.173967,586.155917
2025-03-20,42,5,537.041458,662.270417,531.182083
2025-03-20,43,5,475.243167,605.869092,446.5755
2025-03-20,44,5,445.598158,533.942767,401.241617
2025-03-20,45,5,450.82125,479.585625,369.577083
2025-03-20,46,5,273.446058,387.734508,280.6902
2025-03-20,47,5,340.647825,472.637475,334.578067
2025-03-20,48,5,564.723958,615.791875,488.179583
2025-03-20,49,5,506.121817,569.482317,482.80385
2025-03-20,50,5,421.766575,507.59255,438.3714
2025-03-20,51,5,434.015833,485.322292,411.1575
2025-03-20,52,5,386.635717,404.397192,332.672183
2025-03-20,53,5,347.16955,371.080092,278.005133
2025-03-20,54,5,277.495,326.178958,262.820417
2025-03-20,55,5,227.70565,250.627625,221.283767
2025-03-20,56,5,198.632392,220.373017,150.518367
2025-03-20,57,5,183.864167,209.697917,77.185417
2025-03-20,58,5,200.842767,171.376367,36.09475
2025-03-20,59,5,195.279483,149.003267,41.25735
2025-03-20,60,5,131.714167,141.245833,45.207083
2025-03-20,61,5,43.156658,110.283925,-16.20875
2025-03-20,62,5,26.147275,90.944508,-54.7878
2025-03-20,63,5,-0.345417,49.227083,-67.5775
2025-03-20,64,5,-77.57155,10.511158,-135.713067
2025-03-20,65,5,-49.907325,-25.382133,-183.836567
2025-03-20,66,5,29.320417,-61.77875,-163.85
2025-03-20,67,5,9.491192,-70.5651,-109.937383
2025-03-20,68,5,-0.811683,-92.892875,-109.84115
2025-03-20,69,5,-15.622292,-124.559375,-159.577083
2025-03-20,70,5,-107.337375,-122.245042,-180.267617
2025-03-20,71,5,-121.630242,-129.075067,-209.235117
2025-03-20,72,5,-70.320208,-164.6375,-275.021667
2025-03-20,73,5,-85.1269,-201.7348,-354.021317
2025-03-20,74,5,-59.515433,-210.999933,-372.5568
2025-03-20,75,5,-49.876458,-201.429167,-304.28375
2025-03-20,76,5,-87.882983,-203.657883,-199.829433
2025-03-20,77,5,-81.214642,-183.293333,-173.098233
2025-03-20,78,5,-76.266458,-135.312708,-195.736667
2025-03-20,79,5,-83.786442,-93.066775,-138.075567
2025-03-20,80,5,-52.110217,-59.483783,-90.300383
2025-03-20,81,5,-57.564583,-35.728125,-95.11875
2025-03-20,82,5,-90.783067,-24.175792,-102.199117
2025-03-20,83,5,-116.974192,-31.106158,-104.792733
2025-03-20,84,5,-31.906458,-10.105417,-86.655
2025-03-20,85,5,-29.0687,14.268817,-28.355233
2025-03-20,86,5,-61.491008,42.635467,18.5539
2025-03-20,87,5,-46.077083,78.435208,39.517083
2025-03-20,88,5,28.354067,142.078108,70.293283
2025-03-20,89,5,100.26315,187.433508,126.358517
2025-03-20,90,5,162.034792,220.675417,180.644167
2025-03-20,91,5,240.1627,278.436567,197.318567
2025-03-20,92,5,275.39055,333.349967,248.806767
2025-03-20,93,5,254.9875,361.46625,340.1425
2025-03-20,94,5,289.965083,407.896542,402.782267
2025-03-20,95,5,334.050525,448.217208,452.45245
2025-03-20,96,5,392.511042,504.766667,507.324167
2025-03-20,97,5,426.150558,550.012583,562.26155
2025-03-20,98,5,485.708392,616.401542,599.067217
2025-03-20,99,5,561.494583,687.497708,630.75625
2025-03-20,100,5,614.920792,728.835483,688.73555
2025-03-20,101,5,678.038442,773.434717,742.724283
2025-03-20,102,5,762.775208,824.959583,787.412917
2025-03-20,103,5,833.407758,887.901767,843.23245
2025-03-20,104,5,850.132342,919.476667,873.855183
2025-03-20,105,5,933.460208,994.756458,904.72375
2025-03-20,106,5,1018.048125,1046.172842,973.09075
2025-03-20,107,5,928.373617,928.840025,873.003183
2025-03-20,108,5,736.309167,715.2775,682.353333
2025-03-20,109,5,678.610658,693.439208,697.997283
2025-03-20,110,5,725.7575,728.01295,739.308217
2025-03-20,111,5,770.581667,736.203333,709.241667
2025-03-20,112,5,733.0109,733.22685,714.422817
2025-03-20,113,5,704.636992,720.181425,744.974333
2025-03-20,114,5,705.888333,708.436667,763.206667
2025-03-20,115,5,720.592133,708.966792,746.718033
2025-03-20,116,5,729.828983,720.005933,714.2555
2025-03-20,117,5,741.201667,719.5425,699.463333
2025-03-20,118,5,777.701492,725.050642,721.8114
2025-03-20,119,5,771.141025,714.400725,728.491
2025-03-20,120,5,722.723333,704.648333,726.368333
2025-03-20,121,5,727.17315,728.9078,764.336517
2025-03-20,122,5,697.248408,732.816033,753.943817
2025-03-20,123,5,678.9,724.384167,702.561667
2025-03-20,124,5,721.903642,724.059058,709.374483
2025-03-20,125,5,743.540708,736.002092,719.835983
2025-03-20,126,5,723.448333,745.966667,709.541667
2025-03-20,127,5,749.572583,739.2126,715.044683
2025-03-20,128,5,757.477775,729.781992,736.4506
2025-03-20,129,5,738.609167,727.069167,758.933333
2025-03-20,130,5,698.465075,737.4129,754.375467
2025-03-20,131,5,642.189267,659.162242,666.937533
2025-03-20,132,5,561.890833,539.903333,553.156667
2025-03-20,133,5,523.917767,533.531175,538.901467
2025-03-20,134,5,549.117225,558.192842,553.3285
2025-03-20,135,5,606.769167,558.320833,542.64
2025-03-20,136,5,591.780542,553.707817,524.0221
2025-03-20,137,5,565.85895,556.852742,526.969567
2025-03-20,138,5,570.496667,566.254167,549.4
2025-03-20,139,5,580.5388,582.934308,559.40135
2025-03-20,140,5,572.680258,570.857708,543.627933
2025-03-20,141,5,554.625,554.2225,544.621667
2025-03-20,142,5,522.587658,555.695642,600.679333
2025-03-20,143,5,466.251158,504.754608,540.978183
2025-03-20,0,6,583.146667,576.600833,568.418333
2025-03-20,1,6,583.138875,569.979133,549.844817
2025-03-20,2,6,581.201792,575.0196,570.3135
2025-03-20,3,6,596.418333,584.253333,613.851667
2025-03-20,4,6,603.185567,584.748725,579.456167
2025-03-20,5,6,580.692958,597.524358,550.444917
2025-03-20,6,6,541.919167,594.001667,571.156667
2025-03-20,7,6,608.915917,604.236775,601.58905
2025-03-20,8,6,621.222817,590.7587,611.48375
2025-03-20,9,6,576.880833,573.410833,598.216667
2025-03-20,10,6,579.40335,581.486017,583.93595
2025-03-20,11,6,581.616625,591.350417,590.99505
2025-03-20,12,6,556.4575,585.080833,598.443333
2025-03-20,13,6,555.367167,579.469617,565.983617
2025-03-20,14,6,565.18465,582.373433,546.120767
2025-03-20,15,6,573.781667,600.056667,565.713333
2025-03-20,16,6,544.703692,596.951,597.926567
2025-03-20,17,6,566.61685,610.932458,600.954467
2025-03-20,18,6,600.7725,619.6675,587.131667
2025-03-20,19,6,556.351567,596.932,605.2103
2025-03-20,20,6,510.923183,579.717325,621.892383
2025-03-20,21,6,520.7,592.434167,620.168333
2025-03-20,22,6,581.440025,628.96825,616.623083
2025-03-20,23,6,577.4248,629.010492,612.46375
2025-03-20,24,6,570.9575,618.669167,603.93
2025-03-20,25,6,618.700108,641.316525,589.794633
2025-03-20,26,6,635.229625,642.077358,581.46405
2025-03-20,27,6,573.028333,614.4975,585.585
2025-03-20,28,6,551.027358,619.765708,599.725133
2025-03-20,29,6,568.999308,626.905975,616.739317
2025-03-20,30,6,601.921667,630.515833,625.595
2025-03-20,31,6,584.3201,624.007958,619.433917
2025-03-20,32,6,596.088392,631.823258,617.8444
2025-03-20,33,6,636.560833,644.470833,607.115
2025-03-20,34,6,596.967683,635.34085,575.430067
2025-03-20,35,6,650.373875,704.076108,671.463117
2025-03-20,36,6,767.658333,837.290833,827.015
2025-03-20,37,6,765.237408,845.877275,791.949933
2025-03-20,38,6,727.79585,814.061233,709.963317
2025-03-20,39,6,676.870208,789.955208,671.370833
2025-03-20,40,6,635.879633,749.887942,629.044867
2025-03-20,41,6,590.755142,702.173967,586.155917
2025-03-20,42,6,542.759375,662.270417,531.182083
2025-03-20,43,6,499.320475,605.869092,446.5755
2025-03-20,44,6,443.340708,533.942767,401.241617
2025-03-20,45,6,381.864583,479.585625,369.577083
2025-03-20,46,6,252.083667,387.734508,280.6902
2025-03-20,47,6,312.216558,472.637475,334.578067
2025-03-20,48,6,471.560625,615.791875,488.179583
2025-03-20,49,6,431.142225,569.482317,482.80385
2025-03-20,50,6,352.846158,507.59255,438.3714
2025-03-20,51,6,307.201667,485.322292,411.1575
2025-03-20,52,6,244.286025,404.397192,332.672183
2025-03-20,53,6,249.73825,371.080092,278.005133
2025-03-20,54,6,206.874375,326.178958,262.820417
2025-03-20,55,6,58.640408,250.627625,221.283767
2025-03-20,56,6,-8.231008,220.373017,150.518367
2025-03-20,57,6,3.117917,209.697917,77.185417
2025-03-20,58,6,-34.122842,171.376367,36.09475
2025-03-20,59,6,-60.353917,149.003267,41.25735
2025-03-20,60,6,4.658542,141.245833,45.207083
2025-03-20,61,6,159.928142,110.283925,-16.20875
2025-03-20,62,6,153.363708,90.944508,-54.7878
2025-03-20,63,6,-46.106667,49.227083,-67.5775
2025-03-20,64,6,-111.591667,10.511158,-135.713067
2025-03-20,65,6,-109.1737,-25.382133,-183.836567
2025-03-20,66,6,-135.579583,-61.77875,-163.85
2025-03-20,67,6,-153.71225,-70.5651,-109.937383
2025-03-20,68,6,-186.7533,-92.892875,-109.84115
2025-03-20,69,6,-236.048125,-124.559375,-159.577083
2025-03-20,70,6,-220.62785,-122.245042,-180.267617
2025-03-20,71,6,-201.2026,-129.075067,-209.235117
2025-03-20,72,6,-213.133125,-164.6375,-275.021667
2025-03-20,73,6,-349.247325,-201.7348,-354.021317
2025-03-20,74,6,-405.774475,-210.999933,-372.5568
2025-03-20,75,6,-346.224375,-201.429167,-304.28375
2025-03-20,76,6,-317.685575,-203.657883,-199.829433
2025-03-20,77,6,-256.078592,-183.293333,-173.098233
2025-03-20,78,6,-148.092917,-135.312708,-195.736667
2025-03-20,79,6,-102.6255,-93.066775,-138.075567
2025-03-20,80,6,-82.255325,-59.483783,-90.300383
2025-03-20,81,6,-102.592708,-35.728125,-95.11875
2025-03-20,82,6,-153.584242,-24.175792,-102.199117
2025-03-20,83,6,-156.067708,-31.106158,-104.792733
2025-03-20,84,6,-75.461458,-10.105417,-86.655
2025-03-20,85,6,-32.084233,14.268817,-28.355233
2025-03-20,86,6,0.284183,42.635467,18.5539
2025-03-20,87,6,19.809583,78.435208,39.517083
2025-03-20,88,6,116.851833,142.078108,70.293283
2025-03-20,89,6,197.47845,187.433508,126.358517
2025-03-20,90,6,238.898542,220.675417,180.644167
2025-03-20,91,6,292.573617,278.436567,197.318567
2025-03-20,92,6,353.888283,333.349967,248.806767
2025-03-20,93,6,377.623542,361.46625,340.1425
2025-03-20,94,6,393.344767,407.896542,402.782267
2025-03-20,95,6,413.084458,448.217208,452.45245
2025-03-20,96,6,476.527292,504.766667,507.324167
2025-03-20,97,6,539.904058,550.012583,562.26155
2025-03-20,98,6,601.615,616.401542,599.067217
2025-03-20,99,6,634.289792,687.497708,630.75625
2025-03-20,100,6,641.227292,728.835483,688.73555
2025-03-20,101,6,693.346408,773.434717,742.724283
2025-03-20,102,6,772.71375,824.959583,787.412917
2025-03-20,103,6,834.739025,887.901767,843.23245
2025-03-20,104,6,842.893392,919.476667,873.855183
2025-03-20,105,6,931.804792,994.756458,904.72375
2025-03-20,106,6,1034.805342,1046.172842,973.09075
2025-03-20,107,6,935.872883,928.840025,873.003183
2025-03-20,108,6,705.380833,715.2775,682.353333
2025-03-20,109,6,693.201567,693.439208,697.997283
2025-03-20,110,6,747.294283,728.01295,739.308217
2025-03-20,111,6,752.944167,736.203333,709.241667
2025-03-20,112,6,724.378075,733.22685,714.422817
2025-03-20,113,6,695.0708,720.181425,744.974333
2025-03-20,114,6,698.073333,708.436667,763.206667
2025-03-20,115,6,688.712225,708.966792,746.718033
2025-03-20,116,6,723.17365,720.005933,714.2555
2025-03-20,117,6,756.490833,719.5425,699.463333
2025-03-20,118,6,728.607117,725.050642,721.8114
2025-03-20,119,6,702.46355,714.400725,728.491
2025-03-20,120,6,707.764167,704.648333,726.368333
2025-03-20,121,6,731.929633,728.9078,764.336517
2025-03-20,122,6,717.279675,732.816033,753.943817
2025-03-20,123,6,689.0275,724.384167,702.561667
2025-03-20,124,6,689.525608,724.059058,709.374483
2025-03-20,125,6,709.966117,736.002092,719.835983
2025-03-20,126,6,740.0125,745.966667,709.541667
2025-03-20,127,6,760.783583,739.2126,715.044683
2025-03-20,128,6,765.071667,729.781992,736.4506
2025-03-20,129,6,745.284167,727.069167,758.933333
2025-03-20,130,6,719.025275,737.4129,754.375467
2025-03-20,131,6,632.388967,659.162242,666.937533
2025-03-20,132,6,543.605833,539.903333,553.156667
2025-03-20,133,6,558.930608,533.531175,538.901467
2025-03-20,134,6,568.749225,558.192842,553.3285
2025-03-20,135,6,563.303333,558.320833,542.64
2025-03-20,136,6,594.903158,553.707817,524.0221
2025-03-20,137,6,573.633758,556.852742,526.969567
2025-03-20,138,6,522.638333,566.254167,549.4
2025-03-20,139,6,572.985108,582.934308,559.40135
2025-03-20,140,6,559.15705,570.857708,543.627933
2025-03-20,141,6,507.0375,554.2225,544.621667
2025-03-20,142,6,497.534067,555.695642,600.679333
2025-03-20,143,6,475.351025,504.754608,540.978183
2025-03-20,0,7,569.3675,576.600833,568.418333
2025-03-20,1,7,567.137458,569.979133,549.844817
2025-03-20,2,7,588.528275,575.0196,570.3135
2025-03-20,3,7,614.686667,584.253333,613.851667
2025-03-20,4,7,608.813675,584.748725,579.456167
2025-03-20,5,7,584.765433,597.524358,550.444917
2025-03-20,6,7,547.155833,594.001667,571.156667
2025-03-20,7,7,550.110283,604.236775,601.58905
2025-03-20,8,7,537.567917,590.7587,611.48375
2025-03-20,9,7,545.315,573.410833,598.216667
2025-03-20,10,7,604.716617,581.486017,583.93595
2025-03-20,11,7,614.914042,591.350417,590.99505
2025-03-20,12,7,606.465833,585.080833,598.443333
2025-03-20,13,7,589.93025,579.469617,565.983617
2025-03-20,14,7,577.90325,582.373433,546.120767
2025-03-20,15,7,565.6225,600.056667,565.713333
2025-03-20,16,7,549.231133,596.951,597.926567
2025-03-20,17,7,590.948992,610.932458,600.954467
2025-03-20,18,7,638.979167,619.6675,587.131667
2025-03-20,19,7,601.636825,596.932,605.2103
2025-03-20,20,7,552.091225,579.717325,621.892383
2025-03-20,21,7,530.544167,592.434167,620.168333
2025-03-20,22,7,608.8122,628.96825,616.623083
2025-03-20,23,7,632.484575,629.010492,612.46375
2025-03-20,24,7,588.105833,618.669167,603.93
2025-03-20,25,7,570.928608,641.316525,589.794633
2025-03-20,26,7,569.176708,642.077358,581.46405
2025-03-20,27,7,569.936667,614.4975,585.585
2025-03-20,28,7,589.214083,619.765708,599.725133
2025-03-20,29,7,582.074658,626.905975,616.739317
2025-03-20,30,7,578.91,630.515833,625.595
2025-03-20,31,7,584.106058,624.007958,619.433917
2025-03-20,32,7,584.89535,631.823258,617.8444
2025-03-20,33,7,581.101667,644.470833,607.115
2025-03-20,34,7,630.6529,635.34085,575.430067
2025-03-20,35,7,701.981975,704.076108,671.463117
2025-03-20,36,7,791.794167,837.290833,827.015
2025-03-20,37,7,770.775108,845.877275,791.949933
2025-03-20,38,7,698.094475,814.061233,709.963317
2025-03-20,39,7,655.686042,789.955208,671.370833
2025-03-20,40,7,648.089933,749.887942,629.044867
2025-03-20,41,7,594.150558,702.173967,586.155917
2025-03-20,42,7,485.246667,662.270417,531.182083
2025-03-20,43,7,454.919608,605.869092,446.5755
2025-03-20,44,7,426.756317,533.942767,401.241617
2025-03-20,45,7,367.273125,479.585625,369.577083
2025-03-20,46,7,237.725683,387.734508,280.6902
2025-03-20,47,7,309.6784,472.637475,334.578067
2025-03-20,48,7,474.425625,615.791875,488.179583
2025-03-20,49,7,445.9817,569.482317,482.80385
2025-03-20,50,7,394.414008,507.59255,438.3714
2025-03-20,51,7,369.437917,485.322292,411.1575
2025-03-20,52,7,264.641508,404.397192,332.672183
2025-03-20,53,7,197.419625,371.080092,278.005133
2025-03-20,54,7,154.29,326.178958,262.820417
2025-03-20,55,7,100.673333,250.627625,221.283767
2025-03-20,56,7,58.343333,220.373017,150.518367
2025-03-20,57,7,5.988125,209.697917,77.185417
2025-03-20,58,7,-50.2604,171.376367,36.09475
2025-03-20,59,7,-61.3111,149.003267,41.25735
2025-03-20,60,7,-58.869583,141.245833,45.207083
2025-03-20,61,7,-68.516808,110.283925,-16.20875
2025-03-20,62,7,-49.450367,90.944508,-54.7878
2025-03-20,63,7,-96.062708,49.227083,-67.5775
2025-03-20,64,7,-80.094925,10.511158,-135.713067
2025-03-20,65,7,-104.386733,-25.382133,-183.836567
2025-03-20,66,7,-178.701667,-61.77875,-163.85
2025-03-20,67,7,-166.511342,-70.5651,-109.937383
2025-03-20,68,7,-134.761542,-92.892875,-109.84115
2025-03-20,69,7,-141.634792,-124.559375,-159.577083
2025-03-20,70,7,-180.982133,-122.245042,-180.267617
2025-03-20,71,7,-200.189775,-129.075067,-209.235117
2025-03-20,72,7,-225.163542,-164.6375,-275.021667
2025-03-20,73,7,-321.432525,-201.7348,-354.021317
2025-03-20,74,7,-348.480742,-210.999933,-372.5568
2025-03-20,75,7,-321.597083,-201.429167,-304.28375
2025-03-20,76,7,-342.78355,-203.657883,-199.829433
2025-03-20,77,7,-352.160067,-183.293333,-173.098233
2025-03-20,78,7,-283.858333,-135.312708,-195.736667
2025-03-20,79,7,-221.417883,-93.066775,-138.075567
2025-03-20,80,7,-209.844175,-59.483783,-90.300383
2025-03-20,81,7,-216.117292,-35.728125,-95.11875
2025-03-20,82,7,-185.777892,-24.175792,-102.199117
2025-03-20,83,7,-157.942958,-31.106158,-104.792733
2025-03-20,84,7,-108.179792,-10.105417,-86.655
2025-03-20,85,7,-58.05685,14.268817,-28.355233
2025-03-20,86,7,-37.214625,42.635467,18.5539
2025-03-20,87,7,-24.4125,78.435208,39.517083
2025-03-20,88,7,20.4465,142.078108,70.293283
2025-03-20,89,7,80.596958,187.433508,126.358517
2025-03-20,90,7,167.224583,220.675417,180.644167
2025-03-20,91,7,204.8957,278.436567,197.318567
2025-03-20,92,7,231.303858,333.349967,248.806767
2025-03-20,93,7,257.948125,361.46625,340.1425
2025-03-20,94,7,308.684117,407.896542,402.782267
2025-03-20,95,7,374.53165,448.217208,452.45245
2025-03-20,96,7,452.779583,504.766667,507.324167
2025-03-20,97,7,461.936175,550.012583,562.26155
2025-03-20,98,7,536.280117,616.401542,599.067217
2025-03-20,99,7,658.717083,687.497708,630.75625
2025-03-20,100,7,691.114925,728.835483,688.73555
2025-03-20,101,7,716.944142,773.434717,742.724283
2025-03-20,102,7,769.641667,824.959583,787.412917
2025-03-20,103,7,830.567567,887.901767,843.23245
2025-03-20,104,7,864.852467,919.476667,873.855183
2025-03-20,105,7,958.009792,994.756458,904.72375
2025-03-20,106,7,1027.3089,1046.172842,973.09075
2025-03-20,107,7,938.011933,928.840025,873.003183
2025-03-20,108,7,735.668333,715.2775,682.353333
2025-03-20,109,7,697.7519,693.439208,697.997283
2025-03-20,110,7,728.296367,728.01295,739.308217
2025-03-20,111,7,759.203333,736.203333,709.241667
2025-03-20,112,7,737.3532,733.22685,714.422817
2025-03-20,113,7,712.442975,720.181425,744.974333
2025-03-20,114,7,716.228333,708.436667,763.206667
2025-03-20,115,7,709.384992,708.966792,746.718033
2025-03-20,116,7,716.204483,720.005933,714.2555
2025-03-20,117,7,721.670833,719.5425,699.463333
2025-03-20,118,7,734.023692,725.050642,721.8114
2025-03-20,119,7,706.561342,714.400725,728.491
2025-03-20,120,7,693.253333,704.648333,726.368333
2025-03-20,121,7,741.411392,728.9078,764.336517
2025-03-20,122,7,763.508342,732.816033,753.943817
2025-03-20,123,7,738.565,724.384167,702.561667
2025-03-20,124,7,715.332033,724.059058,709.374483
2025-03-20,125,7,718.191117,736.002092,719.835983
2025-03-20,126,7,742.571667,745.966667,709.541667
2025-03-20,127,7,757.326158,739.2126,715.044683
2025-03-20,128,7,716.687958,729.781992,736.4506
2025-03-20,129,7,676.689167,727.069167,758.933333
2025-03-20,130,7,704.450017,737.4129,754.375467
2025-03-20,131,7,657.125308,659.162242,666.937533
2025-03-20,132,7,565.06,539.903333,553.156667
2025-03-20,133,7,563.076483,533.531175,538.901467
2025-03-20,134,7,576.611075,558.192842,553.3285
2025-03-20,135,7,561.605,558.320833,542.64
2025-03-20,136,7,583.117158,553.707817,524.0221
2025-03-20,137,7,595.131108,556.852742,526.969567
2025-03-20,138,7,592.314167,566.254167,549.4
2025-03-20,139,7,589.595792,582.934308,559.40135
2025-03-20,140,7,577.238533,570.857708,543.627933
2025-03-20,141,7,567.205833,554.2225,544.621667
2025-03-20,142,7,534.089992,555.695642,600.679333
2025-03-20,143,7,482.485392,504.754608,540.978183
2025-03-20,0,8,590.2975,576.600833,568.418333
2025-03-20,1,8,602.858567,569.979133,549.844817
2025-03-20,2,8,597.552383,575.0196,570.3135
2025-03-20,3,8,598.601667,584.253333,613.851667
2025-03-20,4,8,594.46055,584.748725,579.456167
2025-03-20,5,8,578.626242,597.524358,550.444917
2025-03-20,6,8,562.400833,594.001667,571.156667
2025-03-20,7,8,548.466433,604.236775,601.58905
2025-03-20,8,8,535.653442,590.7587,611.48375
2025-03-20,9,8,532.074167,573.410833,598.216667
2025-03-20,10,8,548.769875,581.486017,583.93595
2025-03-20,11,8,590.534442,591.350417,590.99505
2025-03-20,12,8,609.288333,585.080833,598.443333
2025-03-20,13,8,573.349758,579.469617,565.983617
2025-03-20,14,8,558.265375,582.373433,546.120767
2025-03-20,15,8,576.456667,600.056667,565.713333
2025-03-20,16,8,590.04795,596.951,597.926567
2025-03-20,17,8,613.304717,610.932458,600.954467
2025-03-20,18,8,638.715833,619.6675,587.131667
2025-03-20,19,8,585.381533,596.932,605.2103
2025-03-20,20,8,564.11025,579.717325,621.892383
2025-03-20,21,8,560.093333,592.434167,620.168333
2025-03-20,22,8,587.995142,628.96825,616.623083
2025-03-20,23,8,564.836383,629.010492,612.46375
2025-03-20,24,8,549.969167,618.669167,603.93
2025-03-20,25,8,594.347917,641.316525,589.794633
2025-03-20,26,8,598.455483,642.077358,581.46405
2025-03-20,27,8,569.730833,614.4975,585.585
2025-03-20,28,8,586.595292,619.765708,599.725133
2025-03-20,29,8,608.508758,626.905975,616.739317
2025-03-20,30,8,601.486667,630.515833,625.595
2025-03-20,31,8,589.550342,624.007958,619.433917
2025-03-20,32,8,578.6387,631.823258,617.8444
2025-03-20,33,8,591.291667,644.470833,607.115
2025-03-20,34,8,581.001525,635.34085,575.430067
2025-03-20,35,8,679.723417,704.076108,671.463117
2025-03-20,36,8,821.174167,837.290833,827.015
2025-03-20,37,8,793.220783,845.877275,791.949933
2025-03-20,38,8,723.530908,814.061233,709.963317
2025-03-20,39,8,702.633958,789.955208,671.370833
2025-03-20,40,8,603.63655,749.887942,629.044867
2025-03-20,41,8,528.57195,702.173967,586.155917
2025-03-20,42,8,504.181667,662.270417,531.182083
2025-03-20,43,8,421.929742,605.869092,446.5755
2025-03-20,44,8,363.08645,533.942767,401.241617
2025-03-20,45,8,345.790417,479.585625,369.577083
2025-03-20,46,8,215.943717,387.734508,280.6902
2025-03-20,47,8,296.725325,472.637475,334.578067
2025-03-20,48,8,465.365417,615.791875,488.179583
2025-03-20,49,8,360.651767,569.482317,482.80385
2025-03-20,50,8,268.485842,507.59255,438.3714
2025-03-20,51,8,301.651458,485.322292,411.1575
2025-03-20,52,8,263.917383,404.397192,332.672183
2025-03-20,53,8,237.83905,371.080092,278.005133
2025-03-20,54,8,229.064583,326.178958,262.820417
2025-03-20,55,8,149.0604,250.627625,221.283767
2025-03-20,56,8,123.595492,220.373017,150.518367
2025-03-20,57,8,156.048958,209.697917,77.185417
2025-03-20,58,8,156.642533,171.376367,36.09475
2025-03-20,59,8,182.962908,149.003267,41.25735
2025-03-20,60,8,225.910833,141.245833,45.207083
2025-03-20,61,8,258.07595,110.283925,-16.20875
2025-03-20,62,8,258.318675,90.944508,-54.7878
2025-03-20,63,8,202.274375,49.227083,-67.5775
2025-03-20,64,8,140.487042,10.511158,-135.713067
2025-03-20,65,8,138.619575,-25.382133,-183.836567
2025-03-20,66,8,163.709167,-61.77875,-163.85
2025-03-20,67,8,113.755833,-70.5651,-109.937383
2025-03-20,68,8,48.846167,-92.892875,-109.84115
2025-03-20,69,8,19.027708,-124.559375,-159.577083
2025-03-20,70,8,14.366442,-122.245042,-180.267617
2025-03-20,71,8,0.160083,-129.075067,-209.235117
2025-03-20,72,8,-35.405208,-164.6375,-275.021667
2025-03-20,73,8,-78.243525,-201.7348,-354.021317
2025-03-20,74,8,-110.781283,-210.999933,-372.5568
2025-03-20,75,8,-133.035,-201.429167,-304.28375
2025-03-20,76,8,-103.463583,-203.657883,-199.829433
2025-03-20,77,8,-68.79735,-183.293333,-173.098233
2025-03-20,78,8,-37.2,-135.312708,-195.736667
2025-03-20,79,8,23.695233,-93.066775,-138.075567
2025-03-20,80,8,54.74355,-59.483783,-90.300383
2025-03-20,81,8,40.42125,-35.728125,-95.11875
2025-03-20,82,8,33.964825,-24.175792,-102.199117
2025-03-20,83,8,-7.915283,-31.106158,-104.792733
2025-03-20,84,8,-42.424167,-10.105417,-86.655
2025-03-20,85,8,-13.619783,14.268817,-28.355233
2025-03-20,86,8,7.801283,42.635467,18.5539
2025-03-20,87,8,7.586458,78.435208,39.517083
2025-03-20,88,8,59.360108,142.078108,70.293283
2025-03-20,89,8,134.579533,187.433508,126.358517
2025-03-20,90,8,197.31125,220.675417,180.644167
2025-03-20,91,8,227.2764,278.436567,197.318567
2025-03-20,92,8,260.160508,333.349967,248.806767
2025-03-20,93,8,296.472292,361.46625,340.1425
2025-03-20,94,8,352.777692,407.896542,402.782267
2025-03-20,95,8,376.477717,448.217208,452.45245
2025-03-20,96,8,409.491875,504.766667,507.324167
2025-03-20,97,8,487.505325,550.012583,562.26155
2025-03-20,98,8,578.809058,616.401542,599.067217
2025-03-20,99,8,636.276458,687.497708,630.75625
2025-03-20,100,8,681.74845,728.835483,688.73555
2025-03-20,101,8,732.4477,773.434717,742.724283
2025-03-20,102,8,789.705208,824.959583,787.412917
2025-03-20,103,8,866.399192,887.901767,843.23245
2025-03-20,104,8,873.999133,919.476667,873.855183
2025-03-20,105,8,907.725,994.756458,904.72375
2025-03-20,106,8,1007.371417,1046.172842,973.09075
2025-03-20,107,8,941.975992,928.840025,873.003183
2025-03-20,108,8,732.350833,715.2775,682.353333
2025-03-20,109,8,703.452408,693.439208,697.997283
2025-03-20,110,8,730.5236,728.01295,739.308217
2025-03-20,111,8,721.0075,736.203333,709.241667
2025-03-20,112,8,727.9584,733.22685,714.422817
2025-03-20,113,8,729.286533,720.181425,744.974333
2025-03-20,114,8,726.185,708.436667,763.206667
2025-03-20,115,8,735.84085,708.966792,746.718033
2025-03-20,116,8,741.29325,720.005933,714.2555
2025-03-20,117,8,738.493333,719.5425,699.463333
2025-03-20,118,8,774.7227,725.050642,721.8114
2025-03-20,119,8,771.791833,714.400725,728.491
2025-03-20,120,8,736.980833,704.648333,726.368333
2025-03-20,121,8,752.567483,728.9078,764.336517
2025-03-20,122,8,734.611783,732.816033,753.943817
2025-03-20,123,8,697.961667,724.384167,702.561667
2025-03-20,124,8,725.385792,724.059058,709.374483
2025-03-20,125,8,764.435242,736.002092,719.835983
2025-03-20,126,8,755.169167,745.966667,709.541667
2025-03-20,127,8,710.075625,739.2126,715.044683
2025-03-20,128,8,706.631617,729.781992,736.4506
2025-03-20,129,8,740.621667,727.069167,758.933333
2025-03-20,130,8,720.054508,737.4129,754.375467
2025-03-20,131,8,639.866933,659.162242,666.937533
2025-03-20,132,8,562.076667,539.903333,553.156667
2025-03-20,133,8,566.252033,533.531175,538.901467
2025-03-20,134,8,586.847283,558.192842,553.3285
2025-03-20,135,8,566.528333,558.320833,542.64
2025-03-20,136,8,556.759367,553.707817,524.0221
2025-03-20,137,8,544.107675,556.852742,526.969567
2025-03-20,138,8,549.693333,566.254167,549.4
2025-03-20,139,8,590.01955,582.934308,559.40135
2025-03-20,140,8,599.422008,570.857708,543.627933
2025-03-20,141,8,569.745,554.2225,544.621667
2025-03-20,142,8,578.292617,555.695642,600.679333
2025-03-20,143,8,521.528608,504.754608,540.978183
2025-03-20,0,9,573.353333,576.600833,568.418333
2025-03-20,1,9,553.1689,569.979133,549.844817
2025-03-20,2,9,566.816958,575.0196,570.3135
2025-03-20,3,9,583.896667,584.253333,613.851667
2025-03-20,4,9,550.437817,584.748725,579.456167
2025-03-20,5,9,576.904383,597.524358,550.444917
2025-03-20,6,9,612.436667,594.001667,571.156667
2025-03-20,7,9,589.049617,604.236775,601.58905
2025-03-20,8,9,540.5339,590.7587,611.48375
2025-03-20,9,9,544.281667,573.410833,598.216667
2025-03-20,10,9,592.776192,581.486017,583.93595
2025-03-20,11,9,619.253917,591.350417,590.99505
2025-03-20,12,9,606.975833,585.080833,598.443333
2025-03-20,13,9,573.954267,579.469617,565.983617
2025-03-20,14,9,541.665242,582.373433,546.120767
2025-03-20,15,9,521.135833,600.056667,565.713333
2025-03-20,16,9,534.138467,596.951,597.926567
2025-03-20,17,9,598.722933,610.932458,600.954467
2025-03-20,18,9,640.805833,619.6675,587.131667
2025-03-20,19,9,620.016358,596.932,605.2103
2025-03-20,20,9,561.817925,579.717325,621.892383
2025-03-20,21,9,532.2425,592.434167,620.168333
2025-03-20,22,9,568.018083,628.96825,616.623083
2025-03-20,23,9,576.084358,629.010492,612.46375
2025-03-20,24,9,595.938333,618.669167,603.93
2025-03-20,25,9,638.109717,641.316525,589.794633
2025-03-20,26,9,611.704117,642.077358,581.46405
2025-03-20,27,9,569.968333,614.4975,585.585
2025-03-20,28,9,601.923883,619.765708,599.725133
2025-03-20,29,9,619.985867,626.905975,616.739317
2025-03-20,30,9,581.539167,630.515833,625.595
2025-03-20,31,9,582.9781,624.007958,619.433917
2025-03-20,32,9,590.735008,631.823258,617.8444
2025-03-20,33,9,587.714167,644.470833,607.115
2025-03-20,34,9,547.499542,635.34085,575.430067
2025-03-20,35,9,653.267575,704.076108,671.463117
2025-03-20,36,9,832.335833,837.290833,827.015
2025-03-20,37,9,800.463825,845.877275,791.949933
2025-03-20,38,9,714.5312,814.061233,709.963317
2025-03-20,39,9,668.00625,789.955208,671.370833
2025-03-20,40,9,616.393008,749.887942,629.044867
2025-03-20,41,9,564.80335,702.173967,586.155917
2025-03-20,42,9,523.898542,662.270417,531.182083
2025-03-20,43,9,458.02695,605.869092,446.5755
2025-03-20,44,9,363.270683,533.942767,401.241617
2025-03-20,45,9,280.588542,479.585625,369.577083
2025-03-20,46,9,178.305375,387.734508,280.6902
2025-03-20,47,9,307.926158,472.637475,334.578067
2025-03-20,48,9,500.331042,615.791875,488.179583
2025-03-20,49,9,416.697742,569.482317,482.80385
2025-03-20,50,9,337.237292,507.59255,438.3714
2025-03-20,51,9,336.019375,485.322292,411.1575
2025-03-20,52,9,277.91775,404.397192,332.672183
2025-03-20,53,9,232.298958,371.080092,278.005133
2025-03-20,54,9,143.992292,326.178958,262.820417
2025-03-20,55,9,68.5723,250.627625,221.283767
2025-03-20,56,9,65.370967,220.373017,150.518367
2025-03-20,57,9,56.264792,209.697917,77.185417
2025-03-20,58,9,-5.011583,171.376367,36.09475
2025-03-20,59,9,-54.519642,149.003267,41.25735
2025-03-20,60,9,-75.80625,141.245833,45.207083
2025-03-20,61,9,-64.640742,110.283925,-16.20875
2025-03-20,62,9,-25.200658,90.944508,-54.7878
2025-03-20,63,9,-69.218542,49.227083,-67.5775
2025-03-20,64,9,-146.788425,10.511158,-135.713067
2025-03-20,65,9,-215.822883,-25.382133,-183.836567
2025-03-20,66,9,-235.01375,-61.77875,-163.85
2025-03-20,67,9,-169.791983,-70.5651,-109.937383
2025-03-20,68,9,-205.474133,-92.892875,-109.84115
2025-03-20,69,9,-351.400833,-124.559375,-159.577083
2025-03-20,70,9,-425.129942,-122.245042,-180.267617
2025-03-20,71,9,-397.43525,-129.075067,-209.235117
2025-03-20,72,9,-331.240208,-164.6375,-275.021667
2025-03-20,73,9,-308.99825,-201.7348,-354.021317
2025-03-20,74,9,-296.865,-210.999933,-372.5568
2025-03-20,75,9,-337.668125,-201.429167,-304.28375
2025-03-20,76,9,-383.011108,-203.657883,-199.829433
2025-03-20,77,9,-388.079833,-183.293333,-173.098233
2025-03-20,78,9,-320.597292,-135.312708,-195.736667
2025-03-20,79,9,-247.968283,-93.066775,-138.075567
2025-03-20,80,9,-183.38835,-59.483783,-90.300383
2025-03-20,81,9,-137.096458,-35.728125,-95.11875
2025-03-20,82,9,-72.497092,-24.175792,-102.199117
2025-03-20,83,9,-72.633792,-31.106158,-104.792733
2025-03-20,84,9,-62.968542,-10.105417,-86.655
2025-03-20,85,9,-13.627767,14.268817,-28.355233
2025-03-20,86,9,60.815167,42.635467,18.5539
2025-03-20,87,9,121.831875,78.435208,39.517083
2025-03-20,88,9,146.625467,142.078108,70.293283
2025-03-20,89,9,207.323742,187.433508,126.358517
2025-03-20,90,9,267.23,220.675417,180.644167
2025-03-20,91,9,222.526392,278.436567,197.318567
2025-03-20,92,9,251.350033,333.349967,248.806767
2025-03-20,93,9,349.373542,361.46625,340.1425
2025-03-20,94,9,412.910883,407.896542,402.782267
2025-03-20,95,9,432.803792,448.217208,452.45245
2025-03-20,96,9,473.471875,504.766667,507.324167
2025-03-20,97,9,501.512417,550.012583,562.26155
2025-03-20,98,9,584.799183,616.401542,599.067217
2025-03-20,99,9,677.942083,687.497708,630.75625
2025-03-20,100,9,662.663992,728.835483,688.73555
2025-03-20,101,9,662.911958,773.434717,742.724283
2025-03-20,102,9,725.5525,824.959583,787.412917
2025-03-20,103,9,804.832525,887.901767,843.23245
2025-03-20,104,9,869.841858,919.476667,873.855183
2025-03-20,105,9,963.453333,994.756458,904.72375
2025-03-20,106,9,1032.164167,1046.172842,973.09075
2025-03-20,107,9,914.337375,928.840025,873.003183
2025-03-20,108,9,708.8675,715.2775,682.353333
2025-03-20,109,9,685.550025,693.439208,697.997283
2025-03-20,110,9,729.102975,728.01295,739.308217
2025-03-20,111,9,747.3825,736.203333,709.241667
2025-03-20,112,9,725.527458,733.22685,714.422817
2025-03-20,113,9,693.990517,720.181425,744.974333
2025-03-20,114,9,689.065833,708.436667,763.206667
2025-03-20,115,9,702.4227,708.966792,746.718033
2025-03-20,116,9,709.706108,720.005933,714.2555
2025-03-20,117,9,704.378333,719.5425,699.463333
2025-03-20,118,9,744.836275,725.050642,721.8114
2025-03-20,119,9,753.711567,714.400725,728.491
2025-03-20,120,9,735.551667,704.648333,726.368333
2025-03-20,121,9,744.815017,728.9078,764.336517
2025-03-20,122,9,739.020467,732.816033,753.943817
2025-03-20,123,9,733.095833,724.384167,702.561667
2025-03-20,124,9,741.474917,724.059058,709.374483
2025-03-20,125,9,747.521117,736.002092,719.835983
2025-03-20,126,9,722.420833,745.966667,709.541667
2025-03-20,127,9,685.530533,739.2126,715.044683
2025-03-20,128,9,692.7001,729.781992,736.4506
2025-03-20,129,9,720.1375,727.069167,758.933333
2025-03-20,130,9,712.095425,737.4129,754.375467
2025-03-20,131,9,630.670475,659.162242,666.937533
2025-03-20,132,9,520.543333,539.903333,553.156667
2025-03-20,133,9,523.982225,533.531175,538.901467
2025-03-20,134,9,554.640825,558.192842,553.3285
2025-03-20,135,9,569.833333,558.320833,542.64
2025-03-20,136,9,554.832858,553.707817,524.0221
2025-03-20,137,9,562.066925,556.852742,526.969567
2025-03-20,138,9,566.756667,566.254167,549.4
2025-03-20,139,9,559.102983,582.934308,559.40135
2025-03-20,140,9,563.9552,570.857708,543.627933
2025-03-20,141,9,574.119167,554.2225,544.621667
2025-03-20,142,9,567.145358,555.695642,600.679333
2025-03-20,143,9,485.236842,504.754608,540.978183
2025-03-20,0,10,546.098333,576.600833,568.418333
2025-03-20,1,10,578.607958,569.979133,549.844817
2025-03-20,2,10,609.763383,575.0196,570.3135
2025-03-20,3,10,615.508333,584.253333,613.851667
2025-03-20,4,10,594.711925,584.748725,579.456167
2025-03-20,5,10,588.683742,597.524358,550.444917
2025-03-20,6,10,572.263333,594.001667,571.156667
2025-03-20,7,10,608.40415,604.236775,601.58905
2025-03-20,8,10,600.389583,590.7587,611.48375
2025-03-20,9,10,561.864167,573.410833,598.216667
2025-03-20,10,10,570.135267,581.486017,583.93595
2025-03-20,11,10,579.042958,591.350417,590.99505
2025-03-20,12,10,566.085,585.080833,598.443333
2025-03-20,13,10,555.40305,579.469617,565.983617
2025-03-20,14,10,572.730367,582.373433,546.120767
2025-03-20,15,10,603.171667,600.056667,565.713333
2025-03-20,16,10,623.689158,596.951,597.926567
2025-03-20,17,10,615.067842,610.932458,600.954467
2025-03-20,18,10,592.930833,619.6675,587.131667
2025-03-20,19,10,580.916825,596.932,605.2103
2025-03-20,20,10,562.642175,579.717325,621.892383
2025-03-20,21,10,550.316667,592.434167,620.168333
2025-03-20,22,10,584.917592,628.96825,616.623083
2025-03-20,23,10,595.264067,629.010492,612.46375
2025-03-20,24,10,579.520833,618.669167,603.93
2025-03-20,25,10,588.294717,641.316525,589.794633
2025-03-20,26,10,614.4363,642.077358,581.46405
2025-03-20,27,10,620.5075,614.4975,585.585
2025-03-20,28,10,609.8939,619.765708,599.725133
2025-03-20,29,10,587.292075,626.905975,616.739317
2025-03-20,30,10,587.355833,630.515833,625.595
2025-03-20,31,10,618.013575,624.007958,619.433917
2025-03-20,32,10,636.469417,631.823258,617.8444
2025-03-20,33,10,621.393333,644.470833,607.115
2025-03-20,34,10,585.417842,635.34085,575.430067
2025-03-20,35,10,651.691817,704.076108,671.463117
2025-03-20,36,10,800.638333,837.290833,827.015
2025-03-20,37,10,801.3056,845.877275,791.949933
2025-03-20,38,10,756.377408,814.061233,709.963317
2025-03-20,39,10,721.958333,789.955208,671.370833
2025-03-20,40,10,654.870275,749.887942,629.044867
2025-03-20,41,10,604.547842,702.173967,586.155917
2025-03-20,42,10,575.035208,662.270417,531.182083
2025-03-20,43,10,511.055592,605.869092,446.5755
2025-03-20,44,10,434.939725,533.942767,401.241617
2025-03-20,45,10,392.977083,479.585625,369.577083
2025-03-20,46,10,299.210525,387.734508,280.6902
2025-03-20,47,10,349.613283,472.637475,334.578067
2025-03-20,48,10,465.969167,615.791875,488.179583
2025-03-20,49,10,456.088425,569.482317,482.80385
2025-03-20,50,10,396.122908,507.59255,438.3714
2025-03-20,51,10,330.397917,485.322292,411.1575
2025-03-20,52,10,242.158658,404.397192,332.672183
2025-03-20,53,10,198.402542,371.080092,278.005133
2025-03-20,54,10,143.727083,326.178958,262.820417
2025-03-20,55,10,68.25265,250.627625,221.283767
2025-03-20,56,10,79.464625,220.373017,150.518367
2025-03-20,57,10,100.337917,209.697917,77.185417
2025-03-20,58,10,103.397608,171.376367,36.09475
2025-03-20,59,10,129.2592,149.003267,41.25735
2025-03-20,60,10,157.716875,141.245833,45.207083
2025-03-20,61,10,87.438158,110.283925,-16.20875
2025-03-20,62,10,56.073017,90.944508,-54.7878
2025-03-20,63,10,26.906458,49.227083,-67.5775
2025-03-20,64,10,18.888417,10.511158,-135.713067
2025-03-20,65,10,-11.0142,-25.382133,-183.836567
2025-03-20,66,10,-62.404375,-61.77875,-163.85
2025-03-20,67,10,-40.407475,-70.5651,-109.937383
2025-03-20,68,10,-68.004358,-92.892875,-109.84115
2025-03-20,69,10,-178.170417,-124.559375,-159.577083
2025-03-20,70,10,-112.062275,-122.245042,-180.267617
2025-03-20,71,10,-20.950942,-129.075067,-209.235117
2025-03-20,72,10,-43.416875,-164.6375,-275.021667
2025-03-20,73,10,-136.146817,-201.7348,-354.021317
2025-03-20,74,10,-194.346325,-210.999933,-372.5568
2025-03-20,75,10,-184.046458,-201.429167,-304.28375
2025-03-20,76,10,-185.6642,-203.657883,-199.829433
2025-03-20,77,10,-130.325033,-183.293333,-173.098233
2025-03-20,78,10,-70.967083,-135.312708,-195.736667
2025-03-20,79,10,-105.088783,-93.066775,-138.075567
2025-03-20,80,10,-136.093267,-59.483783,-90.300383
2025-03-20,81,10,-132.754792,-35.728125,-95.11875
2025-03-20,82,10,-138.604283,-24.175792,-102.199117
2025-03-20,83,10,-125.612483,-31.106158,-104.792733
2025-03-20,84,10,-55.54875,-10.105417,-86.655
2025-03-20,85,10,-4.364167,14.268817,-28.355233
2025-03-20,86,10,14.794817,42.635467,18.5539
2025-03-20,87,10,32.953958,78.435208,39.517083
2025-03-20,88,10,86.709467,142.078108,70.293283
2025-03-20,89,10,126.406567,187.433508,126.358517
2025-03-20,90,10,132.851458,220.675417,180.644167
2025-03-20,91,10,186.282683,278.436567,197.318567
2025-03-20,92,10,234.268958,333.349967,248.806767
2025-03-20,93,10,234.760833,361.46625,340.1425
2025-03-20,94,10,296.476925,407.896542,402.782267
2025-03-20,95,10,329.60705,448.217208,452.45245
2025-03-20,96,10,391.546042,504.766667,507.324167
2025-03-20,97,10,474.860333,550.012583,562.26155
2025-03-20,98,10,540.541333,616.401542,599.067217
2025-03-20,99,10,575.871458,687.497708,630.75625
2025-03-20,100,10,615.914025,728.835483,688.73555
2025-03-20,101,10,685.916467,773.434717,742.724283
2025-03-20,102,10,735.93375,824.959583,787.412917
2025-03-20,103,10,773.980625,887.901767,843.23245
2025-03-20,104,10,824.380592,919.476667,873.855183
2025-03-20,105,10,928.640625,994.756458,904.72375
2025-03-20,106,10,986.146458,1046.172842,973.09075
2025-03-20,107,10,903.133092,928.840025,873.003183
2025-03-20,108,10,715.835833,715.2775,682.353333
2025-03-20,109,10,706.835167,693.439208,697.997283
2025-03-20,110,10,751.411525,728.01295,739.308217
2025-03-20,111,10,788.956667,736.203333,709.241667
2025-03-20,112,10,757.771542,733.22685,714.422817
2025-03-20,113,10,722.778992,720.181425,744.974333
2025-03-20,114,10,709.3375,708.436667,763.206667
2025-03-20,115,10,724.442283,708.966792,746.718033
2025-03-20,116,10,731.233758,720.005933,714.2555
2025-03-20,117,10,713.98,719.5425,699.463333
2025-03-20,118,10,687.289642,725.050642,721.8114
2025-03-20,119,10,667.266033,714.400725,728.491
2025-03-20,120,10,684.9425,704.648333,726.368333
2025-03-20,121,10,744.953083,728.9078,764.336517
2025-03-20,122,10,749.634133,732.816033,753.943817
2025-03-20,123,10,733.36,724.384167,702.561667
2025-03-20,124,10,771.416833,724.059058,709.374483
2025-03-20,125,10,798.202333,736.002092,719.835983
2025-03-20,126,10,774.659167,745.966667,709.541667
2025-03-20,127,10,739.158883,739.2126,715.044683
2025-03-20,128,10,733.786342,729.781992,736.4506
2025-03-20,129,10,748.795833,727.069167,758.933333
2025-03-20,130,10,765.753683,737.4129,754.375467
2025-03-20,131,10,667.015692,659.162242,666.937533
2025-03-20,132,10,526.979167,539.903333,553.156667
2025-03-20,133,10,551.741167,533.531175,538.901467
2025-03-20,134,10,570.403058,558.192842,553.3285
2025-03-20,135,10,539.534167,558.320833,542.64
2025-03-20,136,10,562.111133,553.707817,524.0221
2025-03-20,137,10,590.944242,556.852742,526.969567
2025-03-20,138,10,571.1825,566.254167,549.4
2025-03-20,139,10,571.095417,582.934308,559.40135
2025-03-20,140,10,566.5824,570.857708,543.627933
2025-03-20,141,10,565.6975,554.2225,544.621667
2025-03-20,142,10,592.667683,555.695642,600.679333
2025-03-20,143,10,553.713467,504.754608,540.978183
2025-03-20,0,11,610.595,576.600833,568.418333
2025-03-20,1,11,570.297133,569.979133,549.844817
2025-03-20,2,11,573.2491,575.0196,570.3135
2025-03-20,3,11,594.745,584.253333,613.851667
2025-03-20,4,11,578.870108,584.748725,579.456167
2025-03-20,5,11,602.011992,597.524358,550.444917
2025-03-20,6,11,618.543333,594.001667,571.156667
2025-03-20,7,11,630.884433,604.236775,601.58905
2025-03-20,8,11,606.063408,590.7587,611.48375
2025-03-20,9,11,573.950833,573.410833,598.216667
2025-03-20,10,11,561.892208,581.486017,583.93595
2025-03-20,11,11,570.053967,591.350417,590.99505
2025-03-20,12,11,578.2025,585.080833,598.443333
2025-03-20,13,11,584.357675,579.469617,565.983617
2025-03-20,14,11,572.700717,582.373433,546.120767
2025-03-20,15,11,572.603333,600.056667,565.713333
2025-03-20,16,11,570.082917,596.951,597.926567
2025-03-20,17,11,606.0254,610.932458,600.954467
2025-03-20,18,11,620.581667,619.6675,587.131667
2025-03-20,19,11,624.913267,596.932,605.2103
2025-03-20,20,11,587.085017,579.717325,621.892383
2025-03-20,21,11,551.190833,592.434167,620.168333
2025-03-20,22,11,619.1374,628.96825,616.623083
2025-03-20,23,11,626.096983,629.010492,612.46375
2025-03-20,24,11,594.625833,618.669167,603.93
2025-03-20,25,11,598.760133,641.316525,589.794633
2025-03-20,26,11,603.697125,642.077358,581.46405
2025-03-20,27,11,588.0675,614.4975,585.585
2025-03-20,28,11,610.401858,619.765708,599.725133
2025-03-20,29,11,579.0521,626.905975,616.739317
2025-03-20,30,11,561.706667,630.515833,625.595
2025-03-20,31,11,558.22575,624.007958,619.433917
2025-03-20,32,11,600.481517,631.823258,617.8444
2025-03-20,33,11,601.065,644.470833,607.115
2025-03-20,34,11,600.419217,635.34085,575.430067
2025-03-20,35,11,694.026325,704.076108,671.463117
2025-03-20,36,11,840.831667,837.290833,827.015
2025-03-20,37,11,825.107117,845.877275,791.949933
2025-03-20,38,11,754.382467,814.061233,709.963317
2025-03-20,39,11,714.358125,789.955208,671.370833
2025-03-20,40,11,660.856725,749.887942,629.044867
2025-03-20,41,11,613.517833,702.173967,586.155917
2025-03-20,42,11,587.604792,662.270417,531.182083
2025-03-20,43,11,541.932917,605.869092,446.5755
2025-03-20,44,11,468.268242,533.942767,401.241617
2025-03-20,45,11,413.694792,479.585625,369.577083
2025-03-20,46,11,343.179408,387.734508,280.6902
2025-03-20,47,11,429.763317,472.637475,334.578067
2025-03-20,48,11,544.013542,615.791875,488.179583
2025-03-20,49,11,452.345358,569.482317,482.80385
2025-03-20,50,11,399.851392,507.59255,438.3714
2025-03-20,51,11,404.143958,485.322292,411.1575
2025-03-20,52,11,292.585167,404.397192,332.672183
2025-03-20,53,11,247.857442,371.080092,278.005133
2025-03-20,54,11,195.736042,326.178958,262.820417
2025-03-20,55,11,27.274208,250.627625,221.283767
2025-03-20,56,11,-52.577542,220.373017,150.518367
2025-03-20,57,11,-23.890625,209.697917,77.185417
2025-03-20,58,11,-20.755433,171.376367,36.09475
2025-03-20,59,11,-54.702867,149.003267,41.25735
2025-03-20,60,11,-88.508125,141.245833,45.207083
2025-03-20,61,11,-81.070125,110.283925,-16.20875
2025-03-20,62,11,-87.383417,90.944508,-54.7878
2025-03-20,63,11,-122.741667,49.227083,-67.5775
2025-03-20,64,11,-61.349858,10.511158,-135.713067
2025-03-20,65,11,-74.27385,-25.382133,-183.836567
2025-03-20,66,11,-213.684375,-61.77875,-163.85
2025-03-20,67,11,-320.688183,-70.5651,-109.937383
2025-03-20,68,11,-357.465067,-92.892875,-109.84115
2025-03-20,69,11,-350.717708,-124.559375,-159.577083
2025-03-20,70,11,-348.374567,-122.245042,-180.267617
2025-03-20,71,11,-349.791042,-129.075067,-209.235117
2025-03-20,72,11,-327.192292,-164.6375,-275.021667
2025-03-20,73,11,-351.637092,-201.7348,-354.021317
2025-03-20,74,11,-374.054783,-210.999933,-372.5568
2025-03-20,75,11,-358.311875,-201.429167,-304.28375
2025-03-20,76,11,-312.647542,-203.657883,-199.829433
2025-03-20,77,11,-260.607483,-183.293333,-173.098233
2025-03-20,78,11,-199.257292,-135.312708,-195.736667
2025-03-20,79,11,-106.749733,-93.066775,-138.075567
2025-03-20,80,11,-6.37375,-59.483783,-90.300383
2025-03-20,81,11,33.941458,-35.728125,-95.11875
2025-03-20,82,11,-25.83865,-24.175792,-102.199117
2025-03-20,83,11,-79.039417,-31.106158,-104.792733
2025-03-20,84,11,-47.338125,-10.105417,-86.655
2025-03-20,85,11,-20.29675,14.268817,-28.355233
2025-03-20,86,11,48.15995,42.635467,18.5539
2025-03-20,87,11,124.990417,78.435208,39.517083
2025-03-20,88,11,99.910917,142.078108,70.293283
2025-03-20,89,11,105.827392,187.433508,126.358517
2025-03-20,90,11,162.905208,220.675417,180.644167
2025-03-20,91,11,210.86095,278.436567,197.318567
2025-03-20,92,11,265.193883,333.349967,248.806767
2025-03-20,93,11,317.007292,361.46625,340.1425
2025-03-20,94,11,340.930317,407.896542,402.782267
2025-03-20,95,11,372.152392,448.217208,452.45245
2025-03-20,96,11,451.107083,504.766667,507.324167
2025-03-20,97,11,488.778067,550.012583,562.26155
2025-03-20,98,11,557.937575,616.401542,599.067217
2025-03-20,99,11,648.790625,687.497708,630.75625
2025-03-20,100,11,690.241967,728.835483,688.73555
2025-03-20,101,11,742.535675,773.434717,742.724283
2025-03-20,102,11,794.45625,824.959583,787.412917
2025-03-20,103,11,808.866825,887.901767,843.23245
2025-03-20,104,11,824.935667,919.476667,873.855183
2025-03-20,105,11,934.352083,994.756458,904.72375
2025-03-20,106,11,1003.510933,1046.172842,973.09075
2025-03-20,107,11,920.3801,928.840025,873.003183
2025-03-20,108,11,744.015,715.2775,682.353333
2025-03-20,109,11,711.030158,693.439208,697.997283
2025-03-20,110,11,736.2406,728.01295,739.308217
2025-03-20,111,11,736.166667,736.203333,709.241667
2025-03-20,112,11,724.818742,733.22685,714.422817
2025-03-20,113,11,709.517467,720.181425,744.974333
2025-03-20,114,11,704.311667,708.436667,763.206667
2025-03-20,115,11,687.394333,708.966792,746.718033
2025-03-20,116,11,679.17665,720.005933,714.2555
2025-03-20,117,11,681.0575,719.5425,699.463333
2025-03-20,118,11,713.783225,725.050642,721.8114
2025-03-20,119,11,720.110792,714.400725,728.491
2025-03-20,120,11,692.229167,704.648333,726.368333
2025-03-20,121,11,700.0793,728.9078,764.336517
2025-03-20,122,11,712.339858,732.816033,753.943817
2025-03-20,123,11,713.861667,724.384167,702.561667
2025-03-20,124,11,712.461342,724.059058,709.374483
2025-03-20,125,11,748.47985,736.002092,719.835983
2025-03-20,126,11,778.391667,745.966667,709.541667
2025-03-20,127,11,710.600417,739.2126,715.044683
2025-03-20,128,11,695.89975,729.781992,736.4506
2025-03-20,129,11,740.463333,727.069167,758.933333
2025-03-20,130,11,741.703483,737.4129,754.375467
2025-03-20,131,11,649.151267,659.162242,666.937533
2025-03-20,132,11,540.415,539.903333,553.156667
2025-03-20,133,11,542.117667,533.531175,538.901467
2025-03-20,134,11,570.948467,558.192842,553.3285
2025-03-20,135,11,578.559167,558.320833,542.64
2025-03-20,136,11,583.425175,553.707817,524.0221
2025-03-20,137,11,579.219975,556.852742,526.969567
2025-03-20,138,11,560.065833,566.254167,549.4
2025-03-20,139,11,588.938767,582.934308,559.40135
2025-03-20,140,11,585.885542,570.857708,543.627933
2025-03-20,141,11,559.426667,554.2225,544.621667
2025-03-20,142,11,547.458308,555.695642,600.679333
2025-03-20,143,11,518.28255,504.754608,540.978183
2025-03-20,0,12,605.163333,576.600833,568.418333
2025-03-20,1,12,564.608258,569.979133,549.844817
2025-03-20,2,12,568.000908,575.0196,570.3135
2025-03-20,3,12,606.609167,584.253333,613.851667
2025-03-20,4,12,567.394925,584.748725,579.456167
2025-03-20,5,12,551.386425,597.524358,550.444917
2025-03-20,6,12,565.5125,594.001667,571.156667
2025-03-20,7,12,597.512958,604.236775,601.58905
2025-03-20,8,12,589.514525,590.7587,611.48375
2025-03-20,9,12,569.39,573.410833,598.216667
2025-03-20,10,12,551.915308,581.486017,583.93595
2025-03-20,11,12,571.914108,591.350417,590.99505
2025-03-20,12,12,597.5075,585.080833,598.443333
2025-03-20,13,12,576.086167,579.469617,565.983617
2025-03-20,14,12,564.773383,582.373433,546.120767
2025-03-20,15,12,597.295833,600.056667,565.713333
2025-03-20,16,12,602.7285,596.951,597.926567
2025-03-20,17,12,612.874008,610.932458,600.954467
2025-03-20,18,12,611.991667,619.6675,587.131667
2025-03-20,19,12,551.709808,596.932,605.2103
2025-03-20,20,12,536.9675,579.717325,621.892383
2025-03-20,21,12,576.289167,592.434167,620.168333
2025-03-20,22,12,596.647542,628.96825,616.623083
2025-03-20,23,12,602.552767,629.010492,612.46375
2025-03-20,24,12,630.446667,618.669167,603.93
2025-03-20,25,12,629.446233,641.316525,589.794633
2025-03-20,26,12,594.126833,642.077358,581.46405
2025-03-20,27,12,563.831667,614.4975,585.585
2025-03-20,28,12,611.504425,619.765708,599.725133
2025-03-20,29,12,626.847967,626.905975,616.739317
2025-03-20,30,12,591.078333,630.515833,625.595
2025-03-20,31,12,568.333783,624.007958,619.433917
2025-03-20,32,12,604.032075,631.823258,617.8444
2025-03-20,33,12,650.369167,644.470833,607.115
2025-03-20,34,12,607.606792,635.34085,575.430067
2025-03-20,35,12,655.236133,704.076108,671.463117
2025-03-20,36,12,793.279167,837.290833,827.015
2025-03-20,37,12,796.308183,845.877275,791.949933
2025-03-20,38,12,722.583183,814.061233,709.963317
2025-03-20,39,12,647.3275,789.955208,671.370833
2025-03-20,40,12,632.680375,749.887942,629.044867
2025-03-20,41,12,582.5392,702.173967,586.155917
2025-03-20,42,12,502.457292,662.270417,531.182083
2025-03-20,43,12,446.417175,605.869092,446.5755
2025-03-20,44,12,412.4325,533.942767,401.241617
2025-03-20,45,12,368.478125,479.585625,369.577083
2025-03-20,46,12,221.10815,387.734508,280.6902
2025-03-20,47,12,283.850225,472.637475,334.578067
2025-03-20,48,12,460.770625,615.791875,488.179583
2025-03-20,49,12,415.408475,569.482317,482.80385
2025-03-20,50,12,338.474925,507.59255,438.3714
2025-03-20,51,12,299.192708,485.322292,411.1575
2025-03-20,52,12,203.9097,404.397192,332.672183
2025-03-20,53,12,136.392592,371.080092,278.005133
2025-03-20,54,12,61.168542,326.178958,262.820417
2025-03-20,55,12,-10.992842,250.627625,221.283767
2025-03-20,56,12,-28.549083,220.373017,150.518367
2025-03-20,57,12,-50.007708,209.697917,77.185417
2025-03-20,58,12,-130.941233,171.376367,36.09475
2025-03-20,59,12,-161.982608,149.003267,41.25735
2025-03-20,60,12,-130.27625,141.245833,45.207083
2025-03-20,61,12,-112.419767,110.283925,-16.20875
2025-03-20,62,12,-48.163858,90.944508,-54.7878
2025-03-20,63,12,-25.611458,49.227083,-67.5775
2025-03-20,64,12,-110.093867,10.511158,-135.713067
2025-03-20,65,12,-156.428908,-25.382133,-183.836567
2025-03-20,66,12,-165.775417,-61.77875,-163.85
2025-03-20,67,12,-299.201075,-70.5651,-109.937383
2025-03-20,68,12,-395.846467,-92.892875,-109.84115
2025-03-20,69,12,-399.495,-124.559375,-159.577083
2025-03-20,70,12,-377.031625,-122.245042,-180.267617
2025-03-20,71,12,-373.303683,-129.075067,-209.235117
2025-03-20,72,12,-414.595208,-164.6375,-275.021667
2025-03-20,73,12,-476.082817,-201.7348,-354.021317
2025-03-20,74,12,-510.872675,-210.999933,-372.5568
2025-03-20,75,12,-468.92,-201.429167,-304.28375
2025-03-20,76,12,-364.707667,-203.657883,-199.829433
2025-03-20,77,12,-266.548475,-183.293333,-173.098233
2025-03-20,78,12,-225.209792,-135.312708,-195.736667
2025-03-20,79,12,-229.67065,-93.066775,-138.075567
2025-03-20,80,12,-171.761008,-59.483783,-90.300383
2025-03-20,81,12,-121.43125,-35.728125,-95.11875
2025-03-20,82,12,-101.770725,-24.175792,-102.199117
2025-03-20,83,12,-121.259625,-31.106158,-104.792733
2025-03-20,84,12,-86.475417,-10.105417,-86.655
2025-03-20,85,12,-112.830383,14.268817,-28.355233
2025-03-20,86,12,-120.4604,42.635467,18.5539
2025-03-20,87,12,-76.237917,78.435208,39.517083
2025-03-20,88,12,-27.25685,142.078108,70.293283
2025-03-20,89,12,-9.312592,187.433508,126.358517
2025-03-20,90,12,28.776458,220.675417,180.644167
2025-03-20,91,12,149.082992,278.436567,197.318567
2025-03-20,92,12,229.235517,333.349967,248.806767
2025-03-20,93,12,232.240417,361.46625,340.1425
2025-03-20,94,12,281.851325,407.896542,402.782267
2025-03-20,95,12,352.990217,448.217208,452.45245
2025-03-20,96,12,428.821667,504.766667,507.324167
2025-03-20,97,12,468.986208,550.012583,562.26155
2025-03-20,98,12,532.9002,616.401542,599.067217
2025-03-20,99,12,617.922917,687.497708,630.75625
2025-03-20,100,12,645.977367,728.835483,688.73555
2025-03-20,101,12,672.771992,773.434717,742.724283
2025-03-20,102,12,726.73375,824.959583,787.412917
2025-03-20,103,12,800.358667,887.901767,843.23245
2025-03-20,104,12,830.232492,919.476667,873.855183
2025-03-20,105,12,924.337083,994.756458,904.72375
2025-03-20,106,12,1006.967458,1046.172842,973.09075
2025-03-20,107,12,916.9832,928.840025,873.003183
2025-03-20,108,12,717.364167,715.2775,682.353333
2025-03-20,109,12,704.958958,693.439208,697.997283
2025-03-20,110,12,735.909317,728.01295,739.308217
2025-03-20,111,12,723.7275,736.203333,709.241667
2025-03-20,112,12,733.353708,733.22685,714.422817
2025-03-20,113,12,723.661958,720.181425,744.974333
2025-03-20,114,12,676.606667,708.436667,763.206667
2025-03-20,115,12,652.515075,708.966792,746.718033
2025-03-20,116,12,683.7643,720.005933,714.2555
2025-03-20,117,12,709.396667,719.5425,699.463333
2025-03-20,118,12,722.691675,725.050642,721.8114
2025-03-20,119,12,749.106775,714.400725,728.491
2025-03-20,120,12,761.6475,704.648333,726.368333
2025-03-20,121,12,729.035158,728.9078,764.336517
2025-03-20,122,12,716.217692,732.816033,753.943817
2025-03-20,123,12,758.528333,724.384167,702.561667
2025-03-20,124,12,737.99305,724.059058,709.374483
2025-03-20,125,12,728.024383,736.002092,719.835983
2025-03-20,126,12,759.0275,745.966667,709.541667
2025-03-20,127,12,754.75065,739.2126,715.044683
2025-03-20,128,12,708.4791,729.781992,736.4506
2025-03-20,129,12,675.8925,727.069167,758.933333
2025-03-20,130,12,705.325358,737.4129,754.375467
2025-03-20,131,12,662.869667,659.162242,666.937533
2025-03-20,132,12,525.089167,539.903333,553.156667
2025-03-20,133,12,508.712983,533.531175,538.901467
2025-03-20,134,12,538.239525,558.192842,553.3285
2025-03-20,135,12,556.551667,558.320833,542.64
2025-03-20,136,12,552.926075,553.707817,524.0221
2025-03-20,137,12,539.812992,556.852742,526.969567
2025-03-20,138,12,532.085,566.254167,549.4
2025-03-20,139,12,548.0712,582.934308,559.40135
2025-03-20,140,12,549.914742,570.857708,543.627933
2025-03-20,141,12,552.740833,554.2225,544.621667
2025-03-20,142,12,547.7024,555.695642,600.679333
2025-03-20,143,12,499.037533,504.754608,540.978183
2025-03-20,0,13,569.105,576.600833,568.418333
2025-03-20,1,13,540.94235,569.979133,549.844817
2025-03-20,2,13,566.11225,575.0196,570.3135
2025-03-20,3,13,613.535,584.253333,613.851667
2025-03-20,4,13,589.630933,584.748725,579.456167
2025-03-20,5,13,558.507675,597.524358,550.444917
2025-03-20,6,13,540.235833,594.001667,571.156667
2025-03-20,7,13,572.994767,604.236775,601.58905
2025-03-20,8,13,575.763675,590.7587,611.48375
2025-03-20,9,13,569.375833,573.410833,598.216667
2025-03-20,10,13,587.171325,581.486017,583.93595
2025-03-20,11,13,585.1769,591.350417,590.99505
2025-03-20,12,13,543.236667,585.080833,598.443333
2025-03-20,13,13,563.425533,579.469617,565.983617
2025-03-20,14,13,592.501633,582.373433,546.120767
2025-03-20,15,13,583.280833,600.056667,565.713333
2025-03-20,16,13,571.68595,596.951,597.926567
2025-03-20,17,13,584.692958,610.932458,600.954467
2025-03-20,18,13,607.461667,619.6675,587.131667
2025-03-20,19,13,575.734408,596.932,605.2103
2025-03-20,20,13,546.800667,579.717325,621.892383
2025-03-20,21,13,561.561667,592.434167,620.168333
2025-03-20,22,13,590.615817,628.96825,616.623083
2025-03-20,23,13,598.20695,629.010492,612.46375
2025-03-20,24,13,604.31,618.669167,603.93
2025-03-20,25,13,617.746792,641.316525,589.794633
2025-03-20,26,13,621.672792,642.077358,581.46405
2025-03-20,27,13,619.025833,614.4975,585.585
2025-03-20,28,13,622.229033,619.765708,599.725133
2025-03-20,29,13,606.260192,626.905975,616.739317
2025-03-20,30,13,582.180833,630.515833,625.595
2025-03-20,31,13,578.221225,624.007958,619.433917
2025-03-20,32,13,605.282125,631.823258,617.8444
2025-03-20,33,13,617.894167,644.470833,607.115
2025-03-20,34,13,557.78785,635.34085,575.430067
2025-03-20,35,13,623.919925,704.076108,671.463117
2025-03-20,36,13,791.428333,837.290833,827.015
2025-03-20,37,13,799.792742,845.877275,791.949933
2025-03-20,38,13,718.849308,814.061233,709.963317
2025-03-20,39,13,649.116667,789.955208,671.370833
2025-03-20,40,13,603.415617,749.887942,629.044867
2025-03-20,41,13,580.367133,702.173967,586.155917
2025-03-20,42,13,565.652083,662.270417,531.182083
2025-03-20,43,13,512.852158,605.869092,446.5755
2025-03-20,44,13,415.595875,533.942767,401.241617
2025-03-20,45,13,346.670625,479.585625,369.577083
2025-03-20,46,13,282.82375,387.734508,280.6902
2025-03-20,47,13,361.414325,472.637475,334.578067
2025-03-20,48,13,484.236875,615.791875,488.179583
2025-03-20,49,13,508.974367,569.482317,482.80385
2025-03-20,50,13,447.732333,507.59255,438.3714
2025-03-20,51,13,411.241042,485.322292,411.1575
2025-03-20,52,13,405.497058,404.397192,332.672183
2025-03-20,53,13,398.537725,371.080092,278.005133
2025-03-20,54,13,327.208125,326.178958,262.820417
2025-03-20,55,13,247.511,250.627625,221.283767
2025-03-20,56,13,202.925808,220.373017,150.518367
2025-03-20,57,13,140.183542,209.697917,77.185417
2025-03-20,58,13,117.995917,171.376367,36.09475
2025-03-20,59,13,161.002708,149.003267,41.25735
2025-03-20,60,13,200.601667,141.245833,45.207083
2025-03-20,61,13,129.673542,110.283925,-16.20875
2025-03-20,62,13,37.614592,90.944508,-54.7878
2025-03-20,63,13,-55.883125,49.227083,-67.5775
2025-03-20,64,13,-44.843825,10.511158,-135.713067
2025-03-20,65,13,-87.701075,-25.382133,-183.836567
2025-03-20,66,13,-186.863958,-61.77875,-163.85
2025-03-20,67,13,-185.738758,-70.5651,-109.937383
2025-03-20,68,13,-170.633383,-92.892875,-109.84115
2025-03-20,69,13,-214.085208,-124.559375,-159.577083
2025-03-20,70,13,-245.8069,-122.245042,-180.267617
2025-03-20,71,13,-260.52395,-129.075067,-209.235117
2025-03-20,72,13,-265.691042,-164.6375,-275.021667
2025-03-20,73,13,-308.614567,-201.7348,-354.021317
2025-03-20,74,13,-336.403458,-210.999933,-372.5568
2025-03-20,75,13,-285.305,-201.429167,-304.28375
2025-03-20,76,13,-276.918133,-203.657883,-199.829433
2025-03-20,77,13,-285.020642,-183.293333,-173.098233
2025-03-20,78,13,-271.139792,-135.312708,-195.736667
2025-03-20,79,13,-216.347892,-93.066775,-138.075567
2025-03-20,80,13,-147.424767,-59.483783,-90.300383
2025-03-20,81,13,-112.19125,-35.728125,-95.11875
2025-03-20,82,13,-113.051333,-24.175792,-102.199117
2025-03-20,83,13,-125.769492,-31.106158,-104.792733
2025-03-20,84,13,-104.163125,-10.105417,-86.655
2025-03-20,85,13,-70.922133,14.268817,-28.355233
2025-03-20,86,13,-16.959,42.635467,18.5539
2025-03-20,87,13,29.648542,78.435208,39.517083
2025-03-20,88,13,46.251325,142.078108,70.293283
2025-03-20,89,13,54.48455,187.433508,126.358517
2025-03-20,90,13,93.230208,220.675417,180.644167
2025-03-20,91,13,164.117425,278.436567,197.318567
2025-03-20,92,13,218.504525,333.349967,248.806767
2025-03-20,93,13,226.230417,361.46625,340.1425
2025-03-20,94,13,272.724992,407.896542,402.782267
2025-03-20,95,13,315.625242,448.217208,452.45245
2025-03-20,96,13,353.204375,504.766667,507.324167
2025-03-20,97,13,409.471833,550.012583,562.26155
2025-03-20,98,13,507.553483,616.401542,599.067217
2025-03-20,99,13,609.0275,687.497708,630.75625
2025-03-20,100,13,673.547133,728.835483,688.73555
2025-03-20,101,13,710.169717,773.434717,742.724283
2025-03-20,102,13,740.904792,824.959583,787.412917
2025-03-20,103,13,823.200308,887.901767,843.23245
2025-03-20,104,13,862.614358,919.476667,873.855183
2025-03-20,105,13,933.686042,994.756458,904.72375
2025-03-20,106,13,1016.331825,1046.172842,973.09075
2025-03-20,107,13,910.813283,928.840025,873.003183
2025-03-20,108,13,695.639167,715.2775,682.353333
2025-03-20,109,13,682.154733,693.439208,697.997283
2025-03-20,110,13,745.9411,728.01295,739.308217
2025-03-20,111,13,767.525833,736.203333,709.241667
2025-03-20,112,13,750.674642,733.22685,714.422817
2025-03-20,113,13,709.000142,720.181425,744.974333
2025-03-20,114,13,709.301667,708.436667,763.206667
2025-03-20,115,13,722.987942,708.966792,746.718033
2025-03-20,116,13,742.936258,720.005933,714.2555
2025-03-20,117,13,729.524167,719.5425,699.463333
2025-03-20,118,13,713.575117,725.050642,721.8114
2025-03-20,119,13,695.819425,714.400725,728.491
2025-03-20,120,13,677.24,704.648333,726.368333
2025-03-20,121,13,708.021817,728.9078,764.336517
2025-03-20,122,13,719.711958,732.816033,753.943817
2025-03-20,123,13,714.465,724.384167,702.561667
2025-03-20,124,13,709.846092,724.059058,709.374483
2025-03-20,125,13,732.3571,736.002092,719.835983
2025-03-20,126,13,738.379167,745.966667,709.541667
2025-03-20,127,13,707.638558,739.2126,715.044683
2025-03-20,128,13,687.949958,729.781992,736.4506
2025-03-20,129,13,693.2475,727.069167,758.933333
2025-03-20,130,13,733.581775,737.4129,754.375467
2025-03-20,131,13,674.383733,659.162242,666.937533
2025-03-20,132,13,560.516667,539.903333,553.156667
2025-03-20,133,13,537.005267,533.531175,538.901467
2025-03-20,134,13,569.810333,558.192842,553.3285
2025-03-20,135,13,587.748333,558.320833,542.64
2025-03-20,136,13,556.638208,553.707817,524.0221
2025-03-20,137,13,556.842608,556.852742,526.969567
2025-03-20,138,13,602.098333,566.254167,549.4
2025-03-20,139,13,598.020742,582.934308,559.40135
2025-03-20,140,13,536.000383,570.857708,543.627933
2025-03-20,141,13,509.8675,554.2225,544.621667
2025-03-20,142,13,553.947717,555.695642,600.679333
2025-03-20,143,13,541.897767,504.754608,540.978183
2025-06-21,0,0,562.119583,505.488542,538.491667
2025-06-21,1,0,541.840046,516.502458,514.663967
2025-06-21,2,0,570.228067,529.039244,533.34865
2025-06-21,3,0,587.138542,524.067292,566.91
2025-06-21,4,0,554.829277,518.363121,510.587683
2025-06-21,5,0,565.895771,531.699044,470.042867
2025-06-21,6,0,581.38125,517.23875,480.563333
2025-06-21,7,0,581.57934,520.40089,478.329933
2025-06-21,8,0,533.493242,503.010546,497.638117
2025-06-21,9,0,507.584167,503.993333,527.363333
2025-06-21,10,0,511.420281,507.713885,510.807617
2025-06-21,11,0,533.579029,502.601729,492.340983
2025-06-21,12,0,550.665,494.539167,499.103333
2025-06-21,13,0,530.497708,507.873619,512.0669
2025-06-21,14,0,477.42284,501.223329,502.183583
2025-06-21,15,0,446.179583,502.244375,473.125
2025-06-21,16,0,452.569519,509.491827,458.319983
2025-06-21,17,0,491.231581,506.800487,470.09745
2025-06-21,18,0,501.948542,480.66625,489.373333
2025-06-21,19,0,487.038681,492.158373,486.698033
2025-06-21,20,0,479.814448,503.041062,491.8388
2025-06-21,21,0,471.607708,497.986875,496.251667
2025-06-21,22,0,485.540785,499.531262,463.3803
2025-06-21,23,0,474.550379,504.001292,454.71765
2025-06-21,24,0,471.621667,509.207083,477.031667
2025-06-21,25,0,489.339554,502.646342,474.281983
2025-06-21,26,0,471.208475,485.079062,458.1585
2025-06-21,27,0,442.357292,483.75625,446.218333
2025-06-21,28,0,452.05531,488.320533,442.953283
2025-06-21,29,0,470.669365,496.743954,450.38675
2025-06-21,30,0,460.2,487.171458,454.174167
2025-06-21,31,0,435.670902,475.91405,424.658717
2025-06-21,32,0,397.676708,446.235808,390.48345
2025-06-21,33,0,394.518177,412.097135,370.845833
2025-06-21,34,0,387.605494,379.765667,359.578
2025-06-21,35,0,336.266623,358.682656,337.034917
2025-06-21,36,0,275.328073,353.143906,308.49
2025-06-21,37,0,248.565179,322.82384,291.9625
2025-06-21,38,0,249.233325,287.628329,246.471367
2025-06-21,39,0,235.508854,248.6175,166.35125
2025-06-21,40,0,201.907815,196.847656,97.385183
2025-06-21,41,0,179.974581,173.546017,86.2121
2025-06-21,42,0,170.897656,162.393854,100.836667
2025-06-21,43,0,150.730596,134.098265,63.2823
2025-06-21,44,0,118.161754,99.814767,21.927683
2025-06-21,45,0,101.466354,60.112656,-8.339583
2025-06-21,46,0,52.912769,0.122696,-62.966783
2025-06-21,47,0,13.125596,-21.158281,-116.303717
2025-06-21,48,0,-13.725677,-0.416458,-156.844167
2025-06-21,49,0,-90.286235,-49.473342,-195.452117
2025-06-21,50,0,-154.905277,-118.099196,-213.46855
2025-06-21,51,0,-171.143698,-159.021042,-220.185
2025-06-21,52,0,-171.724263,-207.844633,-241.482933
2025-06-21,53,0,-158.959444,-203.7649,-229.762933
2025-06-21,54,0,-161.623229,-177.938177,-182.575833
2025-06-21,55,0,-178.545206,-214.059888,-160.175383
2025-06-21,56,0,-182.310577,-242.082444,-214.969967
2025-06-21,57,0,-180.941823,-245.9225,-328.285417
2025-06-21,58,0,-239.464879,-296.277075,-421.118233
2025-06-21,59,0,-256.300029,-322.463315,-449.526183
2025-06-21,60,0,-210.224896,-318.569479,-440.56625
2025-06-21,61,0,-196.920794,-356.485565,-460.630867
2025-06-21,62,0,-190.962563,-392.179863,-489.017133
2025-06-21,63,0,-235.223906,-427.702448,-516.512917
2025-06-21,64,0,-274.286256,-454.888294,-561.181233
2025-06-21,65,0,-338.288192,-469.934762,-612.926317
2025-06-21,66,0,-388.489531,-483.619844,-620.148333
2025-06-21,67,0,-381.88305,-510.563833,-560.160833
2025-06-21,68,0,-391.25215,-506.282556,-647.042517
2025-06-21,69,0,-397.068229,-496.019062,-807.410833
2025-06-21,70,0,-279.174204,-465.511758,-745.92895
2025-06-21,71,0,-173.754725,-444.239538,-658.892883
2025-06-21,72,0,-181.993854,-455.058021,-672.33875
2025-06-21,73,0,-215.28219,-455.802606,-718.120267
2025-06-21,74,0,-247.879902,-475.54995,-741.456717
2025-06-21,75,0,-216.801615,-505.831198,-742.40875
2025-06-21,76,0,-151.040573,-495.212198,-757.647217
2025-06-21,77,0,-128.252477,-474.739825,-771.688017
2025-06-21,78,0,-172.045521,-445.006823,-726.931667
2025-06-21,79,0,-208.635377,-399.028377,-597.157983
2025-06-21,80,0,-214.076188,-370.055183,-582.051283
2025-06-21,81,0,-155.195781,-371.424375,-625.26625
2025-06-21,82,0,-82.427631,-353.80761,-477.587133
2025-06-21,83,0,-56.514408,-335.862469,-358.2528
2025-06-21,84,0,-33.596823,-303.339531,-349.058333
2025-06-21,85,0,-8.726396,-304.285048,-315.651217
2025-06-21,86,0,13.026642,-283.595458,-288.67765
2025-06-21,87,0,38.937604,-226.382083,-288.457917
2025-06-21,88,0,38.062621,-173.877333,-289.5349
2025-06-21,89,0,42.853794,-140.866263,-299.466083
2025-06-21,90,0,73.634531,-123.628281,-300.130417
2025-06-21,91,0,121.174719,-92.219667,-256.820067
2025-06-21,92,0,134.237398,-76.272225,-204.788167
2025-06-21,93,0,135.899948,-60.0325,-155.933333
2025-06-21,94,0,256.508725,11.982644,-90.656283
2025-06-21,95,0,304.245883,80.177965,-27.328983
2025-06-21,96,0,278.150521,112.709688,27.005
2025-06-21,97,0,343.698773,161.471575,78.57155
2025-06-21,98,0,364.492554,181.72649,103.2043
2025-06-21,99,0,327.499635,193.520781,105.9075
2025-06-21,100,0,410.266677,253.751104,115.424033
2025-06-21,101,0,412.419731,268.684233,109.619683
2025-06-21,102,0,303.308958,248.260729,102.78125
2025-06-21,103,0,289.81829,303.433304,142.627433
2025-06-21,104,0,322.975581,348.874094,212.795
2025-06-21,105,0,370.617812,393.825,288.967917
2025-06-21,106,0,396.4672,429.5228,353.470167
2025-06-21,107,0,433.701048,438.006302,382.320917
2025-06-21,108,0,498.45474,443.705104,385.901667
2025-06-21,109,0,518.372737,475.692465,402.359033
2025-06-21,110,0,541.539685,517.519806,436.62475
2025-06-21,111,0,602.27901,564.343698,481.681667
2025-06-21,112,0,616.792727,603.356773,530.129167
2025-06-21,113,0,632.767444,622.718569,585.454683
2025-06-21,114,0,677.42125,645.276667,640.82625
2025-06-21,115,0,656.046046,632.425383,667.4907
2025-06-21,116,0,676.100787,650.201771,617.246917
2025-06-21,117,0,678.551042,646.872292,548.913333
2025-06-21,118,0,642.13836,635.818171,582.087567
2025-06-21,119,0,608.336073,623.593754,581.73875
2025-06-21,120,0,626.109375,642.73,531.603333
2025-06-21,121,0,670.822131,661.378458,558.039433
2025-06-21,122,0,698.597158,660.644942,620.864733
2025-06-21,123,0,686.966458,655.208125,660.021667
2025-06-21,124,0,644.017013,659.109888,646.97075
2025-06-21,125,0,615.113592,660.23229,585.61195
2025-06-21,126,0,614.2975,637.65375,526.72
2025-06-21,127,0,666.378417,638.869654,535.7851
2025-06-21,128,0,679.525017,638.071673,581.51715
2025-06-21,129,0,633.87125,650.652083,618.915
2025-06-21,130,0,631.133435,657.181454,619.241283
2025-06-21,131,0,608.673596,602.737456,576.779467
2025-06-21,132,0,558.094583,519.457083,528.28
2025-06-21,133,0,552.2899,505.01519,526.873733
2025-06-21,134,0,569.43466,518.987221,544.741083
2025-06-21,135,0,557.009167,525.190208,552.865
2025-06-21,136,0,534.184181,542.041606,546.83985
2025-06-21,137,0,547.922542,548.249821,541.7929
2025-06-21,138,0,597.686042,539.812917,531.731667
2025-06-21,139,0,586.229196,525.914721,499.822717
2025-06-21,140,0,563.754833,520.896252,486.82905
2025-06-21,141,0,581.498125,522.593333,498.216667
2025-06-21,142,0,603.761562,531.621104,504.095167
2025-06-21,143,0,618.871615,579.486329,532.219017
2025-06-21,0,1,504.623333,505.488542,538.491667
2025-06-21,1,1,526.213202,516.502458,514.663967
2025-06-21,2,1,578.396185,529.039244,533.34865
2025-06-21,3,1,576.789792,524.067292,566.91
2025-06-21,4,1,542.408048,518.363121,510.587683
2025-06-21,5,1,560.838619,531.699044,470.042867
2025-06-21,6,1,572.231042,517.23875,480.563333
2025-06-21,7,1,563.280619,520.40089,478.329933
2025-06-21,8,1,500.557254,503.010546,497.638117
2025-06-21,9,1,490.739792,503.993333,527.363333
2025-06-21,10,1,507.908127,507.713885,510.807617
2025-06-21,11,1,527.611044,502.601729,492.340983
2025-06-21,12,1,531.499167,494.539167,499.103333
2025-06-21,13,1,528.6711,507.873619,512.0669
2025-06-21,14,1,490.374237,501.223329,502.183583
2025-06-21,15,1,464.299167,502.244375,473.125
2025-06-21,16,1,482.547279,509.491827,458.319983
2025-06-21,17,1,478.416948,506.800487,470.09745
2025-06-21,18,1,437.551667,480.66625,489.373333
2025-06-21,19,1,466.940023,492.158373,486.698033
2025-06-21,20,1,482.946054,503.041062,491.8388
2025-06-21,21,1,466.974792,497.986875,496.251667
2025-06-21,22,1,517.988729,499.531262,463.3803
2025-06-21,23,1,503.655846,504.001292,454.71765
2025-06-21,24,1,468.705417,509.207083,477.031667
2025-06-21,25,1,478.574523,502.646342,474.281983
2025-06-21,26,1,468.47404,485.079062,458.1585
2025-06-21,27,1,451.278542,483.75625,446.218333
2025-06-21,28,1,456.69185,488.320533,442.953283
2025-06-21,29,1,462.46655,496.743954,450.38675
2025-06-21,30,1,442.113125,487.171458,454.174167
2025-06-21,31,1,439.749346,475.91405,424.658717
2025-06-21,32,1,402.375558,446.235808,390.48345
2025-06-21,33,1,383.625521,412.097135,370.845833
2025-06-21,34,1,414.369698,379.765667,359.578
2025-06-21,35,1,389.006794,358.682656,337.034917
2025-06-21,36,1,310.73276,353.143906,308.49
2025-06-21,37,1,258.65631,322.82384,291.9625
2025-06-21,38,1,237.796452,287.628329,246.471367
2025-06-21,39,1,216.458542,248.6175,166.35125
2025-06-21,40,1,187.55036,196.847656,97.385183
2025-06-21,41,1,142.27914,173.546017,86.2121
2025-06-21,42,1,108.265521,162.393854,100.836667
2025-06-21,43,1,124.359254,134.098265,63.2823
2025-06-21,44,1,144.002079,99.814767,21.927683
2025-06-21,45,1,138.515208,60.112656,-8.339583
2025-06-21,46,1,104.157981,0.122696,-62.966783
2025-06-21,47,1,27.504554,-21.158281,-116.303717
2025-06-21,48,1,-17.972135,-0.416458,-156.844167
2025-06-21,49,1,-10.405967,-49.473342,-195.452117
2025-06-21,50,1,-47.519796,-118.099196,-213.46855
2025-06-21,51,1,-115.128437,-159.021042,-220.185
2025-06-21,52,1,-135.758954,-207.844633,-241.482933
2025-06-21,53,1,-105.724642,-203.7649,-229.762933
2025-06-21,54,1,-80.653333,-177.938177,-182.575833
2025-06-21,55,1,-81.235812,-214.059888,-160.175383
2025-06-21,56,1,-119.014146,-242.082444,-214.969967
2025-06-21,57,1,-139.986094,-245.9225,-328.285417
2025-06-21,58,1,-152.01766,-296.277075,-421.118233
2025-06-21,59,1,-130.167646,-322.463315,-449.526183
2025-06-21,60,1,-81.281094,-318.569479,-440.56625
2025-06-21,61,1,-166.350085,-356.485565,-460.630867
2025-06-21,62,1,-236.60286,-392.179863,-489.017133
2025-06-21,63,1,-262.315417,-427.702448,-516.512917
2025-06-21,64,1,-262.013779,-454.888294,-561.181233
2025-06-21,65,1,-268.495904,-469.934762,-612.926317
2025-06-21,66,1,-293.764531,-483.619844,-620.148333
2025-06-21,67,1,-340.304117,-510.563833,-560.160833
2025-06-21,68,1,-401.090552,-506.282556,-647.042517
2025-06-21,69,1,-421.990417,-496.019062,-807.410833
2025-06-21,70,1,-267.094221,-465.511758,-745.92895
2025-06-21,71,1,-175.679163,-444.239538,-658.892883
2025-06-21,72,1,-218.137292,-455.058021,-672.33875
2025-06-21,73,1,-168.935733,-455.802606,-718.120267
2025-06-21,74,1,-163.77959,-475.54995,-741.456717
2025-06-21,75,1,-219.662865,-505.831198,-742.40875
2025-06-21,76,1,-259.487425,-495.212198,-757.647217
2025-06-21,77,1,-266.17135,-474.739825,-771.688017
2025-06-21,78,1,-239.847135,-445.006823,-726.931667
2025-06-21,79,1,-161.957215,-399.028377,-597.157983
2025-06-21,80,1,-192.677113,-370.055183,-582.051283
2025-06-21,81,1,-314.490313,-371.424375,-625.26625
2025-06-21,82,1,-264.106263,-353.80761,-477.587133
2025-06-21,83,1,-193.549496,-335.862469,-358.2528
2025-06-21,84,1,-127.246875,-303.339531,-349.058333
2025-06-21,85,1,-74.783079,-304.285048,-315.651217
2025-06-21,86,1,-87.23634,-283.595458,-288.67765
2025-06-21,87,1,-120.459063,-226.382083,-288.457917
2025-06-21,88,1,-141.397721,-173.877333,-289.5349
2025-06-21,89,1,-111.92245,-140.866263,-299.466083
2025-06-21,90,1,-57.927812,-123.628281,-300.130417
2025-06-21,91,1,-37.70831,-92.219667,-256.820067
2025-06-21,92,1,32.038304,-76.272225,-204.788167
2025-06-21,93,1,114.494844,-60.0325,-155.933333
2025-06-21,94,1,147.526363,11.982644,-90.656283
2025-06-21,95,1,156.363365,80.177965,-27.328983
2025-06-21,96,1,203.286667,112.709688,27.005
2025-06-21,97,1,315.101773,161.471575,78.57155
2025-06-21,98,1,318.880956,181.72649,103.2043
2025-06-21,99,1,234.852396,193.520781,105.9075
2025-06-21,100,1,233.011523,253.751104,115.424033
2025-06-21,101,1,246.837742,268.684233,109.619683
2025-06-21,102,1,256.381667,248.260729,102.78125
2025-06-21,103,1,318.946875,303.433304,142.627433
2025-06-21,104,1,364.125265,348.874094,212.795
2025-06-21,105,1,375.287604,393.825,288.967917
2025-06-21,106,1,395.505654,429.5228,353.470167
2025-06-21,107,1,429.893335,438.006302,382.320917
2025-06-21,108,1,471.518906,443.705104,385.901667
2025-06-21,109,1,485.475646,475.692465,402.359033
2025-06-21,110,1,515.744979,517.519806,436.62475
2025-06-21,111,1,575.503646,564.343698,481.681667
2025-06-21,112,1,641.558654,603.356773,530.129167
2025-06-21,113,1,659.213852,622.718569,585.454683
2025-06-21,114,1,672.170625,645.276667,640.82625
2025-06-21,115,1,649.831302,632.425383,667.4907
2025-06-21,116,1,658.1361,650.201771,617.246917
2025-06-21,117,1,632.855,646.872292,548.913333
2025-06-21,118,1,636.298133,635.818171,582.087567
2025-06-21,119,1,635.325825,623.593754,581.73875
2025-06-21,120,1,662.716667,642.73,531.603333
2025-06-21,121,1,707.44784,661.378458,558.039433
2025-06-21,122,1,700.948737,660.644942,620.864733
2025-06-21,123,1,657.4675,655.208125,660.021667
2025-06-21,124,1,675.992181,659.109888,646.97075
2025-06-21,125,1,664.989275,660.23229,585.61195
2025-06-21,126,1,585.70375,637.65375,526.72
2025-06-21,127,1,596.69869,638.869654,535.7851
2025-06-21,128,1,629.940767,638.071673,581.51715
2025-06-21,129,1,637.809583,650.652083,618.915
2025-06-21,130,1,629.828835,657.181454,619.241283
2025-06-21,131,1,601.932131,602.737456,576.779467
2025-06-21,132,1,576.871667,519.457083,528.28
2025-06-21,133,1,549.02764,505.01519,526.873733
2025-06-21,134,1,535.081019,518.987221,544.741083
2025-06-21,135,1,542.79,525.190208,552.865
2025-06-21,136,1,563.63526,542.041606,546.83985
2025-06-21,137,1,590.267487,548.249821,541.7929
2025-06-21,138,1,554.212292,539.812917,531.731667
2025-06-21,139,1,487.372577,525.914721,499.822717
2025-06-21,140,1,503.265777,520.896252,486.82905
2025-06-21,141,1,576.197917,522.593333,498.216667
2025-06-21,142,1,586.60661,531.621104,504.095167
2025-06-21,143,1,622.572096,579.486329,532.219017
2025-06-21,0,2,585.020833,505.488542,538.491667
2025-06-21,1,2,598.544998,516.502458,514.663967
2025-06-21,2,2,612.871971,529.039244,533.34865
2025-06-21,3,2,616.226042,524.067292,566.91
2025-06-21,4,2,577.444987,518.363121,510.587683
2025-06-21,5,2,588.45196,531.699044,470.042867
2025-06-21,6,2,603.481875,517.23875,480.563333
2025-06-21,7,2,572.827512,520.40089,478.329933
2025-06-21,8,2,499.866667,503.010546,497.638117
2025-06-21,9,2,492.224375,503.993333,527.363333
2025-06-21,10,2,522.014785,507.713885,510.807617
2025-06-21,11,2,551.952673,502.601729,492.340983
2025-06-21,12,2,535.181875,494.539167,499.103333
2025-06-21,13,2,478.956923,507.873619,512.0669
2025-06-21,14,2,486.696271,501.223329,502.183583
2025-06-21,15,2,555.587708,502.244375,473.125
2025-06-21,16,2,540.852731,509.491827,458.319983
2025-06-21,17,2,527.677354,506.800487,470.09745
2025-06-21,18,2,527.425417,480.66625,489.373333
2025-06-21,19,2,513.866396,492.158373,486.698033
2025-06-21,20,2,510.483444,503.041062,491.8388
2025-06-21,21,2,506.096458,497.986875,496.251667
2025-06-21,22,2,502.985685,499.531262,463.3803
2025-06-21,23,2,495.56394,504.001292,454.71765
2025-06-21,24,2,507.385208,509.207083,477.031667
2025-06-21,25,2,542.64759,502.646342,474.281983
2025-06-21,26,2,519.526813,485.079062,458.1585
2025-06-21,27,2,468.471875,483.75625,446.218333
2025-06-21,28,2,460.213154,488.320533,442.953283
2025-06-21,29,2,475.537396,496.743954,450.38675
2025-06-21,30,2,474.482708,487.171458,454.174167
2025-06-21,31,2,447.884471,475.91405,424.658717
2025-06-21,32,2,431.116617,446.235808,390.48345
2025-06-21,33,2,428.017448,412.097135,370.845833
2025-06-21,34,2,401.44285,379.765667,359.578
2025-06-21,35,2,366.279596,358.682656,337.034917
2025-06-21,36,2,353.899375,353.143906,308.49
2025-06-21,37,2,330.893304,322.82384,291.9625
2025-06-21,38,2,333.847596,287.628329,246.471367
2025-06-21,39,2,323.617188,248.6175,166.35125
2025-06-21,40,2,266.192362,196.847656,97.385183
2025-06-21,41,2,228.432833,173.546017,86.2121
2025-06-21,42,2,226.034323,162.393854,100.836667
2025-06-21,43,2,249.806575,134.098265,63.2823
2025-06-21,44,2,184.685285,99.814767,21.927683
2025-06-21,45,2,67.669479,60.112656,-8.339583
2025-06-21,46,2,35.691362,0.122696,-62.966783
2025-06-21,47,2,21.096987,-21.158281,-116.303717
2025-06-21,48,2,-21.560677,-0.416458,-156.844167
2025-06-21,49,2,-148.853002,-49.473342,-195.452117
2025-06-21,50,2,-253.820258,-118.099196,-213.46855
2025-06-21,51,2,-297.665937,-159.021042,-220.185
2025-06-21,52,2,-341.152942,-207.844633,-241.482933
2025-06-21,53,2,-305.496952,-203.7649,-229.762933
2025-06-21,54,2,-278.119375,-177.938177,-182.575833
2025-06-21,55,2,-340.977944,-214.059888,-160.175383
2025-06-21,56,2,-356.207794,-242.082444,-214.969967
2025-06-21,57,2,-297.842187,-245.9225,-328.285417
2025-06-21,58,2,-349.145102,-296.277075,-421.118233
2025-06-21,59,2,-391.232152,-322.463315,-449.526183
2025-06-21,60,2,-388.213177,-318.569479,-440.56625
2025-06-21,61,2,-415.99256,-356.485565,-460.630867
2025-06-21,62,2,-395.120352,-392.179863,-489.017133
2025-06-21,63,2,-391.492708,-427.702448,-516.512917
2025-06-21,64,2,-437.398885,-454.888294,-561.181233
2025-06-21,65,2,-453.153012,-469.934762,-612.926317
2025-06-21,66,2,-443.121979,-483.619844,-620.148333
2025-06-21,67,2,-522.400769,-510.563833,-560.160833
2025-06-21,68,2,-548.002273,-506.282556,-647.042517
2025-06-21,69,2,-514.719271,-496.019062,-807.410833
2025-06-21,70,2,-479.77784,-465.511758,-745.92895
2025-06-21,71,2,-425.362825,-444.239538,-658.892883
2025-06-21,72,2,-389.395677,-455.058021,-672.33875
2025-06-21,73,2,-362.208035,-455.802606,-718.120267
2025-06-21,74,2,-322.561602,-475.54995,-741.456717
2025-06-21,75,2,-308.7225,-505.831198,-742.40875
2025-06-21,76,2,-360.523244,-495.212198,-757.647217
2025-06-21,77,2,-377.147565,-474.739825,-771.688017
2025-06-21,78,2,-311.963698,-445.006823,-726.931667
2025-06-21,79,2,-206.152398,-399.028377,-597.157983
2025-06-21,80,2,-203.344652,-370.055183,-582.051283
2025-06-21,81,2,-263.57276,-371.424375,-625.26625
2025-06-21,82,2,-174.771869,-353.80761,-477.587133
2025-06-21,83,2,-160.994567,-335.862469,-358.2528
2025-06-21,84,2,-223.734792,-303.339531,-349.058333
2025-06-21,85,2,-186.283104,-304.285048,-315.651217
2025-06-21,86,2,-165.441379,-283.595458,-288.67765
2025-06-21,87,2,-160.926302,-226.382083,-288.457917
2025-06-21,88,2,-54.05939,-173.877333,-289.5349
2025-06-21,89,2,16.974148,-140.866263,-299.466083
2025-06-21,90,2,19.208594,-123.628281,-300.130417
2025-06-21,91,2,59.112202,-92.219667,-256.820067
2025-06-21,92,2,74.65909,-76.272225,-204.788167
2025-06-21,93,2,80.294635,-60.0325,-155.933333
2025-06-21,94,2,131.29184,11.982644,-90.656283
2025-06-21,95,2,209.067535,80.177965,-27.328983
2025-06-21,96,2,259.964479,112.709688,27.005
2025-06-21,97,2,325.668202,161.471575,78.57155
2025-06-21,98,2,329.430058,181.72649,103.2043
2025-06-21,99,2,307.228802,193.520781,105.9075
2025-06-21,100,2,354.660902,253.751104,115.424033
2025-06-21,101,2,372.01836,268.684233,109.619683
2025-06-21,102,2,337.091823,248.260729,102.78125
2025-06-21,103,2,370.90435,303.433304,142.627433
2025-06-21,104,2,430.784619,348.874094,212.795
2025-06-21,105,2,502.788177,393.825,288.967917
2025-06-21,106,2,530.212669,429.5228,353.470167
2025-06-21,107,2,526.404725,438.006302,382.320917
2025-06-21,108,2,534.738646,443.705104,385.901667
2025-06-21,109,2,500.605175,475.692465,402.359033
2025-06-21,110,2,533.810396,517.519806,436.62475
2025-06-21,111,2,612.431354,564.343698,481.681667
2025-06-21,112,2,625.3854,603.356773,530.129167
2025-06-21,113,2,651.616356,622.718569,585.454683
2025-06-21,114,2,727.082083,645.276667,640.82625
2025-06-21,115,2,738.86581,632.425383,667.4907
2025-06-21,116,2,745.734077,650.201771,617.246917
2025-06-21,117,2,729.554375,646.872292,548.913333
2025-06-21,118,2,703.21699,635.818171,582.087567
2025-06-21,119,2,678.257631,623.593754,581.73875
2025-06-21,120,2,725.552083,642.73,531.603333
2025-06-21,121,2,773.968548,661.378458,558.039433
2025-06-21,122,2,742.962585,660.644942,620.864733
2025-06-21,123,2,654.688333,655.208125,660.021667
2025-06-21,124,2,666.027325,659.109888,646.97075
2025-06-21,125,2,711.232756,660.23229,585.61195
2025-06-21,126,2,724.246667,637.65375,526.72
2025-06-21,127,2,734.738377,638.869654,535.7851
2025-06-21,128,2,698.147454,638.071673,581.51715
2025-06-21,129,2,688.05,650.652083,618.915
2025-06-21,130,2,731.662067,657.181454,619.241283
2025-06-21,131,2,700.592212,602.737456,576.779467
2025-06-21,132,2,592.892917,519.457083,528.28
2025-06-21,133,2,552.010577,505.01519,526.873733
2025-06-21,134,2,588.604452,518.987221,544.741083
2025-06-21,135,2,611.311458,525.190208,552.865
2025-06-21,136,2,604.720123,542.041606,546.83985
2025-06-21,137,2,611.10999,548.249821,541.7929
2025-06-21,138,2,629.157292,539.812917,531.731667
2025-06-21,139,2,598.897827,525.914721,499.822717
2025-06-21,140,2,580.614604,520.896252,486.82905
2025-06-21,141,2,602.097917,522.593333,498.216667
2025-06-21,142,2,622.54735,531.621104,504.095167
2025-06-21,143,2,658.300348,579.486329,532.219017
2025-06-21,0,3,565.112917,505.488542,538.491667
2025-06-21,1,3,571.342885,516.502458,514.663967
2025-06-21,2,3,578.349508,529.039244,533.34865
2025-06-21,3,3,567.279167,524.067292,566.91
2025-06-21,4,3,600.538731,518.363121,510.587683
2025-06-21,5,3,626.892206,531.699044,470.042867
2025-06-21,6,3,604.057292,517.23875,480.563333
2025-06-21,7,3,618.241075,520.40089,478.329933
2025-06-21,8,3,588.342356,503.010546,497.638117
2025-06-21,9,3,546.17,503.993333,527.363333
2025-06-21,10,3,544.457623,507.713885,510.807617
2025-06-21,11,3,517.958031,502.601729,492.340983
2025-06-21,12,3,491.705833,494.539167,499.103333
2025-06-21,13,3,537.186244,507.873619,512.0669
2025-06-21,14,3,538.947702,501.223329,502.183583
2025-06-21,15,3,488.798542,502.244375,473.125
2025-06-21,16,3,510.149079,509.491827,458.319983
2025-06-21,17,3,541.597517,506.800487,470.09745
2025-06-21,18,3,532.88875,480.66625,489.373333
2025-06-21,19,3,482.07581,492.158373,486.698033
2025-06-21,20,3,509.79255,503.041062,491.8388
2025-06-21,21,3,562.045,497.986875,496.251667
2025-06-21,22,3,538.404898,499.531262,463.3803
2025-06-21,23,3,561.901377,504.001292,454.71765
2025-06-21,24,3,621.461875,509.207083,477.031667
2025-06-21,25,3,545.685479,502.646342,474.281983
2025-06-21,26,3,480.627027,485.079062,458.1585
2025-06-21,27,3,505.568958,483.75625,446.218333
2025-06-21,28,3,545.308433,488.320533,442.953283
2025-06-21,29,3,527.838573,496.743954,450.38675
2025-06-21,30,3,470.406875,487.171458,454.174167
2025-06-21,31,3,465.788892,475.91405,424.658717
2025-06-21,32,3,440.550319,446.235808,390.48345
2025-06-21,33,3,410.196406,412.097135,370.845833
2025-06-21,34,3,409.867971,379.765667,359.578
2025-06-21,35,3,385.648377,358.682656,337.034917
2025-06-21,36,3,361.79901,353.143906,308.49
2025-06-21,37,3,347.341612,322.82384,291.9625
2025-06-21,38,3,331.856065,287.628329,246.471367
2025-06-21,39,3,312.741719,248.6175,166.35125
2025-06-21,40,3,301.288713,196.847656,97.385183
2025-06-21,41,3,259.276848,173.546017,86.2121
2025-06-21,42,3,193.93099,162.393854,100.836667
2025-06-21,43,3,192.119015,134.098265,63.2823
2025-06-21,44,3,176.347315,99.814767,21.927683
2025-06-21,45,3,137.766458,60.112656,-8.339583
2025-06-21,46,3,108.7729,0.122696,-62.966783
2025-06-21,47,3,123.825594,-21.158281,-116.303717
2025-06-21,48,3,154.184844,-0.416458,-156.844167
2025-06-21,49,3,105.831862,-49.473342,-195.452117
2025-06-21,50,3,16.872271,-118.099196,-213.46855
2025-06-21,51,3,-27.036354,-159.021042,-220.185
2025-06-21,52,3,-14.447698,-207.844633,-241.482933
2025-06-21,53,3,-42.880696,-203.7649,-229.762933
2025-06-21,54,3,-130.366667,-177.938177,-182.575833
2025-06-21,55,3,-166.420067,-214.059888,-160.175383
2025-06-21,56,3,-177.936404,-242.082444,-214.969967
2025-06-21,57,3,-181.527865,-245.9225,-328.285417
2025-06-21,58,3,-228.228317,-296.277075,-421.118233
2025-06-21,59,3,-281.636944,-322.463315,-449.526183
2025-06-21,60,3,-319.404531,-318.569479,-440.56625
2025-06-21,61,3,-252.844171,-356.485565,-460.630867
2025-06-21,62,3,-208.982931,-392.179863,-489.017133
2025-06-21,63,3,-286.418594,-427.702448,-516.512917
2025-06-21,64,3,-426.485221,-454.888294,-561.181233
2025-06-21,65,3,-372.540242,-469.934762,-612.926317
2025-06-21,66,3,-242.326302,-483.619844,-620.148333
2025-06-21,67,3,-219.915483,-510.563833,-560.160833
2025-06-21,68,3,-270.508756,-506.282556,-647.042517
2025-06-21,69,3,-326.598177,-496.019062,-807.410833
2025-06-21,70,3,-227.458377,-465.511758,-745.92895
2025-06-21,71,3,-223.266396,-444.239538,-658.892883
2025-06-21,72,3,-330.055677,-455.058021,-672.33875
2025-06-21,73,3,-356.7338,-455.802606,-718.120267
2025-06-21,74,3,-453.953252,-475.54995,-741.456717
2025-06-21,75,3,-556.603646,-505.831198,-742.40875
2025-06-21,76,3,-485.993646,-495.212198,-757.647217
2025-06-21,77,3,-434.038204,-474.739825,-771.688017
2025-06-21,78,3,-410.874896,-445.006823,-726.931667
2025-06-21,79,3,-234.44805,-399.028377,-597.157983
2025-06-21,80,3,-89.893154,-370.055183,-582.051283
2025-06-21,81,3,-64.464323,-371.424375,-625.26625
2025-06-21,82,3,-55.788902,-353.80761,-477.587133
2025-06-21,83,3,-61.915119,-335.862469,-358.2528
2025-06-21,84,3,-69.807604,-303.339531,-349.058333
2025-06-21,85,3,-124.666729,-304.285048,-315.651217
2025-06-21,86,3,-85.042379,-283.595458,-288.67765
2025-06-21,87,3,32.855,-226.382083,-288.457917
2025-06-21,88,3,75.342558,-173.877333,-289.5349
2025-06-21,89,3,89.916423,-140.866263,-299.466083
2025-06-21,90,3,89.012917,-123.628281,-300.130417
2025-06-21,91,3,88.647302,-92.219667,-256.820067
2025-06-21,92,3,94.568977,-76.272225,-204.788167
2025-06-21,93,3,136.475885,-60.0325,-155.933333
2025-06-21,94,3,227.291167,11.982644,-90.656283
2025-06-21,95,3,300.414896,80.177965,-27.328983
2025-06-21,96,3,301.159271,112.709688,27.005
2025-06-21,97,3,329.806629,161.471575,78.57155
2025-06-21,98,3,387.18096,181.72649,103.2043
2025-06-21,99,3,452.025104,193.520781,105.9075
2025-06-21,100,3,452.409833,253.751104,115.424033
2025-06-21,101,3,428.35726,268.684233,109.619683
2025-06-21,102,3,425.778698,248.260729,102.78125
2025-06-21,103,3,450.767165,303.433304,142.627433
2025-06-21,104,3,483.666185,348.874094,212.795
2025-06-21,105,3,548.925885,393.825,288.967917
2025-06-21,106,3,596.012958,429.5228,353.470167
2025-06-21,107,3,561.015987,438.006302,382.320917
2025-06-21,108,3,526.006823,443.705104,385.901667
2025-06-21,109,3,536.485656,475.692465,402.359033
2025-06-21,110,3,572.558838,517.519806,436.62475
2025-06-21,111,3,603.813333,564.343698,481.681667
2025-06-21,112,3,658.752342,603.356773,530.129167
2025-06-21,113,3,699.101927,622.718569,585.454683
2025-06-21,114,3,736.271667,645.276667,640.82625
2025-06-21,115,3,693.443833,632.425383,667.4907
2025-06-21,116,3,707.159035,650.201771,617.246917
2025-06-21,117,3,734.83625,646.872292,548.913333
2025-06-21,118,3,715.576465,635.818171,582.087567
2025-06-21,119,3,708.329148,623.593754,581.73875
2025-06-21,120,3,763.501042,642.73,531.603333
2025-06-21,121,3,747.133227,661.378458,558.039433
2025-06-21,122,3,738.35359,660.644942,620.864733
2025-06-21,123,3,753.326042,655.208125,660.021667
2025-06-21,124,3,729.635885,659.109888,646.97075
2025-06-21,125,3,723.339077,660.23229,585.61195
2025-06-21,126,3,701.622708,637.65375,526.72
2025-06-21,127,3,668.107604,638.869654,535.7851
2025-06-21,128,3,656.960308,638.071673,581.51715
2025-06-21,129,3,698.904167,650.652083,618.915
2025-06-21,130,3,705.814758,657.181454,619.241283
2025-06-21,131,3,635.804004,602.737456,576.779467
2025-06-21,132,3,556.244167,519.457083,528.28
2025-06-21,133,3,556.17709,505.01519,526.873733
2025-06-21,134,3,579.261971,518.987221,544.741083
2025-06-21,135,3,582.6575,525.190208,552.865
2025-06-21,136,3,572.070254,542.041606,546.83985
2025-06-21,137,3,596.339154,548.249821,541.7929
2025-06-21,138,3,606.380417,539.812917,531.731667
2025-06-21,139,3,587.658988,525.914721,499.822717
2025-06-21,140,3,566.4412,520.896252,486.82905
2025-06-21,141,3,608.093333,522.593333,498.216667
2025-06-21,142,3,668.737298,531.621104,504.095167
2025-06-21,143,3,710.438202,579.486329,532.219017
2025-06-21,0,4,592.261667,505.488542,538.491667
2025-06-21,1,4,614.341231,516.502458,514.663967
2025-06-21,2,4,611.309444,529.039244,533.34865
2025-06-21,3,4,567.86,524.067292,566.91
2025-06-21,4,4,581.127183,518.363121,510.587683
2025-06-21,5,4,595.726558,531.699044,470.042867
2025-06-21,6,4,558.311042,517.23875,480.563333
2025-06-21,7,4,604.695396,520.40089,478.329933
2025-06-21,8,4,579.105533,503.010546,497.638117
2025-06-21,9,4,533.5675,503.993333,527.363333
2025-06-21,10,4,567.872908,507.713885,510.807617
2025-06-21,11,4,591.583029,502.601729,492.340983
2025-06-21,12,4,546.1175,494.539167,499.103333
2025-06-21,13,4,535.496946,507.873619,512.0669
2025-06-21,14,4,535.06976,501.223329,502.183583
2025-06-21,15,4,567.706458,502.244375,473.125
2025-06-21,16,4,583.425196,509.491827,458.319983
2025-06-21,17,4,523.634019,506.800487,470.09745
2025-06-21,18,4,458.05625,480.66625,489.373333
2025-06-21,19,4,516.564923,492.158373,486.698033
2025-06-21,20,4,533.937317,503.041062,491.8388
2025-06-21,21,4,488.515208,497.986875,496.251667
2025-06-21,22,4,513.989402,499.531262,463.3803
2025-06-21,23,4,536.715473,504.001292,454.71765
2025-06-21,24,4,533.643958,509.207083,477.031667
2025-06-21,25,4,474.483137,502.646342,474.281983
2025-06-21,26,4,447.033115,485.079062,458.1585
2025-06-21,27,4,487.077917,483.75625,446.218333
2025-06-21,28,4,513.076819,488.320533,442.953283
2025-06-21,29,4,546.87266,496.743954,450.38675
2025-06-21,30,4,550.983333,487.171458,454.174167
2025-06-21,31,4,479.54961,475.91405,424.658717
2025-06-21,32,4,434.733958,446.235808,390.48345
2025-06-21,33,4,433.501667,412.097135,370.845833
2025-06-21,34,4,388.448202,379.765667,359.578
2025-06-21,35,4,335.817248,358.682656,337.034917
2025-06-21,36,4,331.594896,353.143906,308.49
2025-06-21,37,4,333.340544,322.82384,291.9625
2025-06-21,38,4,319.78306,287.628329,246.471367
2025-06-21,39,4,267.043385,248.6175,166.35125
2025-06-21,40,4,202.437698,196.847656,97.385183
2025-06-21,41,4,179.775156,173.546017,86.2121
2025-06-21,42,4,182.823333,162.393854,100.836667
2025-06-21,43,4,164.748833,134.098265,63.2823
2025-06-21,44,4,112.609456,99.814767,21.927683
2025-06-21,45,4,47.717813,60.112656,-8.339583
2025-06-21,46,4,43.109779,0.122696,-62.966783
2025-06-21,47,4,127.362158,-21.158281,-116.303717
2025-06-21,48,4,203.544375,-0.416458,-156.844167
2025-06-21,49,4,52.970252,-49.473342,-195.452117
2025-06-21,50,4,-76.246629,-118.099196,-213.46855
2025-06-21,51,4,-59.385208,-159.021042,-220.185
2025-06-21,52,4,-51.346894,-207.844633,-241.482933
2025-06-21,53,4,-22.65015,-203.7649,-229.762933
2025-06-21,54,4,36.707969,-177.938177,-182.575833
2025-06-21,55,4,11.497135,-214.059888,-160.175383
2025-06-21,56,4,-18.856677,-242.082444,-214.969967
2025-06-21,57,4,-39.86401,-245.9225,-328.285417
2025-06-21,58,4,-122.02461,-296.277075,-421.118233
2025-06-21,59,4,-163.440454,-322.463315,-449.526183
2025-06-21,60,4,-193.08526,-318.569479,-440.56625
2025-06-21,61,4,-262.183358,-356.485565,-460.630867
2025-06-21,62,4,-355.884327,-392.179863,-489.017133
2025-06-21,63,4,-419.37526,-427.702448,-516.512917
2025-06-21,64,4,-447.940763,-454.888294,-561.181233
2025-06-21,65,4,-415.067075,-469.934762,-612.926317
2025-06-21,66,4,-367.405937,-483.619844,-620.148333
2025-06-21,67,4,-345.211373,-510.563833,-560.160833
2025-06-21,68,4,-272.393052,-506.282556,-647.042517
2025-06-21,69,4,-198.739323,-496.019062,-807.410833
2025-06-21,70,4,-210.211423,-465.511758,-745.92895
2025-06-21,71,4,-227.820677,-444.239538,-658.892883
2025-06-21,72,4,-274.483385,-455.058021,-672.33875
2025-06-21,73,4,-320.167406,-455.802606,-718.120267
2025-06-21,74,4,-307.302958,-475.54995,-741.456717
2025-06-21,75,4,-267.502083,-505.831198,-742.40875
2025-06-21,76,4,-292.52461,-495.212198,-757.647217
2025-06-21,77,4,-299.81549,-474.739825,-771.688017
2025-06-21,78,4,-266.85625,-445.006823,-726.931667
2025-06-21,79,4,-237.444542,-399.028377,-597.157983
2025-06-21,80,4,-244.677019,-370.055183,-582.051283
2025-06-21,81,4,-279.595729,-371.424375,-625.26625
2025-06-21,82,4,-214.818883,-353.80761,-477.587133
2025-06-21,83,4,-168.739227,-335.862469,-358.2528
2025-06-21,84,4,-120.287656,-303.339531,-349.058333
2025-06-21,85,4,-37.49881,-304.285048,-315.651217
2025-06-21,86,4,-13.880152,-283.595458,-288.67765
2025-06-21,87,4,-71.324271,-226.382083,-288.457917
2025-06-21,88,4,-48.392348,-173.877333,-289.5349
2025-06-21,89,4,40.125108,-140.866263,-299.466083
2025-06-21,90,4,107.835521,-123.628281,-300.130417
2025-06-21,91,4,132.316567,-92.219667,-256.820067
2025-06-21,92,4,142.737194,-76.272225,-204.788167
2025-06-21,93,4,161.252344,-60.0325,-155.933333
2025-06-21,94,4,187.97665,11.982644,-90.656283
2025-06-21,95,4,280.171594,80.177965,-27.328983
2025-06-21,96,4,376.073958,112.709688,27.005
2025-06-21,97,4,407.070917,161.471575,78.57155
2025-06-21,98,4,378.065258,181.72649,103.2043
2025-06-21,99,4,364.235938,193.520781,105.9075
2025-06-21,100,4,446.791592,253.751104,115.424033
2025-06-21,101,4,462.319896,268.684233,109.619683
2025-06-21,102,4,410.148542,248.260729,102.78125
2025-06-21,103,4,466.97869,303.433304,142.627433
2025-06-21,104,4,518.349394,348.874094,212.795
2025-06-21,105,4,540.697917,393.825,288.967917
2025-06-21,106,4,543.272354,429.5228,353.470167
2025-06-21,107,4,517.1735,438.006302,382.320917
2025-06-21,108,4,492.168802,443.705104,385.901667
2025-06-21,109,4,496.216756,475.692465,402.359033
2025-06-21,110,4,569.576631,517.519806,436.62475
2025-06-21,111,4,650.377083,564.343698,481.681667
2025-06-21,112,4,692.146417,603.356773,530.129167
2025-06-21,113,4,669.414681,622.718569,585.454683
2025-06-21,114,4,679.359792,645.276667,640.82625
2025-06-21,115,4,707.093867,632.425383,667.4907
2025-06-21,116,4,724.351142,650.201771,617.246917
2025-06-21,117,4,678.004792,646.872292,548.913333
2025-06-21,118,4,678.712994,635.818171,582.087567
2025-06-21,119,4,689.892654,623.593754,581.73875
2025-06-21,120,4,704.312292,642.73,531.603333
2025-06-21,121,4,695.620306,661.378458,558.039433
2025-06-21,122,4,706.978877,660.644942,620.864733
2025-06-21,123,4,736.988125,655.208125,660.021667
2025-06-21,124,4,724.295733,659.109888,646.97075
2025-06-21,125,4,725.019429,660.23229,585.61195
2025-06-21,126,4,739.57125,637.65375,526.72
2025-06-21,127,4,741.195873,638.869654,535.7851
2025-06-21,128,4,702.525654,638.071673,581.51715
2025-06-21,129,4,679.027292,650.652083,618.915
2025-06-21,130,4,699.226685,657.181454,619.241283
2025-06-21,131,4,703.063646,602.737456,576.779467
2025-06-21,132,4,649.02375,519.457083,528.28
2025-06-21,133,4,593.466894,505.01519,526.873733
2025-06-21,134,4,548.942785,518.987221,544.741083
2025-06-21,135,4,542.014583,525.190208,552.865
2025-06-21,136,4,625.194767,542.041606,546.83985
2025-06-21,137,4,631.353787,548.249821,541.7929
2025-06-21,138,4,589.62375,539.812917,531.731667
2025-06-21,139,4,621.562296,525.914721,499.822717
2025-06-21,140,4,623.7043,520.896252,486.82905
2025-06-21,141,4,594.53875,522.593333,498.216667
2025-06-21,142,4,580.505373,531.621104,504.095167
2025-06-21,143,4,642.963335,579.486329,532.219017
2025-06-21,0,5,597.847292,505.488542,538.491667
2025-06-21,1,5,607.894298,516.502458,514.663967
2025-06-21,2,5,620.856771,529.039244,533.34865
2025-06-21,3,5,621.605833,524.067292,566.91
2025-06-21,4,5,596.607142,518.363121,510.587683
2025-06-21,5,5,591.689512,531.699044,470.042867
2025-06-21,6,5,578.597292,517.23875,480.563333
2025-06-21,7,5,590.094994,520.40089,478.329933
2025-06-21,8,5,595.235577,503.010546,497.638117
2025-06-21,9,5,626.631667,503.993333,527.363333
2025-06-21,10,5,567.70649,507.713885,510.807617
2025-06-21,11,5,531.429144,502.601729,492.340983
2025-06-21,12,5,562.168958,494.539167,499.103333
2025-06-21,13,5,610.718452,507.873619,512.0669
2025-06-21,14,5,565.347737,501.223329,502.183583
2025-06-21,15,5,505.608333,502.244375,473.125
2025-06-21,16,5,534.401883,509.491827,458.319983
2025-06-21,17,5,532.842577,506.800487,470.09745
2025-06-21,18,5,456.649583,480.66625,489.373333
2025-06-21,19,5,474.737917,492.158373,486.698033
2025-06-21,20,5,495.4931,503.041062,491.8388
2025-06-21,21,5,488.925208,497.986875,496.251667
2025-06-21,22,5,494.102792,499.531262,463.3803
2025-06-21,23,5,497.652971,504.001292,454.71765
2025-06-21,24,5,494.080417,509.207083,477.031667
2025-06-21,25,5,495.450973,502.646342,474.281983
2025-06-21,26,5,499.00024,485.079062,458.1585
2025-06-21,27,5,498.315208,483.75625,446.218333
2025-06-21,28,5,506.676177,488.320533,442.953283
2025-06-21,29,5,513.832035,496.743954,450.38675
2025-06-21,30,5,506.842292,487.171458,454.174167
2025-06-21,31,5,489.204169,475.91405,424.658717
2025-06-21,32,5,447.57504,446.235808,390.48345
2025-06-21,33,5,388.25125,412.097135,370.845833
2025-06-21,34,5,343.088754,379.765667,359.578
2025-06-21,35,5,357.867962,358.682656,337.034917
2025-06-21,36,5,376.007448,353.143906,308.49
2025-06-21,37,5,363.421975,322.82384,291.9625
2025-06-21,38,5,351.642521,287.628329,246.471367
2025-06-21,39,5,345.320365,248.6175,166.35125
2025-06-21,40,5,288.367233,196.847656,97.385183
2025-06-21,41,5,246.466304,173.546017,86.2121
2025-06-21,42,5,247.317917,162.393854,100.836667
2025-06-21,43,5,240.332546,134.098265,63.2823
2025-06-21,44,5,208.25496,99.814767,21.927683
2025-06-21,45,5,181.74901,60.112656,-8.339583
2025-06-21,46,5,145.71399,0.122696,-62.966783
2025-06-21,47,5,132.845635,-21.158281,-116.303717
2025-06-21,48,5,151.908594,-0.416458,-156.844167
2025-06-21,49,5,109.064102,-49.473342,-195.452117
2025-06-21,50,5,44.801056,-118.099196,-213.46855
2025-06-21,51,5,-12.001875,-159.021042,-220.185
2025-06-21,52,5,-50.519296,-207.844633,-241.482933
2025-06-21,53,5,-29.497431,-203.7649,-229.762933
2025-06-21,54,5,45.316354,-177.938177,-182.575833
2025-06-21,55,5,56.693944,-214.059888,-160.175383
2025-06-21,56,5,107.759679,-242.082444,-214.969967
2025-06-21,57,5,147.175625,-245.9225,-328.285417
2025-06-21,58,5,-12.60559,-296.277075,-421.118233
2025-06-21,59,5,-85.489537,-322.463315,-449.526183
2025-06-21,60,5,-22.907865,-318.569479,-440.56625
2025-06-21,61,5,-60.330081,-356.485565,-460.630867
2025-06-21,62,5,-102.970215,-392.179863,-489.017133
2025-06-21,63,5,-140.227656,-427.702448,-516.512917
2025-06-21,64,5,-219.349548,-454.888294,-561.181233
2025-06-21,65,5,-308.3708,-469.934762,-612.926317
2025-06-21,66,5,-399.931458,-483.619844,-620.148333
2025-06-21,67,5,-459.475846,-510.563833,-560.160833
2025-06-21,68,5,-438.914046,-506.282556,-647.042517
2025-06-21,69,5,-385.741042,-496.019062,-807.410833
2025-06-21,70,5,-316.217362,-465.511758,-745.92895
2025-06-21,71,5,-343.773612,-444.239538,-658.892883
2025-06-21,72,5,-415.715729,-455.058021,-672.33875
2025-06-21,73,5,-325.764925,-455.802606,-718.120267
2025-06-21,74,5,-279.864746,-475.54995,-741.456717
2025-06-21,75,5,-332.045573,-505.831198,-742.40875
2025-06-21,76,5,-242.43726,-495.212198,-757.647217
2025-06-21,77,5,-85.174779,-474.739825,-771.688017
2025-06-21,78,5,3.813594,-445.006823,-726.931667
2025-06-21,79,5,-33.259019,-399.028377,-597.157983
2025-06-21,80,5,-25.915035,-370.055183,-582.051283
2025-06-21,81,5,33.373021,-371.424375,-625.26625
2025-06-21,82,5,68.347129,-353.80761,-477.587133
2025-06-21,83,5,94.224777,-335.862469,-358.2528
2025-06-21,84,5,117.276771,-303.339531,-349.058333
2025-06-21,85,5,137.01179,-304.285048,-315.651217
2025-06-21,86,5,64.350948,-283.595458,-288.67765
2025-06-21,87,5,4.153021,-226.382083,-288.457917
2025-06-21,88,5,59.815375,-173.877333,-289.5349
2025-06-21,89,5,108.277337,-140.866263,-299.466083
2025-06-21,90,5,136.963698,-123.628281,-300.130417
2025-06-21,91,5,207.474329,-92.219667,-256.820067
2025-06-21,92,5,238.23469,-76.272225,-204.788167
2025-06-21,93,5,222.192708,-60.0325,-155.933333
2025-06-21,94,5,260.260325,11.982644,-90.656283
2025-06-21,95,5,289.239912,80.177965,-27.328983
2025-06-21,96,5,277.477083,112.709688,27.005
2025-06-21,97,5,322.044504,161.471575,78.57155
2025-06-21,98,5,363.735352,181.72649,103.2043
2025-06-21,99,5,407.694479,193.520781,105.9075
2025-06-21,100,5,461.013173,253.751104,115.424033
2025-06-21,101,5,429.650785,268.684233,109.619683
2025-06-21,102,5,386.226719,248.260729,102.78125
2025-06-21,103,5,478.308221,303.433304,142.627433
2025-06-21,104,5,520.233329,348.874094,212.795
2025-06-21,105,5,515.356406,393.825,288.967917
2025-06-21,106,5,508.964733,429.5228,353.470167
2025-06-21,107,5,510.237083,438.006302,382.320917
2025-06-21,108,5,532.40401,443.705104,385.901667
2025-06-21,109,5,546.003175,475.692465,402.359033
2025-06-21,110,5,571.516587,517.519806,436.62475
2025-06-21,111,5,618.011562,564.343698,481.681667
2025-06-21,112,5,656.415265,603.356773,530.129167
2025-06-21,113,5,692.835146,622.718569,585.454683
2025-06-21,114,5,733.328958,645.276667,640.82625
2025-06-21,115,5,729.268125,632.425383,667.4907
2025-06-21,116,5,746.486713,650.201771,617.246917
2025-06-21,117,5,716.3525,646.872292,548.913333
2025-06-21,118,5,687.179069,635.818171,582.087567
2025-06-21,119,5,668.637433,623.593754,581.73875
2025-06-21,120,5,665.080208,642.73,531.603333
2025-06-21,121,5,706.623285,661.378458,558.039433
2025-06-21,122,5,712.515667,660.644942,620.864733
2025-06-21,123,5,701.738125,655.208125,660.021667
2025-06-21,124,5,737.817588,659.109888,646.97075
2025-06-21,125,5,732.020958,660.23229,585.61195
2025-06-21,126,5,663.412917,637.65375,526.72
2025-06-21,127,5,688.324388,638.869654,535.7851
2025-06-21,128,5,724.110138,638.071673,581.51715
2025-06-21,129,5,739.742708,650.652083,618.915
2025-06-21,130,5,728.884473,657.181454,619.241283
2025-06-21,131,5,669.703994,602.737456,576.779467
2025-06-21,132,5,587.132292,519.457083,528.28
2025-06-21,133,5,564.629927,505.01519,526.873733
2025-06-21,134,5,608.612454,518.987221,544.741083
2025-06-21,135,5,633.616458,525.190208,552.865
2025-06-21,136,5,644.843567,542.041606,546.83985
2025-06-21,137,5,607.797479,548.249821,541.7929
2025-06-21,138,5,548.600625,539.812917,531.731667
2025-06-21,139,5,583.453165,525.914721,499.822717
2025-06-21,140,5,614.3878,520.896252,486.82905
2025-06-21,141,5,589.61625,522.593333,498.216667
2025-06-21,142,5,560.245029,531.621104,504.095167
2025-06-21,143,5,601.316106,579.486329,532.219017
2025-06-21,0,6,559.703125,505.488542,538.491667
2025-06-21,1,6,571.991294,516.502458,514.663967
2025-06-21,2,6,587.894529,529.039244,533.34865
2025-06-21,3,6,614.879167,524.067292,566.91
2025-06-21,4,6,648.825108,518.363121,510.587683
2025-06-21,5,6,613.619252,531.699044,470.042867
2025-06-21,6,6,520.500208,517.23875,480.563333
2025-06-21,7,6,566.502077,520.40089,478.329933
2025-06-21,8,6,565.822481,503.010546,497.638117
2025-06-21,9,6,538.181458,503.993333,527.363333
2025-06-21,10,6,535.572771,507.713885,510.807617
2025-06-21,11,6,540.267317,502.601729,492.340983
2025-06-21,12,6,515.300208,494.539167,499.103333
2025-06-21,13,6,510.15895,507.873619,512.0669
2025-06-21,14,6,537.849221,501.223329,502.183583
2025-06-21,15,6,585.809583,502.244375,473.125
2025-06-21,16,6,512.129638,509.491827,458.319983
2025-06-21,17,6,491.12831,506.800487,470.09745
2025-06-21,18,6,537.737708,480.66625,489.373333
2025-06-21,19,6,540.712019,492.158373,486.698033
2025-06-21,20,6,542.184427,503.041062,491.8388
2025-06-21,21,6,567.11375,497.986875,496.251667
2025-06-21,22,6,567.725919,499.531262,463.3803
2025-06-21,23,6,546.657554,504.001292,454.71765
2025-06-21,24,6,531.364375,509.207083,477.031667
2025-06-21,25,6,511.495081,502.646342,474.281983
2025-06-21,26,6,481.041094,485.079062,458.1585
2025-06-21,27,6,470.289583,483.75625,446.218333
2025-06-21,28,6,479.925371,488.320533,442.953283
2025-06-21,29,6,487.717648,496.743954,450.38675
2025-06-21,30,6,468.458333,487.171458,454.174167
2025-06-21,31,6,455.175977,475.91405,424.658717
2025-06-21,32,6,425.053127,446.235808,390.48345
2025-06-21,33,6,380.328021,412.097135,370.845833
2025-06-21,34,6,339.090306,379.765667,359.578
2025-06-21,35,6,367.364267,358.682656,337.034917
2025-06-21,36,6,414.892604,353.143906,308.49
2025-06-21,37,6,351.835648,322.82384,291.9625
2025-06-21,38,6,273.901612,287.628329,246.471367
2025-06-21,39,6,251.044896,248.6175,166.35125
2025-06-21,40,6,249.574371,196.847656,97.385183
2025-06-21,41,6,210.475702,173.546017,86.2121
2025-06-21,42,6,144.705573,162.393854,100.836667
2025-06-21,43,6,130.781635,134.098265,63.2823
2025-06-21,44,6,145.532154,99.814767,21.927683
2025-06-21,45,6,125.697812,60.112656,-8.339583
2025-06-21,46,6,17.382002,0.122696,-62.966783
2025-06-21,47,6,-21.203271,-21.158281,-116.303717
2025-06-21,48,6,55.437448,-0.416458,-156.844167
2025-06-21,49,6,79.847342,-49.473342,-195.452117
2025-06-21,50,6,4.283156,-118.099196,-213.46855
2025-06-21,51,6,-75.035417,-159.021042,-220.185
2025-06-21,52,6,-99.533115,-207.844633,-241.482933
2025-06-21,53,6,-72.747467,-203.7649,-229.762933
2025-06-21,54,6,-51.612396,-177.938177,-182.575833
2025-06-21,55,6,-54.557498,-214.059888,-160.175383
2025-06-21,56,6,-67.354421,-242.082444,-214.969967
2025-06-21,57,6,-71.990417,-245.9225,-328.285417
2025-06-21,58,6,-215.56615,-296.277075,-421.118233
2025-06-21,59,6,-245.663729,-322.463315,-449.526183
2025-06-21,60,6,-217.88026,-318.569479,-440.56625
2025-06-21,61,6,-318.169758,-356.485565,-460.630867
2025-06-21,62,6,-327.055783,-392.179863,-489.017133
2025-06-21,63,6,-280.031198,-427.702448,-516.512917
2025-06-21,64,6,-316.887604,-454.888294,-561.181233
2025-06-21,65,6,-367.461823,-469.934762,-612.926317
2025-06-21,66,6,-399.021771,-483.619844,-620.148333
2025-06-21,67,6,-444.093727,-510.563833,-560.160833
2025-06-21,68,6,-429.5489,-506.282556,-647.042517
2025-06-21,69,6,-347.660521,-496.019062,-807.410833
2025-06-21,70,6,-264.018327,-465.511758,-745.92895
2025-06-21,71,6,-226.540581,-444.239538,-658.892883
2025-06-21,72,6,-222.636198,-455.058021,-672.33875
2025-06-21,73,6,-240.920752,-455.802606,-718.120267
2025-06-21,74,6,-287.92499,-475.54995,-741.456717
2025-06-21,75,6,-359.127708,-505.831198,-742.40875
2025-06-21,76,6,-301.211777,-495.212198,-757.647217
2025-06-21,77,6,-209.880985,-474.739825,-771.688017
2025-06-21,78,6,-140.717552,-445.006823,-726.931667
2025-06-21,79,6,-101.91919,-399.028377,-597.157983
2025-06-21,80,6,-42.666781,-370.055183,-582.051283
2025-06-21,81,6,-7.703125,-371.424375,-625.26625
2025-06-21,82,6,-11.783542,-353.80761,-477.587133
2025-06-21,83,6,-7.778575,-335.862469,-358.2528
2025-06-21,84,6,2.162865,-303.339531,-349.058333
2025-06-21,85,6,-42.272035,-304.285048,-315.651217
2025-06-21,86,6,-49.365687,-283.595458,-288.67765
2025-06-21,87,6,42.261562,-226.382083,-288.457917
2025-06-21,88,6,190.869288,-173.877333,-289.5349
2025-06-21,89,6,204.675779,-140.866263,-299.466083
2025-06-21,90,6,131.739323,-123.628281,-300.130417
2025-06-21,91,6,163.502671,-92.219667,-256.820067
2025-06-21,92,6,180.951706,-76.272225,-204.788167
2025-06-21,93,6,170.724635,-60.0325,-155.933333
2025-06-21,94,6,248.982167,11.982644,-90.656283
2025-06-21,95,6,285.626556,80.177965,-27.328983
2025-06-21,96,6,268.006771,112.709688,27.005
2025-06-21,97,6,350.668329,161.471575,78.57155
2025-06-21,98,6,327.203113,181.72649,103.2043
2025-06-21,99,6,241.277448,193.520781,105.9075
2025-06-21,100,6,358.073625,253.751104,115.424033
2025-06-21,101,6,418.495975,268.684233,109.619683
2025-06-21,102,6,365.382344,248.260729,102.78125
2025-06-21,103,6,421.94956,303.433304,142.627433
2025-06-21,104,6,473.075244,348.874094,212.795
2025-06-21,105,6,507.985938,393.825,288.967917
2025-06-21,106,6,541.757025,429.5228,353.470167
2025-06-21,107,6,540.930048,438.006302,382.320917
2025-06-21,108,6,532.612187,443.705104,385.901667
2025-06-21,109,6,575.172698,475.692465,402.359033
2025-06-21,110,6,600.134363,517.519806,436.62475
2025-06-21,111,6,618.354635,564.343698,481.681667
2025-06-21,112,6,649.24504,603.356773,530.129167
2025-06-21,113,6,683.825658,622.718569,585.454683
2025-06-21,114,6,719.177292,645.276667,640.82625
2025-06-21,115,6,698.833248,632.425383,667.4907
2025-06-21,116,6,697.125077,650.201771,617.246917
2025-06-21,117,6,702.504375,646.872292,548.913333
2025-06-21,118,6,683.485385,635.818171,582.087567
2025-06-21,119,6,673.284529,623.593754,581.73875
2025-06-21,120,6,709.568958,642.73,531.603333
2025-06-21,121,6,743.508844,661.378458,558.039433
2025-06-21,122,6,713.169627,660.644942,620.864733
2025-06-21,123,6,675.4025,655.208125,660.021667
2025-06-21,124,6,720.292092,659.109888,646.97075
2025-06-21,125,6,758.661233,660.23229,585.61195
2025-06-21,126,6,715.628125,637.65375,526.72
2025-06-21,127,6,688.155485,638.869654,535.7851
2025-06-21,128,6,700.478394,638.071673,581.51715
2025-06-21,129,6,741.184583,650.652083,618.915
2025-06-21,130,6,715.90474,657.181454,619.241283
2025-06-21,131,6,655.339435,602.737456,576.779467
2025-06-21,132,6,568.255208,519.457083,528.28
2025-06-21,133,6,516.605267,505.01519,526.873733
2025-06-21,134,6,551.253912,518.987221,544.741083
2025-06-21,135,6,621.517917,525.190208,552.865
2025-06-21,136,6,596.07746,542.041606,546.83985
2025-06-21,137,6,596.34379,548.249821,541.7929
2025-06-21,138,6,605.252708,539.812917,531.731667
2025-06-21,139,6,583.409192,525.914721,499.822717
2025-06-21,140,6,566.755923,520.896252,486.82905
2025-06-21,141,6,599.12875,522.593333,498.216667
2025-06-21,142,6,655.174412,531.621104,504.095167
2025-06-21,143,6,663.798096,579.486329,532.219017
2025-06-21,0,7,496.043333,505.488542,538.491667
2025-06-21,1,7,520.26185,516.502458,514.663967
2025-06-21,2,7,550.027319,529.039244,533.34865
2025-06-21,3,7,522.938542,524.067292,566.91
2025-06-21,4,7,501.081017,518.363121,510.587683
2025-06-21,5,7,519.583321,531.699044,470.042867
2025-06-21,6,7,511.340833,517.23875,480.563333
2025-06-21,7,7,498.113271,520.40089,478.329933
2025-06-21,8,7,480.483327,503.010546,497.638117
2025-06-21,9,7,516.058542,503.993333,527.363333
2025-06-21,10,7,542.093665,507.713885,510.807617
2025-06-21,11,7,535.787079,502.601729,492.340983
2025-06-21,12,7,504.225208,494.539167,499.103333
2025-06-21,13,7,503.822417,507.873619,512.0669
2025-06-21,14,7,473.974669,501.223329,502.183583
2025-06-21,15,7,478.654375,502.244375,473.125
2025-06-21,16,7,496.635085,509.491827,458.319983
2025-06-21,17,7,503.890406,506.800487,470.09745
2025-06-21,18,7,487.362708,480.66625,489.373333
2025-06-21,19,7,501.380219,492.158373,486.698033
2025-06-21,20,7,485.315692,503.041062,491.8388
2025-06-21,21,7,433.254167,497.986875,496.251667
2025-06-21,22,7,458.025306,499.531262,463.3803
2025-06-21,23,7,481.596056,504.001292,454.71765
2025-06-21,24,7,474.833125,509.207083,477.031667
2025-06-21,25,7,457.924542,502.646342,474.281983
2025-06-21,26,7,456.812429,485.079062,458.1585
2025-06-21,27,7,468.789167,483.75625,446.218333
2025-06-21,28,7,464.364408,488.320533,442.953283
2025-06-21,29,7,471.232858,496.743954,450.38675
2025-06-21,30,7,465.807917,487.171458,454.174167
2025-06-21,31,7,443.013985,475.91405,424.658717
2025-06-21,32,7,393.532294,446.235808,390.48345
2025-06-21,33,7,364.538281,412.097135,370.845833
2025-06-21,34,7,374.64759,379.765667,359.578
2025-06-21,35,7,340.627752,358.682656,337.034917
2025-06-21,36,7,277.885573,353.143906,308.49
2025-06-21,37,7,216.529208,322.82384,291.9625
2025-06-21,38,7,211.170779,287.628329,246.471367
2025-06-21,39,7,222.596979,248.6175,166.35125
2025-06-21,40,7,168.169735,196.847656,97.385183
2025-06-21,41,7,165.75944,173.546017,86.2121
2025-06-21,42,7,205.347448,162.393854,100.836667
2025-06-21,43,7,182.487758,134.098265,63.2823
2025-06-21,44,7,144.099696,99.814767,21.927683
2025-06-21,45,7,131.89375,60.112656,-8.339583
2025-06-21,46,7,38.447406,0.122696,-62.966783
2025-06-21,47,7,2.761442,-21.158281,-116.303717
2025-06-21,48,7,40.68776,-0.416458,-156.844167
2025-06-21,49,7,57.448477,-49.473342,-195.452117
2025-06-21,50,7,15.60945,-118.099196,-213.46855
2025-06-21,51,7,-56.90849,-159.021042,-220.185
2025-06-21,52,7,-105.380621,-207.844633,-241.482933
2025-06-21,53,7,-86.865177,-203.7649,-229.762933
2025-06-21,54,7,-6.487188,-177.938177,-182.575833
2025-06-21,55,7,16.526156,-214.059888,-160.175383
2025-06-21,56,7,-11.636227,-242.082444,-214.969967
2025-06-21,57,7,-61.578906,-245.9225,-328.285417
2025-06-21,58,7,-105.343433,-296.277075,-421.118233
2025-06-21,59,7,-128.873504,-322.463315,-449.526183
2025-06-21,60,7,-136.804167,-318.569479,-440.56625
2025-06-21,61,7,-161.785873,-356.485565,-460.630867
2025-06-21,62,7,-142.116425,-392.179863,-489.017133
2025-06-21,63,7,-150.769427,-427.702448,-516.512917
2025-06-21,64,7,-191.766048,-454.888294,-561.181233
2025-06-21,65,7,-272.931462,-469.934762,-612.926317
2025-06-21,66,7,-359.548802,-483.619844,-620.148333
2025-06-21,67,7,-373.492154,-510.563833,-560.160833
2025-06-21,68,7,-331.129392,-506.282556,-647.042517
2025-06-21,69,7,-324.665729,-496.019062,-807.410833
2025-06-21,70,7,-376.856637,-465.511758,-745.92895
2025-06-21,71,7,-331.824542,-444.239538,-658.892883
2025-06-21,72,7,-242.339479,-455.058021,-672.33875
2025-06-21,73,7,-274.053556,-455.802606,-718.120267
2025-06-21,74,7,-330.380835,-475.54995,-741.456717
2025-06-21,75,7,-353.205937,-505.831198,-742.40875
2025-06-21,76,7,-386.825602,-495.212198,-757.647217
2025-06-21,77,7,-395.493085,-474.739825,-771.688017
2025-06-21,78,7,-456.900208,-445.006823,-726.931667
2025-06-21,79,7,-507.628792,-399.028377,-597.157983
2025-06-21,80,7,-400.482665,-370.055183,-582.051283
2025-06-21,81,7,-236.736667,-371.424375,-625.26625
2025-06-21,82,7,-178.87246,-353.80761,-477.587133
2025-06-21,83,7,-235.571837,-335.862469,-358.2528
2025-06-21,84,7,-281.181615,-303.339531,-349.058333
2025-06-21,85,7,-273.808033,-304.285048,-315.651217
2025-06-21,86,7,-246.039275,-283.595458,-288.67765
2025-06-21,87,7,-169.685625,-226.382083,-288.457917
2025-06-21,88,7,-72.001212,-173.877333,-289.5349
2025-06-21,89,7,-48.275363,-140.866263,-299.466083
2025-06-21,90,7,-53.593802,-123.628281,-300.130417
2025-06-21,91,7,18.108035,-92.219667,-256.820067
2025-06-21,92,7,58.550933,-76.272225,-204.788167
2025-06-21,93,7,41.040313,-60.0325,-155.933333
2025-06-21,94,7,59.127504,11.982644,-90.656283
2025-06-21,95,7,111.519017,80.177965,-27.328983
2025-06-21,96,7,164.684271,112.709688,27.005
2025-06-21,97,7,199.508271,161.471575,78.57155
2025-06-21,98,7,205.745785,181.72649,103.2043
2025-06-21,99,7,248.738438,193.520781,105.9075
2025-06-21,100,7,305.852108,253.751104,115.424033
2025-06-21,101,7,298.439558,268.684233,109.619683
2025-06-21,102,7,254.305937,248.260729,102.78125
2025-06-21,103,7,305.577706,303.433304,142.627433
2025-06-21,104,7,371.547444,348.874094,212.795
2025-06-21,105,7,422.982448,393.825,288.967917
2025-06-21,106,7,430.282408,429.5228,353.470167
2025-06-21,107,7,428.336998,438.006302,382.320917
2025-06-21,108,7,423.994635,443.705104,385.901667
2025-06-21,109,7,458.638933,475.692465,402.359033
2025-06-21,110,7,494.60934,517.519806,436.62475
2025-06-21,111,7,549.837135,564.343698,481.681667
2025-06-21,112,7,576.877277,603.356773,530.129167
2025-06-21,113,7,608.865875,622.718569,585.454683
2025-06-21,114,7,646.884583,645.276667,640.82625
2025-06-21,115,7,630.845629,632.425383,667.4907
2025-06-21,116,7,663.382167,650.201771,617.246917
2025-06-21,117,7,673.351875,646.872292,548.913333
2025-06-21,118,7,652.514894,635.818171,582.087567
2025-06-21,119,7,638.927504,623.593754,581.73875
2025-06-21,120,7,670.883125,642.73,531.603333
2025-06-21,121,7,677.659027,661.378458,558.039433
2025-06-21,122,7,641.455669,660.644942,620.864733
2025-06-21,123,7,637.8925,655.208125,660.021667
2025-06-21,124,7,673.700633,659.109888,646.97075
2025-06-21,125,7,700.526937,660.23229,585.61195
2025-06-21,126,7,669.395625,637.65375,526.72
2025-06-21,127,7,595.663006,638.869654,535.7851
2025-06-21,128,7,577.1076,638.071673,581.51715
2025-06-21,129,7,621.848333,650.652083,618.915
2025-06-21,130,7,621.201377,657.181454,619.241283
2025-06-21,131,7,567.737563,602.737456,576.779467
2025-06-21,132,7,508.651667,519.457083,528.28
2025-06-21,133,7,518.012031,505.01519,526.873733
2025-06-21,134,7,548.31314,518.987221,544.741083
2025-06-21,135,7,564.475625,525.190208,552.865
2025-06-21,136,7,566.80014,542.041606,546.83985
2025-06-21,137,7,547.532294,548.249821,541.7929
2025-06-21,138,7,509.413125,539.812917,531.731667
2025-06-21,139,7,496.517296,525.914721,499.822717
2025-06-21,140,7,555.121287,520.896252,486.82905
2025-06-21,141,7,596.836875,522.593333,498.216667
2025-06-21,142,7,537.387212,531.621104,504.095167
2025-06-21,143,7,554.331523,579.486329,532.219017
2025-06-21,0,8,534.5225,505.488542,538.491667
2025-06-21,1,8,572.894708,516.502458,514.663967
2025-06-21,2,8,579.228748,529.039244,533.34865
2025-06-21,3,8,560.276458,524.067292,566.91
2025-06-21,4,8,547.111852,518.363121,510.587683
2025-06-21,5,8,556.387115,531.699044,470.042867
2025-06-21,6,8,562.998542,517.23875,480.563333
2025-06-21,7,8,557.873187,520.40089,478.329933
2025-06-21,8,8,501.801173,503.010546,497.638117
2025-06-21,9,8,493.222083,503.993333,527.363333
2025-06-21,10,8,508.793758,507.713885,510.807617
2025-06-21,11,8,489.045979,502.601729,492.340983
2025-06-21,12,8,453.229167,494.539167,499.103333
2025-06-21,13,8,521.958637,507.873619,512.0669
2025-06-21,14,8,514.258396,501.223329,502.183583
2025-06-21,15,8,482.074167,502.244375,473.125
2025-06-21,16,8,482.10834,509.491827,458.319983
2025-06-21,17,8,489.455665,506.800487,470.09745
2025-06-21,18,8,458.200625,480.66625,489.373333
2025-06-21,19,8,470.425152,492.158373,486.698033
2025-06-21,20,8,482.146454,503.041062,491.8388
2025-06-21,21,8,467.3225,497.986875,496.251667
2025-06-21,22,8,487.019694,499.531262,463.3803
2025-06-21,23,8,505.565858,504.001292,454.71765
2025-06-21,24,8,483.810208,509.207083,477.031667
2025-06-21,25,8,430.269375,502.646342,474.281983
2025-06-21,26,8,426.225183,485.079062,458.1585
2025-06-21,27,8,466.687083,483.75625,446.218333
2025-06-21,28,8,448.127808,488.320533,442.953283
2025-06-21,29,8,440.021404,496.743954,450.38675
2025-06-21,30,8,435.030417,487.171458,454.174167
2025-06-21,31,8,382.658781,475.91405,424.658717
2025-06-21,32,8,363.208623,446.235808,390.48345
2025-06-21,33,8,381.337708,412.097135,370.845833
2025-06-21,34,8,366.72256,379.765667,359.578
2025-06-21,35,8,306.791423,358.682656,337.034917
2025-06-21,36,8,267.340677,353.143906,308.49
2025-06-21,37,8,256.79964,322.82384,291.9625
2025-06-21,38,8,221.095106,287.628329,246.471367
2025-06-21,39,8,154.07599,248.6175,166.35125
2025-06-21,40,8,123.745748,196.847656,97.385183
2025-06-21,41,8,139.108648,173.546017,86.2121
2025-06-21,42,8,170.742813,162.393854,100.836667
2025-06-21,43,8,148.21665,134.098265,63.2823
2025-06-21,44,8,101.359721,99.814767,21.927683
2025-06-21,45,8,71.326771,60.112656,-8.339583
2025-06-21,46,8,52.387569,0.122696,-62.966783
2025-06-21,47,8,-23.18285,-21.158281,-116.303717
2025-06-21,48,8,-123.978698,-0.416458,-156.844167
2025-06-21,49,8,-163.700771,-49.473342,-195.452117
2025-06-21,50,8,-248.487458,-118.099196,-213.46855
2025-06-21,51,8,-358.275729,-159.021042,-220.185
2025-06-21,52,8,-364.303329,-207.844633,-241.482933
2025-06-21,53,8,-322.404142,-203.7649,-229.762933
2025-06-21,54,8,-283.870625,-177.938177,-182.575833
2025-06-21,55,8,-302.843233,-214.059888,-160.175383
2025-06-21,56,8,-289.239496,-242.082444,-214.969967
2025-06-21,57,8,-258.943281,-245.9225,-328.285417
2025-06-21,58,8,-329.936046,-296.277075,-421.118233
2025-06-21,59,8,-362.249781,-322.463315,-449.526183
2025-06-21,60,8,-293.866302,-318.569479,-440.56625
2025-06-21,61,8,-334.380515,-356.485565,-460.630867
2025-06-21,62,8,-438.741556,-392.179863,-489.017133
2025-06-21,63,8,-524.491615,-427.702448,-516.512917
2025-06-21,64,8,-486.925629,-454.888294,-561.181233
2025-06-21,65,8,-384.875608,-469.934762,-612.926317
2025-06-21,66,8,-304.397135,-483.619844,-620.148333
2025-06-21,67,8,-290.629071,-510.563833,-560.160833
2025-06-21,68,8,-342.244867,-506.282556,-647.042517
2025-06-21,69,8,-418.93125,-496.019062,-807.410833
2025-06-21,70,8,-367.750721,-465.511758,-745.92895
2025-06-21,71,8,-297.492271,-444.239538,-658.892883
2025-06-21,72,8,-272.535781,-455.058021,-672.33875
2025-06-21,73,8,-209.122173,-455.802606,-718.120267
2025-06-21,74,8,-243.024504,-475.54995,-741.456717
2025-06-21,75,8,-362.358281,-505.831198,-742.40875
2025-06-21,76,8,-427.262821,-495.212198,-757.647217
2025-06-21,77,8,-403.988433,-474.739825,-771.688017
2025-06-21,78,8,-363.979948,-445.006823,-726.931667
2025-06-21,79,8,-325.749135,-399.028377,-597.157983
2025-06-21,80,8,-314.783435,-370.055183,-582.051283
2025-06-21,81,8,-317.697813,-371.424375,-625.26625
2025-06-21,82,8,-265.955908,-353.80761,-477.587133
2025-06-21,83,8,-252.252813,-335.862469,-358.2528
2025-06-21,84,8,-262.23026,-303.339531,-349.058333
2025-06-21,85,8,-274.498067,-304.285048,-315.651217
2025-06-21,86,8,-250.048796,-283.595458,-288.67765
2025-06-21,87,8,-195.050365,-226.382083,-288.457917
2025-06-21,88,8,-175.656677,-173.877333,-289.5349
2025-06-21,89,8,-159.205606,-140.866263,-299.466083
2025-06-21,90,8,-108.571302,-123.628281,-300.130417
2025-06-21,91,8,-46.864338,-92.219667,-256.820067
2025-06-21,92,8,10.362767,-76.272225,-204.788167
2025-06-21,93,8,58.33026,-60.0325,-155.933333
2025-06-21,94,8,155.183821,11.982644,-90.656283
2025-06-21,95,8,188.014298,80.177965,-27.328983
2025-06-21,96,8,194.414167,112.709688,27.005
2025-06-21,97,8,270.412581,161.471575,78.57155
2025-06-21,98,8,268.548015,181.72649,103.2043
2025-06-21,99,8,243.049583,193.520781,105.9075
2025-06-21,100,8,299.376377,253.751104,115.424033
2025-06-21,101,8,286.600983,268.684233,109.619683
2025-06-21,102,8,221.779115,248.260729,102.78125
2025-06-21,103,8,301.801685,303.433304,142.627433
2025-06-21,104,8,362.945098,348.874094,212.795
2025-06-21,105,8,357.825365,393.825,288.967917
2025-06-21,106,8,374.524579,429.5228,353.470167
2025-06-21,107,8,424.568119,438.006302,382.320917
2025-06-21,108,8,459.809635,443.705104,385.901667
2025-06-21,109,8,493.407992,475.692465,402.359033
2025-06-21,110,8,503.202256,517.519806,436.62475
2025-06-21,111,8,533.469687,564.343698,481.681667
2025-06-21,112,8,566.370294,603.356773,530.129167
2025-06-21,113,8,606.872237,622.718569,585.454683
2025-06-21,114,8,650.610833,645.276667,640.82625
2025-06-21,115,8,655.406388,632.425383,667.4907
2025-06-21,116,8,670.527698,650.201771,617.246917
2025-06-21,117,8,626.410417,646.872292,548.913333
2025-06-21,118,8,590.137398,635.818171,582.087567
2025-06-21,119,8,582.594308,623.593754,581.73875
2025-06-21,120,8,616.061667,642.73,531.603333
2025-06-21,121,8,675.469056,661.378458,558.039433
2025-06-21,122,8,683.610881,660.644942,620.864733
2025-06-21,123,8,648.305208,655.208125,660.021667
2025-06-21,124,8,688.699415,659.109888,646.97075
2025-06-21,125,8,701.990283,660.23229,585.61195
2025-06-21,126,8,659.44625,637.65375,526.72
2025-06-21,127,8,615.62506,638.869654,535.7851
2025-06-21,128,8,574.923196,638.071673,581.51715
2025-06-21,129,8,575.917917,650.652083,618.915
2025-06-21,130,8,604.639998,657.181454,619.241283
2025-06-21,131,8,607.580052,602.737456,576.779467
2025-06-21,132,8,571.986458,519.457083,528.28
2025-06-21,133,8,563.373215,505.01519,526.873733
2025-06-21,134,8,560.77439,518.987221,544.741083
2025-06-21,135,8,561.859583,525.190208,552.865
2025-06-21,136,8,605.487923,542.041606,546.83985
2025-06-21,137,8,633.481231,548.249821,541.7929
2025-06-21,138,8,597.021458,539.812917,531.731667
2025-06-21,139,8,522.988077,525.914721,499.822717
2025-06-21,140,8,499.505981,520.896252,486.82905
2025-06-21,141,8,526.489167,522.593333,498.216667
2025-06-21,142,8,569.370352,531.621104,504.095167
2025-06-21,143,8,615.762271,579.486329,532.219017
2025-06-21,0,9,500.138333,505.488542,538.491667
2025-06-21,1,9,550.783456,516.502458,514.663967
2025-06-21,2,9,562.905944,529.039244,533.34865
2025-06-21,3,9,540.675625,524.067292,566.91
2025-06-21,4,9,511.315123,518.363121,510.587683
2025-06-21,5,9,529.092956,531.699044,470.042867
2025-06-21,6,9,515.95875,517.23875,480.563333
2025-06-21,7,9,506.799396,520.40089,478.329933
2025-06-21,8,9,485.65981,503.010546,497.638117
2025-06-21,9,9,520.109792,503.993333,527.363333
2025-06-21,10,9,530.566131,507.713885,510.807617
2025-06-21,11,9,525.219163,502.601729,492.340983
2025-06-21,12,9,502.270833,494.539167,499.103333
2025-06-21,13,9,518.642381,507.873619,512.0669
2025-06-21,14,9,511.30361,501.223329,502.183583
2025-06-21,15,9,527.141875,502.244375,473.125
2025-06-21,16,9,511.790394,509.491827,458.319983
2025-06-21,17,9,474.104223,506.800487,470.09745
2025-06-21,18,9,439.9825,480.66625,489.373333
2025-06-21,19,9,479.39399,492.158373,486.698033
2025-06-21,20,9,518.468396,503.041062,491.8388
2025-06-21,21,9,519.49625,497.986875,496.251667
2025-06-21,22,9,525.136262,499.531262,463.3803
2025-06-21,23,9,517.136717,504.001292,454.71765
2025-06-21,24,9,497.999167,509.207083,477.031667
2025-06-21,25,9,504.537273,502.646342,474.281983
2025-06-21,26,9,502.930727,485.079062,458.1585
2025-06-21,27,9,487.252708,483.75625,446.218333
2025-06-21,28,9,468.729806,488.320533,442.953283
2025-06-21,29,9,475.573915,496.743954,450.38675
2025-06-21,30,9,491.69125,487.171458,454.174167
2025-06-21,31,9,467.467888,475.91405,424.658717
2025-06-21,32,9,423.155104,446.235808,390.48345
2025-06-21,33,9,385.311615,412.097135,370.845833
2025-06-21,34,9,361.972656,379.765667,359.578
2025-06-21,35,9,349.663162,358.682656,337.034917
2025-06-21,36,9,349.326458,353.143906,308.49
2025-06-21,37,9,287.035662,322.82384,291.9625
2025-06-21,38,9,266.44915,287.628329,246.471367
2025-06-21,39,9,259.164792,248.6175,166.35125
2025-06-21,40,9,194.81205,196.847656,97.385183
2025-06-21,41,9,164.440327,173.546017,86.2121
2025-06-21,42,9,162.502552,162.393854,100.836667
2025-06-21,43,9,120.749252,134.098265,63.2823
2025-06-21,44,9,94.766485,99.814767,21.927683
2025-06-21,45,9,102.433958,60.112656,-8.339583
2025-06-21,46,9,57.196673,0.122696,-62.966783
2025-06-21,47,9,23.838035,-21.158281,-116.303717
2025-06-21,48,9,43.047552,-0.416458,-156.844167
2025-06-21,49,9,41.009277,-49.473342,-195.452117
2025-06-21,50,9,-0.311233,-118.099196,-213.46855
2025-06-21,51,9,-55.25125,-159.021042,-220.185
2025-06-21,52,9,-78.855358,-207.844633,-241.482933
2025-06-21,53,9,-49.480785,-203.7649,-229.762933
2025-06-21,54,9,28.723281,-177.938177,-182.575833
2025-06-21,55,9,40.098529,-214.059888,-160.175383
2025-06-21,56,9,10.236488,-242.082444,-214.969967
2025-06-21,57,9,-59.002187,-245.9225,-328.285417
2025-06-21,58,9,-143.581833,-296.277075,-421.118233
2025-06-21,59,9,-148.673885,-322.463315,-449.526183
2025-06-21,60,9,-115.517135,-318.569479,-440.56625
2025-06-21,61,9,-162.378869,-356.485565,-460.630867
2025-06-21,62,9,-162.999156,-392.179863,-489.017133
2025-06-21,63,9,-145.334271,-427.702448,-516.512917
2025-06-21,64,9,-147.4787,-454.888294,-561.181233
2025-06-21,65,9,-176.819619,-469.934762,-612.926317
2025-06-21,66,9,-245.34901,-483.619844,-620.148333
2025-06-21,67,9,-335.100823,-510.563833,-560.160833
2025-06-21,68,9,-316.196052,-506.282556,-647.042517
2025-06-21,69,9,-267.417708,-496.019062,-807.410833
2025-06-21,70,9,-303.462271,-465.511758,-745.92895
2025-06-21,71,9,-347.606725,-444.239538,-658.892883
2025-06-21,72,9,-391.720312,-455.058021,-672.33875
2025-06-21,73,9,-447.721483,-455.802606,-718.120267
2025-06-21,74,9,-470.870302,-475.54995,-741.456717
2025-06-21,75,9,-444.31401,-505.831198,-742.40875
2025-06-21,76,9,-366.391033,-495.212198,-757.647217
2025-06-21,77,9,-287.28814,-474.739825,-771.688017
2025-06-21,78,9,-307.275729,-445.006823,-726.931667
2025-06-21,79,9,-253.443992,-399.028377,-597.157983
2025-06-21,80,9,-170.824619,-370.055183,-582.051283
2025-06-21,81,9,-148.388854,-371.424375,-625.26625
2025-06-21,82,9,-166.207798,-353.80761,-477.587133
2025-06-21,83,9,-168.202058,-335.862469,-358.2528
2025-06-21,84,9,-123.437917,-303.339531,-349.058333
2025-06-21,85,9,-120.433162,-304.285048,-315.651217
2025-06-21,86,9,-74.076148,-283.595458,-288.67765
2025-06-21,87,9,-1.477083,-226.382083,-288.457917
2025-06-21,88,9,-39.977185,-173.877333,-289.5349
2025-06-21,89,9,-44.51521,-140.866263,-299.466083
2025-06-21,90,9,1.56776,-123.628281,-300.130417
2025-06-21,91,9,-30.083042,-92.219667,-256.820067
2025-06-21,92,9,-66.970515,-76.272225,-204.788167
2025-06-21,93,9,-22.47849,-60.0325,-155.933333
2025-06-21,94,9,81.16234,11.982644,-90.656283
2025-06-21,95,9,155.18209,80.177965,-27.328983
2025-06-21,96,9,164.105521,112.709688,27.005
2025-06-21,97,9,208.99876,161.471575,78.57155
2025-06-21,98,9,232.27226,181.72649,103.2043
2025-06-21,99,9,268.599271,193.520781,105.9075
2025-06-21,100,9,317.74976,253.751104,115.424033
2025-06-21,101,9,320.995721,268.684233,109.619683
2025-06-21,102,9,315.247448,248.260729,102.78125
2025-06-21,103,9,396.381823,303.433304,142.627433
2025-06-21,104,9,448.925346,348.874094,212.795
2025-06-21,105,9,467.531823,393.825,288.967917
2025-06-21,106,9,473.598481,429.5228,353.470167
2025-06-21,107,9,465.392058,438.006302,382.320917
2025-06-21,108,9,466.311823,443.705104,385.901667
2025-06-21,109,9,480.416156,475.692465,402.359033
2025-06-21,110,9,523.699929,517.519806,436.62475
2025-06-21,111,9,598.897083,564.343698,481.681667
2025-06-21,112,9,661.562644,603.356773,530.129167
2025-06-21,113,9,669.53455,622.718569,585.454683
2025-06-21,114,9,647.114792,645.276667,640.82625
2025-06-21,115,9,613.843481,632.425383,667.4907
2025-06-21,116,9,629.260367,650.201771,617.246917
2025-06-21,117,9,657.4025,646.872292,548.913333
2025-06-21,118,9,685.383821,635.818171,582.087567
2025-06-21,119,9,668.785875,623.593754,581.73875
2025-06-21,120,9,644.017292,642.73,531.603333
2025-06-21,121,9,669.176794,661.378458,558.039433
2025-06-21,122,9,694.4034,660.644942,620.864733
2025-06-21,123,9,702.076667,655.208125,660.021667
2025-06-21,124,9,681.929117,659.109888,646.97075
2025-06-21,125,9,638.479731,660.23229,585.61195
2025-06-21,126,9,596.057917,637.65375,526.72
2025-06-21,127,9,622.537092,638.869654,535.7851
2025-06-21,128,9,659.72531,638.071673,581.51715
2025-06-21,129,9,739.818125,650.652083,618.915
2025-06-21,130,9,717.480904,657.181454,619.241283
2025-06-21,131,9,641.285271,602.737456,576.779467
2025-06-21,132,9,551.859792,519.457083,528.28
2025-06-21,133,9,543.931967,505.01519,526.873733
2025-06-21,134,9,545.20784,518.987221,544.741083
2025-06-21,135,9,554.165208,525.190208,552.865
2025-06-21,136,9,599.597135,542.041606,546.83985
2025-06-21,137,9,623.565031,548.249821,541.7929
2025-06-21,138,9,605.039375,539.812917,531.731667
2025-06-21,139,9,557.773721,525.914721,499.822717
2025-06-21,140,9,542.076798,520.896252,486.82905
2025-06-21,141,9,545.581667,522.593333,498.216667
2025-06-21,142,9,577.797602,531.621104,504.095167
2025-06-21,143,9,627.135767,579.486329,532.219017
2025-06-21,0,10,522.681042,505.488542,538.491667
2025-06-21,1,10,549.386579,516.502458,514.663967
2025-06-21,2,10,598.916487,529.039244,533.34865
2025-06-21,3,10,610.991875,524.067292,566.91
2025-06-21,4,10,575.265437,518.363121,510.587683
2025-06-21,5,10,557.733812,531.699044,470.042867
2025-06-21,6,10,558.115625,517.23875,480.563333
2025-06-21,7,10,591.273442,520.40089,478.329933
2025-06-21,8,10,567.220562,503.010546,497.638117
2025-06-21,9,10,531.406458,503.993333,527.363333
2025-06-21,10,10,521.701327,507.713885,510.807617
2025-06-21,11,10,507.84145,502.601729,492.340983
2025-06-21,12,10,503.419792,494.539167,499.103333
2025-06-21,13,10,549.589975,507.873619,512.0669
2025-06-21,14,10,544.72241,501.223329,502.183583
2025-06-21,15,10,529.02875,502.244375,473.125
2025-06-21,16,10,554.637298,509.491827,458.319983
2025-06-21,17,10,522.760696,506.800487,470.09745
2025-06-21,18,10,478.033333,480.66625,489.373333
2025-06-21,19,10,502.144458,492.158373,486.698033
2025-06-21,20,10,498.811908,503.041062,491.8388
2025-06-21,21,10,469.000417,497.986875,496.251667
2025-06-21,22,10,521.1746,499.531262,463.3803
2025-06-21,23,10,524.692981,504.001292,454.71765
2025-06-21,24,10,482.912292,509.207083,477.031667
2025-06-21,25,10,517.5454,502.646342,474.281983
2025-06-21,26,10,522.330206,485.079062,458.1585
2025-06-21,27,10,464.436042,483.75625,446.218333
2025-06-21,28,10,461.634031,488.320533,442.953283
2025-06-21,29,10,478.695308,496.743954,450.38675
2025-06-21,30,10,483.354375,487.171458,454.174167
2025-06-21,31,10,486.858802,475.91405,424.658717
2025-06-21,32,10,451.865933,446.235808,390.48345
2025-06-21,33,10,418.775677,412.097135,370.845833
2025-06-21,34,10,434.110927,379.765667,359.578
2025-06-21,35,10,439.165281,358.682656,337.034917
2025-06-21,36,10,421.287135,353.143906,308.49
2025-06-21,37,10,355.383862,322.82384,291.9625
2025-06-21,38,10,325.370575,287.628329,246.471367
2025-06-21,39,10,299.74026,248.6175,166.35125
2025-06-21,40,10,253.539479,196.847656,97.385183
2025-06-21,41,10,207.851387,173.546017,86.2121
2025-06-21,42,10,187.948333,162.393854,100.836667
2025-06-21,43,10,157.811585,134.098265,63.2823
2025-06-21,44,10,134.126654,99.814767,21.927683
2025-06-21,45,10,111.318802,60.112656,-8.339583
2025-06-21,46,10,76.03585,0.122696,-62.966783
2025-06-21,47,10,58.678552,-21.158281,-116.303717
2025-06-21,48,10,33.304062,-0.416458,-156.844167
2025-06-21,49,10,-44.672269,-49.473342,-195.452117
2025-06-21,50,10,-102.1264,-118.099196,-213.46855
2025-06-21,51,10,-98.764323,-159.021042,-220.185
2025-06-21,52,10,-138.547279,-207.844633,-241.482933
2025-06-21,53,10,-99.745454,-203.7649,-229.762933
2025-06-21,54,10,-18.304844,-177.938177,-182.575833
2025-06-21,55,10,-73.133642,-214.059888,-160.175383
2025-06-21,56,10,-140.110387,-242.082444,-214.969967
2025-06-21,57,10,-100.688958,-245.9225,-328.285417
2025-06-21,58,10,-95.155363,-296.277075,-421.118233
2025-06-21,59,10,-115.589583,-322.463315,-449.526183
2025-06-21,60,10,-127.96401,-318.569479,-440.56625
2025-06-21,61,10,-174.623352,-356.485565,-460.630867
2025-06-21,62,10,-260.699042,-392.179863,-489.017133
2025-06-21,63,10,-375.767917,-427.702448,-516.512917
2025-06-21,64,10,-425.570685,-454.888294,-561.181233
2025-06-21,65,10,-419.093408,-469.934762,-612.926317
2025-06-21,66,10,-426.637552,-483.619844,-620.148333
2025-06-21,67,10,-502.584687,-510.563833,-560.160833
2025-06-21,68,10,-484.661023,-506.282556,-647.042517
2025-06-21,69,10,-375.028698,-496.019062,-807.410833
2025-06-21,70,10,-278.640765,-465.511758,-745.92895
2025-06-21,71,10,-232.698483,-444.239538,-658.892883
2025-06-21,72,10,-259.226667,-455.058021,-672.33875
2025-06-21,73,10,-296.823725,-455.802606,-718.120267
2025-06-21,74,10,-403.612523,-475.54995,-741.456717
2025-06-21,75,10,-431.509948,-505.831198,-742.40875
2025-06-21,76,10,-259.119527,-495.212198,-757.647217
2025-06-21,77,10,-184.518325,-474.739825,-771.688017
2025-06-21,78,10,-280.326563,-445.006823,-726.931667
2025-06-21,79,10,-279.768296,-399.028377,-597.157983
2025-06-21,80,10,-306.817202,-370.055183,-582.051283
2025-06-21,81,10,-329.098021,-371.424375,-625.26625
2025-06-21,82,10,-225.029708,-353.80761,-477.587133
2025-06-21,83,10,-179.615604,-335.862469,-358.2528
2025-06-21,84,10,-149.183281,-303.339531,-349.058333
2025-06-21,85,10,-60.28119,-304.285048,-315.651217
2025-06-21,86,10,-25.805921,-283.595458,-288.67765
2025-06-21,87,10,-16.901875,-226.382083,-288.457917
2025-06-21,88,10,81.201652,-173.877333,-289.5349
2025-06-21,89,10,108.828046,-140.866263,-299.466083
2025-06-21,90,10,37.936146,-123.628281,-300.130417
2025-06-21,91,10,63.321377,-92.219667,-256.820067
2025-06-21,92,10,106.668019,-76.272225,-204.788167
2025-06-21,93,10,142.299792,-60.0325,-155.933333
2025-06-21,94,10,206.637373,11.982644,-90.656283
2025-06-21,95,10,215.612179,80.177965,-27.328983
2025-06-21,96,10,192.884479,112.709688,27.005
2025-06-21,97,10,262.799606,161.471575,78.57155
2025-06-21,98,10,252.58879,181.72649,103.2043
2025-06-21,99,10,232.785885,193.520781,105.9075
2025-06-21,100,10,331.22209,253.751104,115.424033
2025-06-21,101,10,348.008967,268.684233,109.619683
2025-06-21,102,10,287.405625,248.260729,102.78125
2025-06-21,103,10,350.790958,303.433304,142.627433
2025-06-21,104,10,392.701044,348.874094,212.795
2025-06-21,105,10,406.825156,393.825,288.967917
2025-06-21,106,10,445.794858,429.5228,353.470167
2025-06-21,107,10,470.389533,438.006302,382.320917
2025-06-21,108,10,497.313333,443.705104,385.901667
2025-06-21,109,10,499.480946,475.692465,402.359033
2025-06-21,110,10,525.632917,517.519806,436.62475
2025-06-21,111,10,588.582552,564.343698,481.681667
2025-06-21,112,10,627.551552,603.356773,530.129167
2025-06-21,113,10,637.909298,622.718569,585.454683
2025-06-21,114,10,654.713125,645.276667,640.82625
2025-06-21,115,10,663.883842,632.425383,667.4907
2025-06-21,116,10,709.01114,650.201771,617.246917
2025-06-21,117,10,712.256042,646.872292,548.913333
2025-06-21,118,10,652.735098,635.818171,582.087567
2025-06-21,119,10,645.886602,623.593754,581.73875
2025-06-21,120,10,719.271042,642.73,531.603333
2025-06-21,121,10,742.762492,661.378458,558.039433
2025-06-21,122,10,678.782106,660.644942,620.864733
2025-06-21,123,10,623.504583,655.208125,660.021667
2025-06-21,124,10,685.390533,659.109888,646.97075
2025-06-21,125,10,720.857517,660.23229,585.61195
2025-06-21,126,10,686.665208,637.65375,526.72
2025-06-21,127,10,701.776267,638.869654,535.7851
2025-06-21,128,10,718.827096,638.071673,581.51715
2025-06-21,129,10,694.165,650.652083,618.915
2025-06-21,130,10,667.954458,657.181454,619.241283
2025-06-21,131,10,604.019027,602.737456,576.779467
2025-06-21,132,10,545.91375,519.457083,528.28
2025-06-21,133,10,482.737233,505.01519,526.873733
2025-06-21,134,10,483.416046,518.987221,544.741083
2025-06-21,135,10,534.934375,525.190208,552.865
2025-06-21,136,10,589.603621,542.041606,546.83985
2025-06-21,137,10,604.045108,548.249821,541.7929
2025-06-21,138,10,595.114583,539.812917,531.731667
2025-06-21,139,10,571.624106,525.914721,499.822717
2025-06-21,140,10,522.046821,520.896252,486.82905
2025-06-21,141,10,500.241042,522.593333,498.216667
2025-06-21,142,10,550.733883,531.621104,504.095167
2025-06-21,143,10,607.440806,579.486329,532.219017
2025-06-21,0,11,510.669375,505.488542,538.491667
2025-06-21,1,11,523.47529,516.502458,514.663967
2025-06-21,2,11,553.158823,529.039244,533.34865
2025-06-21,3,11,571.593542,524.067292,566.91
2025-06-21,4,11,566.882417,518.363121,510.587683
2025-06-21,5,11,608.937117,531.699044,470.042867
2025-06-21,6,11,606.998958,517.23875,480.563333
2025-06-21,7,11,539.579746,520.40089,478.329933
2025-06-21,8,11,487.823877,503.010546,497.638117
2025-06-21,9,11,537.029167,503.993333,527.363333
2025-06-21,10,11,472.103856,507.713885,510.807617
2025-06-21,11,11,487.849269,502.601729,492.340983
2025-06-21,12,11,526.898958,494.539167,499.103333
2025-06-21,13,11,521.891231,507.873619,512.0669
2025-06-21,14,11,503.099773,501.223329,502.183583
2025-06-21,15,11,535.31375,502.244375,473.125
2025-06-21,16,11,507.428304,509.491827,458.319983
2025-06-21,17,11,509.0251,506.800487,470.09745
2025-06-21,18,11,544.525417,480.66625,489.373333
2025-06-21,19,11,522.600308,492.158373,486.698033
2025-06-21,20,11,502.358052,503.041062,491.8388
2025-06-21,21,11,509.005833,497.986875,496.251667
2025-06-21,22,11,520.850421,499.531262,463.3803
2025-06-21,23,11,519.812427,504.001292,454.71765
2025-06-21,24,11,509.177708,509.207083,477.031667
2025-06-21,25,11,513.717504,502.646342,474.281983
2025-06-21,26,11,492.113575,485.079062,458.1585
2025-06-21,27,11,469.0075,483.75625,446.218333
2025-06-21,28,11,453.468917,488.320533,442.953283
2025-06-21,29,11,485.423471,496.743954,450.38675
2025-06-21,30,11,522.123021,487.171458,454.174167
2025-06-21,31,11,520.078573,475.91405,424.658717
2025-06-21,32,11,473.460854,446.235808,390.48345
2025-06-21,33,11,398.076927,412.097135,370.845833
2025-06-21,34,11,381.157967,379.765667,359.578
2025-06-21,35,11,367.214996,358.682656,337.034917
2025-06-21,36,11,367.162292,353.143906,308.49
2025-06-21,37,11,368.235008,322.82384,291.9625
2025-06-21,38,11,354.26379,287.628329,246.471367
2025-06-21,39,11,275.93401,248.6175,166.35125
2025-06-21,40,11,221.149087,196.847656,97.385183
2025-06-21,41,11,200.905687,173.546017,86.2121
2025-06-21,42,11,189.016458,162.393854,100.836667
2025-06-21,43,11,172.039621,134.098265,63.2823
2025-06-21,44,11,144.622115,99.814767,21.927683
2025-06-21,45,11,95.943385,60.112656,-8.339583
2025-06-21,46,11,40.719771,0.122696,-62.966783
2025-06-21,47,11,77.676783,-21.158281,-116.303717
2025-06-21,48,11,135.124062,-0.416458,-156.844167
2025-06-21,49,11,27.389273,-49.473342,-195.452117
2025-06-21,50,11,-90.384596,-118.099196,-213.46855
2025-06-21,51,11,-160.765833,-159.021042,-220.185
2025-06-21,52,11,-217.842573,-207.844633,-241.482933
2025-06-21,53,11,-202.934019,-203.7649,-229.762933
2025-06-21,54,11,-122.743229,-177.938177,-182.575833
2025-06-21,55,11,-126.811994,-214.059888,-160.175383
2025-06-21,56,11,-191.841583,-242.082444,-214.969967
2025-06-21,57,11,-280.680052,-245.9225,-328.285417
2025-06-21,58,11,-316.70796,-296.277075,-421.118233
2025-06-21,59,11,-237.649296,-322.463315,-449.526183
2025-06-21,60,11,-167.493698,-318.569479,-440.56625
2025-06-21,61,11,-255.292785,-356.485565,-460.630867
2025-06-21,62,11,-291.764869,-392.179863,-489.017133
2025-06-21,63,11,-226.905521,-427.702448,-516.512917
2025-06-21,64,11,-253.866065,-454.888294,-561.181233
2025-06-21,65,11,-284.519921,-469.934762,-612.926317
2025-06-21,66,11,-307.478073,-483.619844,-620.148333
2025-06-21,67,11,-398.83694,-510.563833,-560.160833
2025-06-21,68,11,-381.508498,-506.282556,-647.042517
2025-06-21,69,11,-296.279688,-496.019062,-807.410833
2025-06-21,70,11,-222.449623,-465.511758,-745.92895
2025-06-21,71,11,-236.25871,-444.239538,-658.892883
2025-06-21,72,11,-332.636406,-455.058021,-672.33875
2025-06-21,73,11,-325.351392,-455.802606,-718.120267
2025-06-21,74,11,-319.579885,-475.54995,-741.456717
2025-06-21,75,11,-326.057917,-505.831198,-742.40875
2025-06-21,76,11,-250.467952,-495.212198,-757.647217
2025-06-21,77,11,-162.633554,-474.739825,-771.688017
2025-06-21,78,11,-83.067552,-445.006823,-726.931667
2025-06-21,79,11,-41.835027,-399.028377,-597.157983
2025-06-21,80,11,-7.499933,-370.055183,-582.051283
2025-06-21,81,11,31.707083,-371.424375,-625.26625
2025-06-21,82,11,66.160121,-353.80761,-477.587133
2025-06-21,83,11,-5.598687,-335.862469,-358.2528
2025-06-21,84,11,-117.949948,-303.339531,-349.058333
2025-06-21,85,11,-157.014485,-304.285048,-315.651217
2025-06-21,86,11,-57.064225,-283.595458,-288.67765
2025-06-21,87,11,63.501406,-226.382083,-288.457917
2025-06-21,88,11,41.479965,-173.877333,-289.5349
2025-06-21,89,11,-12.466963,-140.866263,-299.466083
2025-06-21,90,11,-18.856146,-123.628281,-300.130417
2025-06-21,91,11,12.051756,-92.219667,-256.820067
2025-06-21,92,11,69.748504,-76.272225,-204.788167
2025-06-21,93,11,107.54375,-60.0325,-155.933333
2025-06-21,94,11,91.8582,11.982644,-90.656283
2025-06-21,95,11,158.390171,80.177965,-27.328983
2025-06-21,96,11,296.76401,112.709688,27.005
2025-06-21,97,11,330.13491,161.471575,78.57155
2025-06-21,98,11,331.593294,181.72649,103.2043
2025-06-21,99,11,350.373281,193.520781,105.9075
2025-06-21,100,11,337.030881,253.751104,115.424033
2025-06-21,101,11,346.150044,268.684233,109.619683
2025-06-21,102,11,371.88901,248.260729,102.78125
2025-06-21,103,11,375.726115,303.433304,142.627433
2025-06-21,104,11,360.662319,348.874094,212.795
2025-06-21,105,11,389.24349,393.825,288.967917
2025-06-21,106,11,437.051187,429.5228,353.470167
2025-06-21,107,11,469.225454,438.006302,382.320917
2025-06-21,108,11,500.202135,443.705104,385.901667
2025-06-21,109,11,519.576,475.692465,402.359033
2025-06-21,110,11,573.189675,517.519806,436.62475
2025-06-21,111,11,644.113281,564.343698,481.681667
2025-06-21,112,11,636.996206,603.356773,530.129167
2025-06-21,113,11,623.122271,622.718569,585.454683
2025-06-21,114,11,658.5775,645.276667,640.82625
2025-06-21,115,11,626.241538,632.425383,667.4907
2025-06-21,116,11,682.213721,650.201771,617.246917
2025-06-21,117,11,735.707708,646.872292,548.913333
2025-06-21,118,11,681.760923,635.818171,582.087567
2025-06-21,119,11,636.401533,623.593754,581.73875
2025-06-21,120,11,704.35,642.73,531.603333
2025-06-21,121,11,704.436317,661.378458,558.039433
2025-06-21,122,11,700.876481,660.644942,620.864733
2025-06-21,123,11,726.491875,655.208125,660.021667
2025-06-21,124,11,728.196533,659.109888,646.97075
2025-06-21,125,11,698.332458,660.23229,585.61195
2025-06-21,126,11,660.076875,637.65375,526.72
2025-06-21,127,11,686.666954,638.869654,535.7851
2025-06-21,128,11,715.646665,638.071673,581.51715
2025-06-21,129,11,727.177292,650.652083,618.915
2025-06-21,130,11,679.174352,657.181454,619.241283
2025-06-21,131,11,617.272558,602.737456,576.779467
2025-06-21,132,11,570.056458,519.457083,528.28
2025-06-21,133,11,535.514258,505.01519,526.873733
2025-06-21,134,11,543.320981,518.987221,544.741083
2025-06-21,135,11,565.674167,525.190208,552.865
2025-06-21,136,11,609.920177,542.041606,546.83985
2025-06-21,137,11,588.079775,548.249821,541.7929
2025-06-21,138,11,558.384375,539.812917,531.731667
2025-06-21,139,11,597.202546,525.914721,499.822717
2025-06-21,140,11,618.213969,520.896252,486.82905
2025-06-21,141,11,585.808958,522.593333,498.216667
2025-06-21,142,11,556.679362,531.621104,504.095167
2025-06-21,143,11,589.166115,579.486329,532.219017
2025-06-21,0,12,527.253958,505.488542,538.491667
2025-06-21,1,12,530.470113,516.502458,514.663967
2025-06-21,2,12,546.186777,529.039244,533.34865
2025-06-21,3,12,534.060625,524.067292,566.91
2025-06-21,4,12,498.908852,518.363121,510.587683
2025-06-21,5,12,501.328729,531.699044,470.042867
2025-06-21,6,12,527.843958,517.23875,480.563333
2025-06-21,7,12,544.910429,520.40089,478.329933
2025-06-21,8,12,523.214933,503.010546,497.638117
2025-06-21,9,12,507.534792,503.993333,527.363333
2025-06-21,10,12,507.373258,507.713885,510.807617
2025-06-21,11,12,527.381142,502.601729,492.340983
2025-06-21,12,12,536.175833,494.539167,499.103333
2025-06-21,13,12,503.880856,507.873619,512.0669
2025-06-21,14,12,478.324252,501.223329,502.183583
2025-06-21,15,12,526.704583,502.244375,473.125
2025-06-21,16,12,559.879765,509.491827,458.319983
2025-06-21,17,12,544.067042,506.800487,470.09745
2025-06-21,18,12,478.514167,480.66625,489.373333
2025-06-21,19,12,479.407825,492.158373,486.698033
2025-06-21,20,12,497.728756,503.041062,491.8388
2025-06-21,21,12,501.116667,497.986875,496.251667
2025-06-21,22,12,480.710375,499.531262,463.3803
2025-06-21,23,12,484.771437,504.001292,454.71765
2025-06-21,24,12,491.099167,509.207083,477.031667
2025-06-21,25,12,487.336381,502.646342,474.281983
2025-06-21,26,12,484.242996,485.079062,458.1585
2025-06-21,27,12,500.378333,483.75625,446.218333
2025-06-21,28,12,508.395912,488.320533,442.953283
2025-06-21,29,12,510.164121,496.743954,450.38675
2025-06-21,30,12,501.826563,487.171458,454.174167
2025-06-21,31,12,480.28275,475.91405,424.658717
2025-06-21,32,12,447.517929,446.235808,390.48345
2025-06-21,33,12,418.918333,412.097135,370.845833
2025-06-21,34,12,390.617606,379.765667,359.578
2025-06-21,35,12,344.432179,358.682656,337.034917
2025-06-21,36,12,312.117031,353.143906,308.49
2025-06-21,37,12,338.068825,322.82384,291.9625
2025-06-21,38,12,359.317363,287.628329,246.471367
2025-06-21,39,12,321.27526,248.6175,166.35125
2025-06-21,40,12,276.186392,196.847656,97.385183
2025-06-21,41,12,236.184408,173.546017,86.2121
2025-06-21,42,12,186.022188,162.393854,100.836667
2025-06-21,43,12,150.520681,134.098265,63.2823
2025-06-21,44,12,138.594717,99.814767,21.927683
2025-06-21,45,12,138.141042,60.112656,-8.339583
2025-06-21,46,12,88.396863,0.122696,-62.966783
2025-06-21,47,12,30.187073,-21.158281,-116.303717
2025-06-21,48,12,-22.063698,-0.416458,-156.844167
2025-06-21,49,12,-109.21574,-49.473342,-195.452117
2025-06-21,50,12,-163.787048,-118.099196,-213.46855
2025-06-21,51,12,-161.174219,-159.021042,-220.185
2025-06-21,52,12,-192.790877,-207.844633,-241.482933
2025-06-21,53,12,-164.807919,-203.7649,-229.762933
2025-06-21,54,12,-109.302344,-177.938177,-182.575833
2025-06-21,55,12,-170.756875,-214.059888,-160.175383
2025-06-21,56,12,-211.866967,-242.082444,-214.969967
2025-06-21,57,12,-221.184635,-245.9225,-328.285417
2025-06-21,58,12,-276.173181,-296.277075,-421.118233
2025-06-21,59,12,-258.611881,-322.463315,-449.526183
2025-06-21,60,12,-189.115833,-318.569479,-440.56625
2025-06-21,61,12,-295.28946,-356.485565,-460.630867
2025-06-21,62,12,-346.773244,-392.179863,-489.017133
2025-06-21,63,12,-312.580365,-427.702448,-516.512917
2025-06-21,64,12,-375.494181,-454.888294,-561.181233
2025-06-21,65,12,-431.559612,-469.934762,-612.926317
2025-06-21,66,12,-474.669792,-483.619844,-620.148333
2025-06-21,67,12,-442.586223,-510.563833,-560.160833
2025-06-21,68,12,-389.299187,-506.282556,-647.042517
2025-06-21,69,12,-386.11875,-496.019062,-807.410833
2025-06-21,70,12,-374.428129,-465.511758,-745.92895
2025-06-21,71,12,-328.361323,-444.239538,-658.892883
2025-06-21,72,12,-271.144531,-455.058021,-672.33875
2025-06-21,73,12,-252.717992,-455.802606,-718.120267
2025-06-21,74,12,-305.122048,-475.54995,-741.456717
2025-06-21,75,12,-380.583125,-505.831198,-742.40875
2025-06-21,76,12,-397.189604,-495.212198,-757.647217
2025-06-21,77,12,-319.958842,-474.739825,-771.688017
2025-06-21,78,12,-249.574583,-445.006823,-726.931667
2025-06-21,79,12,-274.638062,-399.028377,-597.157983
2025-06-21,80,12,-206.434221,-370.055183,-582.051283
2025-06-21,81,12,-97.919635,-371.424375,-625.26625
2025-06-21,82,12,-151.834485,-353.80761,-477.587133
2025-06-21,83,12,-230.271729,-335.862469,-358.2528
2025-06-21,84,12,-216.450938,-303.339531,-349.058333
2025-06-21,85,12,-195.104798,-304.285048,-315.651217
2025-06-21,86,12,-197.443783,-283.595458,-288.67765
2025-06-21,87,12,-161.994063,-226.382083,-288.457917
2025-06-21,88,12,-134.177673,-173.877333,-289.5349
2025-06-21,89,12,-125.3329,-140.866263,-299.466083
2025-06-21,90,12,-96.412604,-123.628281,-300.130417
2025-06-21,91,12,-33.238406,-92.219667,-256.820067
2025-06-21,92,12,-46.863494,-76.272225,-204.788167
2025-06-21,93,12,-68.546094,-60.0325,-155.933333
2025-06-21,94,12,83.931817,11.982644,-90.656283
2025-06-21,95,12,187.577006,80.177965,-27.328983
2025-06-21,96,12,219.62599,112.709688,27.005
2025-06-21,97,12,312.358567,161.471575,78.57155
2025-06-21,98,12,339.270306,181.72649,103.2043
2025-06-21,99,12,333.432552,193.520781,105.9075
2025-06-21,100,12,391.856206,253.751104,115.424033
2025-06-21,101,12,394.54805,268.684233,109.619683
2025-06-21,102,12,320.832448,248.260729,102.78125
2025-06-21,103,12,396.182044,303.433304,142.627433
2025-06-21,104,12,398.109783,348.874094,212.795
2025-06-21,105,12,385.239583,393.825,288.967917
2025-06-21,106,12,473.648937,429.5228,353.470167
2025-06-21,107,12,508.614356,438.006302,382.320917
2025-06-21,108,12,503.54099,443.705104,385.901667
2025-06-21,109,12,520.865606,475.692465,402.359033
2025-06-21,110,12,557.86726,517.519806,436.62475
2025-06-21,111,12,597.877187,564.343698,481.681667
2025-06-21,112,12,637.572625,603.356773,530.129167
2025-06-21,113,12,653.152615,622.718569,585.454683
2025-06-21,114,12,655.744792,645.276667,640.82625
2025-06-21,115,12,655.034098,632.425383,667.4907
2025-06-21,116,12,685.573475,650.201771,617.246917
2025-06-21,117,12,681.3825,646.872292,548.913333
2025-06-21,118,12,631.435302,635.818171,582.087567
2025-06-21,119,12,636.308604,623.593754,581.73875
2025-06-21,120,12,709.527917,642.73,531.603333
2025-06-21,121,12,693.37021,661.378458,558.039433
2025-06-21,122,12,704.940785,660.644942,620.864733
2025-06-21,123,12,736.354792,655.208125,660.021667
2025-06-21,124,12,655.370837,659.109888,646.97075
2025-06-21,125,12,610.921444,660.23229,585.61195
2025-06-21,126,12,623.936042,637.65375,526.72
2025-06-21,127,12,636.828144,638.869654,535.7851
2025-06-21,128,12,670.70075,638.071673,581.51715
2025-06-21,129,12,715.946875,650.652083,618.915
2025-06-21,130,12,709.09659,657.181454,619.241283
2025-06-21,131,12,645.24185,602.737456,576.779467
2025-06-21,132,12,554.32375,519.457083,528.28
2025-06-21,133,12,535.706871,505.01519,526.873733
2025-06-21,134,12,552.649869,518.987221,544.741083
2025-06-21,135,12,561.116667,525.190208,552.865
2025-06-21,136,12,581.971981,542.041606,546.83985
2025-06-21,137,12,601.534483,548.249821,541.7929
2025-06-21,138,12,594.355833,539.812917,531.731667
2025-06-21,139,12,552.28891,525.914721,499.822717
2025-06-21,140,12,533.2389,520.896252,486.82905
2025-06-21,141,12,552.617708,522.593333,498.216667
2025-06-21,142,12,551.610973,531.621104,504.095167
2025-06-21,143,12,594.815215,579.486329,532.219017
2025-06-21,0,13,542.307708,505.488542,538.491667
2025-06-21,1,13,571.275875,516.502458,514.663967
2025-06-21,2,13,557.755863,529.039244,533.34865
2025-06-21,3,13,514.501667,524.067292,566.91
2025-06-21,4,13,560.725494,518.363121,510.587683
2025-06-21,5,13,595.091067,531.699044,470.042867
2025-06-21,6,13,563.8175,517.23875,480.563333
2025-06-21,7,13,541.542402,520.40089,478.329933
2025-06-21,8,13,521.166752,503.010546,497.638117
2025-06-21,9,13,533.191458,503.993333,527.363333
2025-06-21,10,13,515.230877,507.713885,510.807617
2025-06-21,11,13,495.223067,502.601729,492.340983
2025-06-21,12,13,524.837292,494.539167,499.103333
2025-06-21,13,13,562.497962,507.873619,512.0669
2025-06-21,14,13,540.837498,501.223329,502.183583
2025-06-21,15,13,525.722917,502.244375,473.125
2025-06-21,16,13,542.215612,509.491827,458.319983
2025-06-21,17,13,536.278487,506.800487,470.09745
2025-06-21,18,13,482.164375,480.66625,489.373333
2025-06-21,19,13,492.380977,492.158373,486.698033
2025-06-21,20,13,498.429337,503.041062,491.8388
2025-06-21,21,13,501.637917,497.986875,496.251667
2025-06-21,22,13,492.776529,499.531262,463.3803
2025-06-21,23,13,490.766037,504.001292,454.71765
2025-06-21,24,13,499.541667,509.207083,477.031667
2025-06-21,25,13,469.589848,502.646342,474.281983
2025-06-21,26,13,468.88401,485.079062,458.1585
2025-06-21,27,13,502.9475,483.75625,446.218333
2025-06-21,28,13,507.693712,488.320533,442.953283
2025-06-21,29,13,531.879629,496.743954,450.38675
2025-06-21,30,13,537.701406,487.171458,454.174167
2025-06-21,31,13,491.747785,475.91405,424.658717
2025-06-21,32,13,438.30405,446.235808,390.48345
2025-06-21,33,13,414.694062,412.097135,370.845833
2025-06-21,34,13,394.408323,379.765667,359.578
2025-06-21,35,13,374.468706,358.682656,337.034917
2025-06-21,36,13,382.186771,353.143906,308.49
2025-06-21,37,13,380.910085,322.82384,291.9625
2025-06-21,38,13,369.686654,287.628329,246.471367
2025-06-21,39,13,307.448594,248.6175,166.35125
2025-06-21,40,13,194.543819,196.847656,97.385183
2025-06-21,41,13,144.621265,173.546017,86.2121
2025-06-21,42,13,146.452813,162.393854,100.836667
2025-06-21,43,13,110.453496,134.098265,63.2823
2025-06-21,44,13,72.906881,99.814767,21.927683
2025-06-21,45,13,55.968594,60.112656,-8.339583
2025-06-21,46,13,20.473675,0.122696,-62.966783
2025-06-21,47,13,11.701452,-21.158281,-116.303717
2025-06-21,48,13,24.602344,-0.416458,-156.844167
2025-06-21,49,13,-38.479021,-49.473342,-195.452117
2025-06-21,50,13,-93.702388,-118.099196,-213.46855
2025-06-21,51,13,-106.915573,-159.021042,-220.185
2025-06-21,52,13,-84.401035,-207.844633,-241.482933
2025-06-21,53,13,-35.860246,-203.7649,-229.762933
2025-06-21,54,13,-26.071198,-177.938177,-182.575833
2025-06-21,55,13,-162.871694,-214.059888,-160.175383
2025-06-21,56,13,-235.468402,-242.082444,-214.969967
2025-06-21,57,13,-159.488958,-245.9225,-328.285417
2025-06-21,58,13,-216.754315,-296.277075,-421.118233
2025-06-21,59,13,-262.698075,-322.463315,-449.526183
2025-06-21,60,13,-297.406406,-318.569479,-440.56625
2025-06-21,61,13,-360.980008,-356.485565,-460.630867
2025-06-21,62,13,-412.107167,-392.179863,-489.017133
2025-06-21,63,13,-432.351927,-427.702448,-516.512917
2025-06-21,64,13,-496.680462,-454.888294,-561.181233
2025-06-21,65,13,-563.453121,-469.934762,-612.926317
2025-06-21,66,13,-586.994115,-483.619844,-620.148333
2025-06-21,67,13,-526.318327,-510.563833,-560.160833
2025-06-21,68,13,-438.801348,-506.282556,-647.042517
2025-06-21,69,13,-414.073802,-496.019062,-807.410833
2025-06-21,70,13,-375.124067,-465.511758,-745.92895
2025-06-21,71,13,-343.684569,-444.239538,-658.892883
2025-06-21,72,13,-345.165417,-455.058021,-672.33875
2025-06-21,73,13,-418.022615,-455.802606,-718.120267
2025-06-21,74,13,-470.731306,-475.54995,-741.456717
2025-06-21,75,13,-488.105104,-505.831198,-742.40875
2025-06-21,76,13,-518.646985,-495.212198,-757.647217
2025-06-21,77,13,-552.960517,-474.739825,-771.688017
2025-06-21,78,13,-528.807344,-445.006823,-726.931667
2025-06-21,79,13,-465.727438,-399.028377,-597.157983
2025-06-21,80,13,-397.780829,-370.055183,-582.051283
2025-06-21,81,13,-355.730781,-371.424375,-625.26625
2025-06-21,82,13,-309.389023,-353.80761,-477.587133
2025-06-21,83,13,-277.877815,-335.862469,-358.2528
2025-06-21,84,13,-237.155833,-303.339531,-349.058333
2025-06-21,85,13,-266.831004,-304.285048,-315.651217
2025-06-21,86,13,-273.403181,-283.595458,-288.67765
2025-06-21,87,13,-234.1925,-226.382083,-288.457917
2025-06-21,88,13,-151.9704,-173.877333,-289.5349
2025-06-21,89,13,-87.970077,-140.866263,-299.466083
2025-06-21,90,13,-62.155521,-123.628281,-300.130417
2025-06-21,91,13,-54.33675,-92.219667,-256.820067
2025-06-21,92,13,-51.8671,-76.272225,-204.788167
2025-06-21,93,13,-14.136823,-60.0325,-155.933333
2025-06-21,94,13,62.123779,11.982644,-90.656283
2025-06-21,95,13,170.974856,80.177965,-27.328983
2025-06-21,96,13,262.37526,112.709688,27.005
2025-06-21,97,13,359.105556,161.471575,78.57155
2025-06-21,98,13,331.025085,181.72649,103.2043
2025-06-21,99,13,280.973177,193.520781,105.9075
2025-06-21,100,13,323.2076,253.751104,115.424033
2025-06-21,101,13,332.456715,268.684233,109.619683
2025-06-21,102,13,274.787969,248.260729,102.78125
2025-06-21,103,13,345.806267,303.433304,142.627433
2025-06-21,104,13,365.39375,348.874094,212.795
2025-06-21,105,13,397.512135,393.825,288.967917
2025-06-21,106,13,507.707054,429.5228,353.470167
2025-06-21,107,13,505.365788,438.006302,382.320917
2025-06-21,108,13,415.055208,443.705104,385.901667
2025-06-21,109,13,477.161687,475.692465,402.359033
2025-06-21,110,13,580.394717,517.519806,436.62475
2025-06-21,111,13,626.658594,564.343698,481.681667
2025-06-21,112,13,626.341529,603.356773,530.129167
2025-06-21,113,13,632.486308,622.718569,585.454683
2025-06-21,114,13,660.546823,645.276667,640.82625
2025-06-21,115,13,681.973915,632.425383,667.4907
2025-06-21,116,13,732.148121,650.201771,617.246917
2025-06-21,117,13,752.319167,646.872292,548.913333
2025-06-21,118,13,677.179175,635.818171,582.087567
2025-06-21,119,13,633.934808,623.593754,581.73875
2025-06-21,120,13,672.1575,642.73,531.603333
2025-06-21,121,13,677.55159,661.378458,558.039433
2025-06-21,122,13,662.726985,660.644942,620.864733
2025-06-21,123,13,672.681875,655.208125,660.021667
2025-06-21,124,13,688.763783,659.109888,646.97075
2025-06-21,125,13,727.334442,660.23229,585.61195
2025-06-21,126,13,733.742083,637.65375,526.72
2025-06-21,127,13,697.47734,638.869654,535.7851
2025-06-21,128,13,664.183027,638.071673,581.51715
2025-06-21,129,13,680.360208,650.652083,618.915
2025-06-21,130,13,698.339942,657.181454,619.241283
2025-06-21,131,13,643.442773,602.737456,576.779467
2025-06-21,132,13,527.239792,519.457083,528.28
2025-06-21,133,13,517.13269,505.01519,526.873733
2025-06-21,134,13,517.361473,518.987221,544.741083
2025-06-21,135,13,527.688333,525.190208,552.865
2025-06-21,136,13,523.898794,542.041606,546.83985
2025-06-21,137,13,557.807354,548.249821,541.7929
2025-06-21,138,13,587.525833,539.812917,531.731667
2025-06-21,139,13,604.367017,525.914721,499.822717
2025-06-21,140,13,582.594698,520.896252,486.82905
2025-06-21,141,13,520.939792,522.593333,498.216667
2025-06-21,142,13,487.351867,531.621104,504.095167
2025-06-21,143,13,578.626002,579.486329,532.219017
2025-09-23,0,0,535.256667,625.802083,570.856667
2025-09-23,1,0,539.32154,644.833123,570.184333
2025-09-23,2,0,522.559321,636.402571,560.318183
2025-09-23,3,0,502.475417,595.664375,564.766667
2025-09-23,4,0,490.702325,592.405254,598.508917
2025-09-23,5,0,481.237169,593.102337,606.51065
2025-09-23,6,0,491.671042,584.633125,589.77
2025-09-23,7,0,533.421919,577.174031,597.35335
2025-09-23,8,0,517.750854,577.522248,579.971667
2025-09-23,9,0,497.392917,597.333542,552.68
2025-09-23,10,0,476.394756,598.633423,584.05335
2025-09-23,11,0,500.246269,599.781773,601.861617
2025-09-23,12,0,546.1925,604.659375,590.606667
2025-09-23,13,0,525.483979,592.56201,604.56305
2025-09-23,14,0,517.850487,589.261396,607.79955
2025-09-23,15,0,536.264792,600.093125,594.986667
2025-09-23,16,0,534.495987,610.149179,598.5124
2025-09-23,17,0,513.183631,608.781202,587.279767
2025-09-23,18,0,515.805625,605.724583,567.005
2025-09-23,19,0,551.36719,608.982392,578.479933
2025-09-23,20,0,556.731692,608.485898,591.051967
2025-09-23,21,0,538.877917,594.971458,586.85
2025-09-23,22,0,568.68926,588.732129,582.173583
2025-09-23,23,0,571.373708,600.528885,602.753333
2025-09-23,24,0,556.050208,611.625833,623.128333
2025-09-23,25,0,572.519554,628.028262,595.522683
2025-09-23,26,0,565.922019,626.642279,591.470933
2025-09-23,27,0,569.954375,617.575625,616.071667
2025-09-23,28,0,633.033477,619.503663,604.8963
2025-09-23,29,0,620.186352,614.489202,600.415817
2025-09-23,30,0,579.188333,607.373542,618.123333
2025-09-23,31,0,604.727648,599.077092,625.165267
2025-09-23,32,0,618.744685,611.527471,614.908133
2025-09-23,33,0,594.801667,629.758542,592.946667
2025-09-23,34,0,608.531779,593.486781,583.97805
2025-09-23,35,0,689.327892,648.767308,666.913433
2025-09-23,36,0,790.525781,755.183125,790.623333
2025-09-23,37,0,784.296402,731.24755,793.772083
2025-09-23,38,0,693.600417,650.806779,742.659817
2025-09-23,39,0,604.007396,599.017708,690.46875
2025-09-23,40,0,572.375221,573.813213,630.584017
2025-09-23,41,0,534.186446,522.518142,584.88215
2025-09-23,42,0,474.257292,448.771406,546.2125
2025-09-23,43,0,457.52606,400.069973,484.722833
2025-09-23,44,0,406.189304,369.360423,425.30835
2025-09-23,45,0,281.672344,308.247292,361.320417
2025-09-23,46,0,176.846465,203.444281,285.468267
2025-09-23,47,0,236.362027,259.806579,357.730217
2025-09-23,48,0,396.459583,406.952917,491.324583
2025-09-23,49,0,399.974994,377.554962,424.227
2025-09-23,50,0,320.176023,292.0215,340.29965
2025-09-23,51,0,239.050208,240.895625,322.88875
2025-09-23,52,0,192.628565,199.067133,267.16475
2025-09-23,53,0,118.565058,122.684083,177.016983
2025-09-23,54,0,74.476771,68.435833,103.286667
2025-09-23,55,0,81.818565,52.719965,88.530533
2025-09-23,56,0,60.142317,16.267231,75.393733
2025-09-23,57,0,-13.5975,-55.689167,46.359583
2025-09-23,58,0,-74.687569,-123.012656,34.080667
2025-09-23,59,0,-87.362765,-160.752394,13.978433
2025-09-23,60,0,-55.905208,-180.741562,-5.300417
2025-09-23,61,0,-107.659242,-217.800217,3.388967
2025-09-23,62,0,-204.408187,-256.675233,-45.913567
2025-09-23,63,0,-213.870469,-265.624427,-133.931667
2025-09-23,64,0,-122.352767,-248.47441,-146.78905
2025-09-23,65,0,-164.010904,-280.949262,-127.813067
2025-09-23,66,0,-279.078542,-327.344219,-148.185833
2025-09-23,67,0,-303.380888,-350.43989,-237.941717
2025-09-23,68,0,-340.667412,-373.083302,-316.498517
2025-09-23,69,0,-424.7475,-395.344844,-328.03625
2025-09-23,70,0,-446.91136,-383.719967,-295.94055
2025-09-23,71,0,-472.698423,-436.475815,-343.97645
2025-09-23,72,0,-512.730104,-524.770833,-453.312083
2025-09-23,73,0,-476.523652,-510.662804,-479.1387
2025-09-23,74,0,-440.552102,-481.660494,-441.904033
2025-09-23,75,0,-446.663646,-464.51349,-421.009583
2025-09-23,76,0,-460.329415,-451.765473,-460.462517
2025-09-23,77,0,-421.212563,-412.900554,-409.1788
2025-09-23,78,0,-362.653281,-371.014375,-287.767917
2025-09-23,79,0,-299.267265,-345.69745,-271.910917
2025-09-23,80,0,-250.468881,-339.792862,-278.945617
2025-09-23,81,0,-188.821354,-309.455729,-248.609583
2025-09-23,82,0,-116.21379,-243.666113,-205.436183
2025-09-23,83,0,-69.223215,-202.416798,-156.054517
2025-09-23,84,0,-5.684948,-169.728125,-114.23875
2025-09-23,85,0,22.371217,-117.977981,-89.892717
2025-09-23,86,0,52.29601,-73.815271,-30.106467
2025-09-23,87,0,112.60099,-40.360781,63.758333
2025-09-23,88,0,181.373617,18.494508,137.285467
2025-09-23,89,0,240.517733,71.469952,202.581117
2025-09-23,90,0,292.280677,114.59625,250.17375
2025-09-23,91,0,341.448385,159.849983,255.88385
2025-09-23,92,0,403.317965,223.522992,287.7842
2025-09-23,93,0,421.138021,278.143125,327.535417
2025-09-23,94,0,402.969881,338.317733,302.307267
2025-09-23,95,0,389.751073,357.713694,352.949183
2025-09-23,96,0,427.129427,375.364792,493.5825
2025-09-23,97,0,511.099752,460.25545,589.43265
2025-09-23,98,0,578.454581,540.916812,635.81365
2025-09-23,99,0,622.51724,578.355573,668.235417
2025-09-23,100,0,690.565565,628.629727,716.347533
2025-09-23,101,0,753.990692,697.778354,764.822683
2025-09-23,102,0,783.578021,758.393021,814.05375
2025-09-23,103,0,779.602954,785.897665,877.086983
2025-09-23,104,0,794.280627,834.147577,913.336617
2025-09-23,105,0,899.355625,907.254531,956.38375
2025-09-23,106,0,1003.012913,1002.529629,1051.862667
2025-09-23,107,0,938.705775,933.133252,959.165317
2025-09-23,108,0,748.453437,774.23776,752.645
2025-09-23,109,0,730.093569,775.426615,764.32985
2025-09-23,110,0,749.731535,814.832229,830.227267
2025-09-23,111,0,745.819062,806.722292,834.416667
2025-09-23,112,0,739.671031,804.795962,836.15965
2025-09-23,113,0,726.034858,806.073296,810.3647
2025-09-23,114,0,711.81125,810.606667,777.426667
2025-09-23,115,0,725.446552,820.818979,799.098883
2025-09-23,116,0,711.66145,824.535317,825.595867
2025-09-23,117,0,683.435625,809.135,817.816667
2025-09-23,118,0,712.09931,826.035004,786.83635
2025-09-23,119,0,692.031821,824.012321,784.2189
2025-09-23,120,0,667.015625,803.887292,811.911667
2025-09-23,121,0,693.118744,808.498298,827.178117
2025-09-23,122,0,710.277375,805.691925,843.5677
2025-09-23,123,0,706.199167,799.920833,839.708333
2025-09-23,124,0,678.095304,813.965056,784.895283
2025-09-23,125,0,684.194569,812.117596,801.6618
2025-09-23,126,0,715.80625,795.25,869.216667
2025-09-23,127,0,744.814104,814.293429,842.524383
2025-09-23,128,0,719.86545,801.790721,804.595183
2025-09-23,129,0,704.091667,785.456458,813.381667
2025-09-23,130,0,742.436719,812.54511,829.869133
2025-09-23,131,0,672.284646,757.209931,768.1865
2025-09-23,132,0,518.250417,624.062292,639.243333
2025-09-23,133,0,550.652335,605.75975,553.441567
2025-09-23,134,0,565.302119,617.5961,582.678567
2025-09-23,135,0,500.51625,609.568333,647.206667
2025-09-23,136,0,474.708785,615.867485,596.69985
2025-09-23,137,0,515.037606,628.012752,555.352283
2025-09-23,138,0,547.340208,622.590417,569.35
2025-09-23,139,0,523.310565,607.993504,564.655867
2025-09-23,140,0,509.518575,602.791308,576.501567
2025-09-23,141,0,512.711042,609.873958,610.325
2025-09-23,142,0,503.151992,615.207112,617.0673
2025-09-23,143,0,525.508448,606.437985,568.298083
2025-09-23,0,1,591.94375,625.802083,570.856667
2025-09-23,1,1,550.433475,644.833123,570.184333
2025-09-23,2,1,521.828308,636.402571,560.318183
2025-09-23,3,1,509.901875,595.664375,564.766667
2025-09-23,4,1,501.95809,592.405254,598.508917
2025-09-23,5,1,508.692606,593.102337,606.51065
2025-09-23,6,1,487.086042,584.633125,589.77
2025-09-23,7,1,464.573748,577.174031,597.35335
2025-09-23,8,1,480.26745,577.522248,579.971667
2025-09-23,9,1,526.859792,597.333542,552.68
2025-09-23,10,1,527.8323,598.633423,584.05335
2025-09-23,11,1,528.8191,599.781773,601.861617
2025-09-23,12,1,573.2125,604.659375,590.606667
2025-09-23,13,1,540.085425,592.56201,604.56305
2025-09-23,14,1,526.806273,589.261396,607.79955
2025-09-23,15,1,533.61625,600.093125,594.986667
2025-09-23,16,1,533.198469,610.149179,598.5124
2025-09-23,17,1,546.520377,608.781202,587.279767
2025-09-23,18,1,562.346875,605.724583,567.005
2025-09-23,19,1,564.114035,608.982392,578.479933
2025-09-23,20,1,547.447508,608.485898,591.051967
2025-09-23,21,1,506.373542,594.971458,586.85
2025-09-23,22,1,459.244544,588.732129,582.173583
2025-09-23,23,1,490.240877,600.528885,602.753333
2025-09-23,24,1,568.136042,611.625833,623.128333
2025-09-23,25,1,608.754344,628.028262,595.522683
2025-09-23,26,1,607.799404,626.642279,591.470933
2025-09-23,27,1,588.948958,617.575625,616.071667
2025-09-23,28,1,594.338225,619.503663,604.8963
2025-09-23,29,1,592.449342,614.489202,600.415817
2025-09-23,30,1,587.039792,607.373542,618.123333
2025-09-23,31,1,555.615071,599.077092,625.165267
2025-09-23,32,1,572.83589,611.527471,614.908133
2025-09-23,33,1,625.661198,629.758542,592.946667
2025-09-23,34,1,591.59519,593.486781,583.97805
2025-09-23,35,1,649.297956,648.767308,666.913433
2025-09-23,36,1,785.139948,755.183125,790.623333
2025-09-23,37,1,770.859008,731.24755,793.772083
2025-09-23,38,1,685.626521,650.806779,742.659817
2025-09-23,39,1,630.082656,599.017708,690.46875
2025-09-23,40,1,639.996496,573.813213,630.584017
2025-09-23,41,1,586.332698,522.518142,584.88215
2025-09-23,42,1,478.070521,448.771406,546.2125
2025-09-23,43,1,429.311269,400.069973,484.722833
2025-09-23,44,1,425.0776,369.360423,425.30835
2025-09-23,45,1,386.641875,308.247292,361.320417
2025-09-23,46,1,263.100804,203.444281,285.468267
2025-09-23,47,1,282.88215,259.806579,357.730217
2025-09-23,48,1,394.428125,406.952917,491.324583
2025-09-23,49,1,366.747173,377.554962,424.227
2025-09-23,50,1,265.082281,292.0215,340.29965
2025-09-23,51,1,153.727083,240.895625,322.88875
2025-09-23,52,1,104.92314,199.067133,267.16475
2025-09-23,53,1,37.727846,122.684083,177.016983
2025-09-23,54,1,-64.875156,68.435833,103.286667
2025-09-23,55,1,-75.310173,52.719965,88.530533
2025-09-23,56,1,-91.556346,16.267231,75.393733
2025-09-23,57,1,-157.370573,-55.689167,46.359583
2025-09-23,58,1,-215.721081,-123.012656,34.080667
2025-09-23,59,1,-262.770833,-160.752394,13.978433
2025-09-23,60,1,-301.391406,-180.741562,-5.300417
2025-09-23,61,1,-323.611035,-217.800217,3.388967
2025-09-23,62,1,-377.353375,-256.675233,-45.913567
2025-09-23,63,1,-432.932656,-265.624427,-133.931667
2025-09-23,64,1,-424.3229,-248.47441,-146.78905
2025-09-23,65,1,-389.672583,-280.949262,-127.813067
2025-09-23,66,1,-365.27724,-327.344219,-148.185833
2025-09-23,67,1,-378.478215,-350.43989,-237.941717
2025-09-23,68,1,-448.262248,-373.083302,-316.498517
2025-09-23,69,1,-469.610833,-395.344844,-328.03625
2025-09-23,70,1,-411.37586,-383.719967,-295.94055
2025-09-23,71,1,-469.97981,-436.475815,-343.97645
2025-09-23,72,1,-615.30375,-524.770833,-453.312083
2025-09-23,73,1,-660.858,-510.662804,-479.1387
2025-09-23,74,1,-680.808733,-481.660494,-441.904033
2025-09-23,75,1,-702.219062,-464.51349,-421.009583
2025-09-23,76,1,-627.69761,-451.765473,-460.462517
2025-09-23,77,1,-528.534262,-412.900554,-409.1788
2025-09-23,78,1,-504.857656,-371.014375,-287.767917
2025-09-23,79,1,-493.579785,-345.69745,-271.910917
2025-09-23,80,1,-492.506542,-339.792862,-278.945617
2025-09-23,81,1,-406.20401,-309.455729,-248.609583
2025-09-23,82,1,-293.707362,-243.666113,-205.436183
2025-09-23,83,1,-235.09546,-202.416798,-156.054517
2025-09-23,84,1,-207.709427,-169.728125,-114.23875
2025-09-23,85,1,-139.958279,-117.977981,-89.892717
2025-09-23,86,1,-105.387533,-73.815271,-30.106467
2025-09-23,87,1,-56.46526,-40.360781,63.758333
2025-09-23,88,1,76.775815,18.494508,137.285467
2025-09-23,89,1,134.754077,71.469952,202.581117
2025-09-23,90,1,129.526979,114.59625,250.17375
2025-09-23,91,1,153.511915,159.849983,255.88385
2025-09-23,92,1,254.668848,223.522992,287.7842
2025-09-23,93,1,340.548594,278.143125,327.535417
2025-09-23,94,1,393.633406,338.317733,302.307267
2025-09-23,95,1,347.626408,357.713694,352.949183
2025-09-23,96,1,314.17125,375.364792,493.5825
2025-09-23,97,1,472.225779,460.25545,589.43265
2025-09-23,98,1,597.765454,540.916812,635.81365
2025-09-23,99,1,610.733854,578.355573,668.235417
2025-09-23,100,1,645.372027,628.629727,716.347533
2025-09-23,101,1,722.457813,697.778354,764.822683
2025-09-23,102,1,767.336198,758.393021,814.05375
2025-09-23,103,1,766.150142,785.897665,877.086983
2025-09-23,104,1,791.742579,834.147577,913.336617
2025-09-23,105,1,873.968802,907.254531,956.38375
2025-09-23,106,1,983.84616,1002.529629,1051.862667
2025-09-23,107,1,928.291908,933.133252,959.165317
2025-09-23,108,1,770.45349,774.23776,752.645
2025-09-23,109,1,785.704475,775.426615,764.32985
2025-09-23,110,1,791.720487,814.832229,830.227267
2025-09-23,111,1,732.595,806.722292,834.416667
2025-09-23,112,1,712.989302,804.795962,836.15965
2025-09-23,113,1,717.50781,806.073296,810.3647
2025-09-23,114,1,714.175,810.606667,777.426667
2025-09-23,115,1,730.64571,820.818979,799.098883
2025-09-23,116,1,727.914296,824.535317,825.595867
2025-09-23,117,1,719.135208,809.135,817.816667
2025-09-23,118,1,742.512502,826.035004,786.83635
2025-09-23,119,1,707.261933,824.012321,784.2189
2025-09-23,120,1,655.0375,803.887292,811.911667
2025-09-23,121,1,717.695723,808.498298,827.178117
2025-09-23,122,1,761.067031,805.691925,843.5677
2025-09-23,123,1,754.8425,799.920833,839.708333
2025-09-23,124,1,699.534554,813.965056,784.895283
2025-09-23,125,1,679.4871,812.117596,801.6618
2025-09-23,126,1,691.491458,795.25,869.216667
2025-09-23,127,1,716.6136,814.293429,842.524383
2025-09-23,128,1,715.406206,801.790721,804.595183
2025-09-23,129,1,697.981042,785.456458,813.381667
2025-09-23,130,1,668.058556,812.54511,829.869133
2025-09-23,131,1,614.680413,757.209931,768.1865
2025-09-23,132,1,547.945417,624.062292,639.243333
2025-09-23,133,1,500.174387,605.75975,553.441567
2025-09-23,134,1,494.301433,617.5961,582.678567
2025-09-23,135,1,528.631667,609.568333,647.206667
2025-09-23,136,1,527.350483,615.867485,596.69985
2025-09-23,137,1,547.640425,628.012752,555.352283
2025-09-23,138,1,564.701875,622.590417,569.35
2025-09-23,139,1,554.176094,607.993504,564.655867
2025-09-23,140,1,489.973715,602.791308,576.501567
2025-09-23,141,1,441.258125,609.873958,610.325
2025-09-23,142,1,490.003467,615.207112,617.0673
2025-09-23,143,1,548.794558,606.437985,568.298083
2025-09-23,0,2,570.013542,625.802083,570.856667
2025-09-23,1,2,543.49899,644.833123,570.184333
2025-09-23,2,2,521.324571,636.402571,560.318183
2025-09-23,3,2,511.600208,595.664375,564.766667
2025-09-23,4,2,531.322277,592.405254,598.508917
2025-09-23,5,2,553.545381,593.102337,606.51065
2025-09-23,6,2,570.706667,584.633125,589.77
2025-09-23,7,2,528.384169,577.174031,597.35335
2025-09-23,8,2,512.160217,577.522248,579.971667
2025-09-23,9,2,541.441458,597.333542,552.68
2025-09-23,10,2,567.543177,598.633423,584.05335
2025-09-23,11,2,555.168821,599.781773,601.861617
2025-09-23,12,2,545.323333,604.659375,590.606667
2025-09-23,13,2,527.973596,592.56201,604.56305
2025-09-23,14,2,539.51761,589.261396,607.79955
2025-09-23,15,2,536.313542,600.093125,594.986667
2025-09-23,16,2,536.748004,610.149179,598.5124
2025-09-23,17,2,526.419594,608.781202,587.279767
2025-09-23,18,2,522.058333,605.724583,567.005
2025-09-23,19,2,546.549942,608.982392,578.479933
2025-09-23,20,2,549.02825,608.485898,591.051967
2025-09-23,21,2,531.391458,594.971458,586.85
2025-09-23,22,2,563.263877,588.732129,582.173583
2025-09-23,23,2,558.015998,600.528885,602.753333
2025-09-23,24,2,544.395417,611.625833,623.128333
2025-09-23,25,2,586.537554,628.028262,595.522683
2025-09-23,26,2,594.854867,626.642279,591.470933
2025-09-23,27,2,563.766875,617.575625,616.071667
2025-09-23,28,2,562.215138,619.503663,604.8963
2025-09-23,29,2,568.084454,614.489202,600.415817
2025-09-23,30,2,567.6975,607.373542,618.123333
2025-09-23,31,2,566.228529,599.077092,625.165267
2025-09-23,32,2,561.521904,611.527471,614.908133
2025-09-23,33,2,535.20125,629.758542,592.946667
2025-09-23,34,2,549.883171,593.486781,583.97805
2025-09-23,35,2,672.366981,648.767308,666.913433
2025-09-23,36,2,823.71474,755.183125,790.623333
2025-09-23,37,2,781.483067,731.24755,793.772083
2025-09-23,38,2,711.312729,650.806779,742.659817
2025-09-23,39,2,708.034844,599.017708,690.46875
2025-09-23,40,2,653.248677,573.813213,630.584017
2025-09-23,41,2,571.848125,522.518142,584.88215
2025-09-23,42,2,517.871771,448.771406,546.2125
2025-09-23,43,2,500.221819,400.069973,484.722833
2025-09-23,44,2,486.439783,369.360423,425.30835
2025-09-23,45,2,420.452812,308.247292,361.320417
2025-09-23,46,2,314.433206,203.444281,285.468267
2025-09-23,47,2,344.591131,259.806579,357.730217
2025-09-23,48,2,467.042604,406.952917,491.324583
2025-09-23,49,2,453.14494,377.554962,424.227
2025-09-23,50,2,389.205085,292.0215,340.29965
2025-09-23,51,2,347.342552,240.895625,322.88875
2025-09-23,52,2,309.103398,199.067133,267.16475
2025-09-23,53,2,218.121835,122.684083,177.016983
2025-09-23,54,2,145.025521,68.435833,103.286667
2025-09-23,55,2,179.763987,52.719965,88.530533
2025-09-23,56,2,158.99511,16.267231,75.393733
2025-09-23,57,2,76.551302,-55.689167,46.359583
2025-09-23,58,2,-8.13289,-123.012656,34.080667
2025-09-23,59,2,-57.156229,-160.752394,13.978433
2025-09-23,60,2,-52.077917,-180.741562,-5.300417
2025-09-23,61,2,-90.780981,-217.800217,3.388967
2025-09-23,62,2,-127.752335,-256.675233,-45.913567
2025-09-23,63,2,-174.936406,-265.624427,-133.931667
2025-09-23,64,2,-232.914069,-248.47441,-146.78905
2025-09-23,65,2,-285.174623,-280.949262,-127.813067
2025-09-23,66,2,-299.705573,-327.344219,-148.185833
2025-09-23,67,2,-363.922944,-350.43989,-237.941717
2025-09-23,68,2,-421.047813,-373.083302,-316.498517
2025-09-23,69,2,-459.430469,-395.344844,-328.03625
2025-09-23,70,2,-424.183196,-383.719967,-295.94055
2025-09-23,71,2,-472.128029,-436.475815,-343.97645
2025-09-23,72,2,-543.945,-524.770833,-453.312083
2025-09-23,73,2,-457.009135,-510.662804,-479.1387
2025-09-23,74,2,-455.685779,-481.660494,-441.904033
2025-09-23,75,2,-474.704792,-464.51349,-421.009583
2025-09-23,76,2,-276.943115,-451.765473,-460.462517
2025-09-23,77,2,-209.161287,-412.900554,-409.1788
2025-09-23,78,2,-225.902344,-371.014375,-287.767917
2025-09-23,79,2,-113.391479,-345.69745,-271.910917
2025-09-23,80,2,-79.518465,-339.792862,-278.945617
2025-09-23,81,2,-142.440573,-309.455729,-248.609583
2025-09-23,82,2,-121.140506,-243.666113,-205.436183
2025-09-23,83,2,-72.361021,-202.416798,-156.054517
2025-09-23,84,2,-19.712187,-169.728125,-114.23875
2025-09-23,85,2,-37.063535,-117.977981,-89.892717
2025-09-23,86,2,-26.533923,-73.815271,-30.106467
2025-09-23,87,2,38.543021,-40.360781,63.758333
2025-09-23,88,2,53.204081,18.494508,137.285467
2025-09-23,89,2,101.246133,71.469952,202.581117
2025-09-23,90,2,152.70026,114.59625,250.17375
2025-09-23,91,2,178.273919,159.849983,255.88385
2025-09-23,92,2,230.483958,223.522992,287.7842
2025-09-23,93,2,311.85026,278.143125,327.535417
2025-09-23,94,2,300.064094,338.317733,302.307267
2025-09-23,95,2,317.75286,357.713694,352.949183
2025-09-23,96,2,392.3275,375.364792,493.5825
2025-09-23,97,2,461.649744,460.25545,589.43265
2025-09-23,98,2,529.660904,540.916812,635.81365
2025-09-23,99,2,554.113125,578.355573,668.235417
2025-09-23,100,2,584.609483,628.629727,716.347533
2025-09-23,101,2,645.064496,697.778354,764.822683
2025-09-23,102,2,708.982865,758.393021,814.05375
2025-09-23,103,2,753.739798,785.897665,877.086983
2025-09-23,104,2,837.230571,834.147577,913.336617
2025-09-23,105,2,927.493958,907.254531,956.38375
2025-09-23,106,2,938.103669,1002.529629,1051.862667
2025-09-23,107,2,836.066177,933.133252,959.165317
2025-09-23,108,2,748.990885,774.23776,752.645
2025-09-23,109,2,731.3603,775.426615,764.32985
2025-09-23,110,2,692.065969,814.832229,830.227267
2025-09-23,111,2,640.965885,806.722292,834.416667
2025-09-23,112,2,681.031492,804.795962,836.15965
2025-09-23,113,2,751.962792,806.073296,810.3647
2025-09-23,114,2,749.452083,810.606667,777.426667
2025-09-23,115,2,711.628233,820.818979,799.098883
2025-09-23,116,2,700.260185,824.535317,825.595867
2025-09-23,117,2,712.974375,809.135,817.816667
2025-09-23,118,2,760.547444,826.035004,786.83635
2025-09-23,119,2,734.653894,824.012321,784.2189
2025-09-23,120,2,668.281667,803.887292,811.911667
2025-09-23,121,2,699.285754,808.498298,827.178117
2025-09-23,122,2,742.805935,805.691925,843.5677
2025-09-23,123,2,738.952708,799.920833,839.708333
2025-09-23,124,2,715.598598,813.965056,784.895283
2025-09-23,125,2,703.125177,812.117596,801.6618
2025-09-23,126,2,732.632917,795.25,869.216667
2025-09-23,127,2,729.224729,814.293429,842.524383
2025-09-23,128,2,705.581779,801.790721,804.595183
2025-09-23,129,2,698.884792,785.456458,813.381667
2025-09-23,130,2,766.053098,812.54511,829.869133
2025-09-23,131,2,696.459702,757.209931,768.1865
2025-09-23,132,2,516.895,624.062292,639.243333
2025-09-23,133,2,498.8919,605.75975,553.441567
2025-09-23,134,2,526.885885,617.5961,582.678567
2025-09-23,135,2,490.771042,609.568333,647.206667
2025-09-23,136,2,496.223477,615.867485,596.69985
2025-09-23,137,2,545.751379,628.012752,555.352283
2025-09-23,138,2,578.646667,622.590417,569.35
2025-09-23,139,2,546.999225,607.993504,564.655867
2025-09-23,140,2,501.846317,602.791308,576.501567
2025-09-23,141,2,489.721667,609.873958,610.325
2025-09-23,142,2,503.495879,615.207112,617.0673
2025-09-23,143,2,496.444313,606.437985,568.298083
2025-09-23,0,3,519.405833,625.802083,570.856667
2025-09-23,1,3,575.477654,644.833123,570.184333
2025-09-23,2,3,564.229169,636.402571,560.318183
2025-09-23,3,3,486.12875,595.664375,564.766667
2025-09-23,4,3,489.012431,592.405254,598.508917
2025-09-23,5,3,483.4566,593.102337,606.51065
2025-09-23,6,3,459.475417,584.633125,589.77
2025-09-23,7,3,479.717285,577.174031,597.35335
2025-09-23,8,3,510.716738,577.522248,579.971667
2025-09-23,9,3,544.321042,597.333542,552.68
2025-09-23,10,3,487.407477,598.633423,584.05335
2025-09-23,11,3,509.207037,599.781773,601.861617
2025-09-23,12,3,561.779167,604.659375,590.606667
2025-09-23,13,3,493.940385,592.56201,604.56305
2025-09-23,14,3,490.505685,589.261396,607.79955
2025-09-23,15,3,545.648542,600.093125,594.986667
2025-09-23,16,3,549.234952,610.149179,598.5124
2025-09-23,17,3,531.73345,608.781202,587.279767
2025-09-23,18,3,554.140208,605.724583,567.005
2025-09-23,19,3,538.247988,608.982392,578.479933
2025-09-23,20,3,536.199506,608.485898,591.051967
2025-09-23,21,3,533.885625,594.971458,586.85
2025-09-23,22,3,516.225765,588.732129,582.173583
2025-09-23,23,3,511.141423,600.528885,602.753333
2025-09-23,24,3,542.328958,611.625833,623.128333
2025-09-23,25,3,600.432233,628.028262,595.522683
2025-09-23,26,3,606.076281,626.642279,591.470933
2025-09-23,27,3,574.840417,617.575625,616.071667
2025-09-23,28,3,587.588331,619.503663,604.8963
2025-09-23,29,3,593.135827,614.489202,600.415817
2025-09-23,30,3,590.026875,607.373542,618.123333
2025-09-23,31,3,576.086971,599.077092,625.165267
2025-09-23,32,3,582.356573,611.527471,614.908133
2025-09-23,33,3,608.749687,629.758542,592.946667
2025-09-23,34,3,607.008571,593.486781,583.97805
2025-09-23,35,3,664.615431,648.767308,666.913433
2025-09-23,36,3,749.66,755.183125,790.623333
2025-09-23,37,3,752.84084,731.24755,793.772083
2025-09-23,38,3,693.882427,650.806779,742.659817
2025-09-23,39,3,618.798125,599.017708,690.46875
2025-09-23,40,3,591.760379,573.813213,630.584017
2025-09-23,41,3,543.425456,522.518142,584.88215
2025-09-23,42,3,470.581719,448.771406,546.2125
2025-09-23,43,3,418.567612,400.069973,484.722833
2025-09-23,44,3,392.307065,369.360423,425.30835
2025-09-23,45,3,331.359167,308.247292,361.320417
2025-09-23,46,3,207.253083,203.444281,285.468267
2025-09-23,47,3,240.954171,259.806579,357.730217
2025-09-23,48,3,393.803594,406.952917,491.324583
2025-09-23,49,3,421.368662,377.554962,424.227
2025-09-23,50,3,415.061183,292.0215,340.29965
2025-09-23,51,3,389.528125,240.895625,322.88875
2025-09-23,52,3,328.987694,199.067133,267.16475
2025-09-23,53,3,189.060627,122.684083,177.016983
2025-09-23,54,3,66.420208,68.435833,103.286667
2025-09-23,55,3,114.838554,52.719965,88.530533
2025-09-23,56,3,92.72756,16.267231,75.393733
2025-09-23,57,3,-22.838594,-55.689167,46.359583
2025-09-23,58,3,-117.024644,-123.012656,34.080667
2025-09-23,59,3,-173.689408,-160.752394,13.978433
2025-09-23,60,3,-218.618229,-180.741562,-5.300417
2025-09-23,61,3,-275.964679,-217.800217,3.388967
2025-09-23,62,3,-300.432758,-256.675233,-45.913567
2025-09-23,63,3,-282.517865,-265.624427,-133.931667
2025-09-23,64,3,-267.037481,-248.47441,-146.78905
2025-09-23,65,3,-293.008427,-280.949262,-127.813067
2025-09-23,66,3,-311.477031,-327.344219,-148.185833
2025-09-23,67,3,-363.231102,-350.43989,-237.941717
2025-09-23,68,3,-417.214904,-373.083302,-316.498517
2025-09-23,69,3,-460.400677,-395.344844,-328.03625
2025-09-23,70,3,-460.12229,-383.719967,-295.94055
2025-09-23,71,3,-558.417833,-436.475815,-343.97645
2025-09-23,72,3,-732.178333,-524.770833,-453.312083
2025-09-23,73,3,-789.669662,-510.662804,-479.1387
2025-09-23,74,3,-705.89056,-481.660494,-441.904033
2025-09-23,75,3,-572.460781,-464.51349,-421.009583
2025-09-23,76,3,-647.416177,-451.765473,-460.462517
2025-09-23,77,3,-687.20316,-412.900554,-409.1788
2025-09-23,78,3,-623.26349,-371.014375,-287.767917
2025-09-23,79,3,-613.902873,-345.69745,-271.910917
2025-09-23,80,3,-550.809542,-339.792862,-278.945617
2025-09-23,81,3,-446.332969,-309.455729,-248.609583
2025-09-23,82,3,-368.446569,-243.666113,-205.436183
2025-09-23,83,3,-307.050098,-202.416798,-156.054517
2025-09-23,84,3,-231.254115,-169.728125,-114.23875
2025-09-23,85,3,-152.135519,-117.977981,-89.892717
2025-09-23,86,3,-138.938556,-73.815271,-30.106467
2025-09-23,87,3,-157.652031,-40.360781,63.758333
2025-09-23,88,3,-111.494052,18.494508,137.285467
2025-09-23,89,3,4.6113,71.469952,202.581117
2025-09-23,90,3,123.337396,114.59625,250.17375
2025-09-23,91,3,105.716242,159.849983,255.88385
2025-09-23,92,3,117.82605,223.522992,287.7842
2025-09-23,93,3,209.90349,278.143125,327.535417
2025-09-23,94,3,338.662267,338.317733,302.307267
2025-09-23,95,3,371.773881,357.713694,352.949183
2025-09-23,96,3,391.405521,375.364792,493.5825
2025-09-23,97,3,440.651521,460.25545,589.43265
2025-09-23,98,3,507.151798,540.916812,635.81365
2025-09-23,99,3,574.073958,578.355573,668.235417
2025-09-23,100,3,627.425533,628.629727,716.347533
2025-09-23,101,3,707.026648,697.778354,764.822683
2025-09-23,102,3,773.812604,758.393021,814.05375
2025-09-23,103,3,755.509775,785.897665,877.086983
2025-09-23,104,3,828.730502,834.147577,913.336617
2025-09-23,105,3,931.830625,907.254531,956.38375
2025-09-23,106,3,951.220965,1002.529629,1051.862667
2025-09-23,107,3,838.875521,933.133252,959.165317
2025-09-23,108,3,704.883073,774.23776,752.645
2025-09-23,109,3,762.712827,775.426615,764.32985
2025-09-23,110,3,802.135871,814.832229,830.227267
2025-09-23,111,3,763.650312,806.722292,834.416667
2025-09-23,112,3,691.809054,804.795962,836.15965
2025-09-23,113,3,668.095231,806.073296,810.3647
2025-09-23,114,3,681.892917,810.606667,777.426667
2025-09-23,115,3,715.924638,820.818979,799.098883
2025-09-23,116,3,718.440415,824.535317,825.595867
2025-09-23,117,3,681.551667,809.135,817.816667
2025-09-23,118,3,690.094802,826.035004,786.83635
2025-09-23,119,3,720.890008,824.012321,784.2189
2025-09-23,120,3,738.378542,803.887292,811.911667
2025-09-23,121,3,709.170494,808.498298,827.178117
2025-09-23,122,3,701.903273,805.691925,843.5677
2025-09-23,123,3,728.540417,799.920833,839.708333
2025-09-23,124,3,737.487781,813.965056,784.895283
2025-09-23,125,3,717.964415,812.117596,801.6618
2025-09-23,126,3,701.631667,795.25,869.216667
2025-09-23,127,3,744.524777,814.293429,842.524383
2025-09-23,128,3,734.734077,801.790721,804.595183
2025-09-23,129,3,706.779792,785.456458,813.381667
2025-09-23,130,3,715.129929,812.54511,829.869133
2025-09-23,131,3,635.592512,757.209931,768.1865
2025-09-23,132,3,502.501458,624.062292,639.243333
2025-09-23,133,3,516.869131,605.75975,553.441567
2025-09-23,134,3,548.928233,617.5961,582.678567
2025-09-23,135,3,533.235,609.568333,647.206667
2025-09-23,136,3,566.05649,615.867485,596.69985
2025-09-23,137,3,533.407048,628.012752,555.352283
2025-09-23,138,3,467.903333,622.590417,569.35
2025-09-23,139,3,482.810362,607.993504,564.655867
2025-09-23,140,3,530.514269,602.791308,576.501567
2025-09-23,141,3,532.222292,609.873958,610.325
2025-09-23,142,3,498.146229,615.207112,617.0673
2025-09-23,143,3,486.20689,606.437985,568.298083
2025-09-23,0,4,507.088958,625.802083,570.856667
2025-09-23,1,4,491.062856,644.833123,570.184333
2025-09-23,2,4,493.11086,636.402571,560.318183
2025-09-23,3,4,509.543958,595.664375,564.766667
2025-09-23,4,4,501.655046,592.405254,598.508917
2025-09-23,5,4,479.62346,593.102337,606.51065
2025-09-23,6,4,456.722083,584.633125,589.77
2025-09-23,7,4,453.987817,577.174031,597.35335
2025-09-23,8,4,440.164908,577.522248,579.971667
2025-09-23,9,4,436.962708,597.333542,552.68
2025-09-23,10,4,457.573798,598.633423,584.05335
2025-09-23,11,4,469.636452,599.781773,601.861617
2025-09-23,12,4,478.494167,604.659375,590.606667
2025-09-23,13,4,488.8775,592.56201,604.56305
2025-09-23,14,4,494.513021,589.261396,607.79955
2025-09-23,15,4,501.509792,600.093125,594.986667
2025-09-23,16,4,521.783177,610.149179,598.5124
2025-09-23,17,4,536.733592,608.781202,587.279767
2025-09-23,18,4,524.250208,605.724583,567.005
2025-09-23,19,4,520.477998,608.982392,578.479933
2025-09-23,20,4,512.774285,608.485898,591.051967
2025-09-23,21,4,497.642708,594.971458,586.85
2025-09-23,22,4,493.608035,588.732129,582.173583
2025-09-23,23,4,532.161565,600.528885,602.753333
2025-09-23,24,4,555.045417,611.625833,623.128333
2025-09-23,25,4,538.537513,628.028262,595.522683
2025-09-23,26,4,538.897194,626.642279,591.470933
2025-09-23,27,4,543.431458,617.575625,616.071667
2025-09-23,28,4,532.474187,619.503663,604.8963
2025-09-23,29,4,526.518798,614.489202,600.415817
2025-09-23,30,4,551.143125,607.373542,618.123333
2025-09-23,31,4,578.217825,599.077092,625.165267
2025-09-23,32,4,554.797842,611.527471,614.908133
2025-09-23,33,4,525.21026,629.758542,592.946667
2025-09-23,34,4,514.4966,593.486781,583.97805
2025-09-23,35,4,596.184623,648.767308,666.913433
2025-09-23,36,4,697.562187,755.183125,790.623333
2025-09-23,37,4,658.584242,731.24755,793.772083
2025-09-23,38,4,594.398096,650.806779,742.659817
2025-09-23,39,4,559.18224,599.017708,690.46875
2025-09-23,40,4,525.783198,573.813213,630.584017
2025-09-23,41,4,491.011533,522.518142,584.88215
2025-09-23,42,4,451.768958,448.771406,546.2125
2025-09-23,43,4,398.346298,400.069973,484.722833
2025-09-23,44,4,385.380037,369.360423,425.30835
2025-09-23,45,4,386.356354,308.247292,361.320417
2025-09-23,46,4,305.294583,203.444281,285.468267
2025-09-23,47,4,269.296238,259.806579,357.730217
2025-09-23,48,4,308.129479,406.952917,491.324583
2025-09-23,49,4,300.283727,377.554962,424.227
2025-09-23,50,4,229.865756,292.0215,340.29965
2025-09-23,51,4,159.219323,240.895625,322.88875
2025-09-23,52,4,112.577604,199.067133,267.16475
2025-09-23,53,4,16.977217,122.684083,177.016983
2025-09-23,54,4,-28.184219,68.435833,103.286667
2025-09-23,55,4,-13.041315,52.719965,88.530533
2025-09-23,56,4,-2.413977,16.267231,75.393733
2025-09-23,57,4,-86.564062,-55.689167,46.359583
2025-09-23,58,4,-234.937808,-123.012656,34.080667
2025-09-23,59,4,-292.302665,-160.752394,13.978433
2025-09-23,60,4,-245.953906,-180.741562,-5.300417
2025-09-23,61,4,-228.052767,-217.800217,3.388967
2025-09-23,62,4,-270.00255,-256.675233,-45.913567
2025-09-23,63,4,-277.482448,-265.624427,-133.931667
2025-09-23,64,4,-225.767725,-248.47441,-146.78905
2025-09-23,65,4,-290.454637,-280.949262,-127.813067
2025-09-23,66,4,-394.704948,-327.344219,-148.185833
2025-09-23,67,4,-380.436115,-350.43989,-237.941717
2025-09-23,68,4,-453.969754,-373.083302,-316.498517
2025-09-23,69,4,-574.734062,-395.344844,-328.03625
2025-09-23,70,4,-548.63059,-383.719967,-295.94055
2025-09-23,71,4,-530.369796,-436.475815,-343.97645
2025-09-23,72,4,-555.661146,-524.770833,-453.312083
2025-09-23,73,4,-539.007002,-510.662804,-479.1387
2025-09-23,74,4,-512.560781,-481.660494,-441.904033
2025-09-23,75,4,-507.967396,-464.51349,-421.009583
2025-09-23,76,4,-565.46486,-451.765473,-460.462517
2025-09-23,77,4,-584.759694,-412.900554,-409.1788
2025-09-23,78,4,-519.884375,-371.014375,-287.767917
2025-09-23,79,4,-441.131542,-345.69745,-271.910917
2025-09-23,80,4,-382.327319,-339.792862,-278.945617
2025-09-23,81,4,-341.872031,-309.455729,-248.609583
2025-09-23,82,4,-330.072685,-243.666113,-205.436183
2025-09-23,83,4,-350.963425,-202.416798,-156.054517
2025-09-23,84,4,-372.935417,-169.728125,-114.23875
2025-09-23,85,4,-352.389504,-117.977981,-89.892717
2025-09-23,86,4,-281.125598,-73.815271,-30.106467
2025-09-23,87,4,-201.462917,-40.360781,63.758333
2025-09-23,88,4,-151.04605,18.494508,137.285467
2025-09-23,89,4,-81.703754,71.469952,202.581117
2025-09-23,90,4,-10.30099,114.59625,250.17375
2025-09-23,91,4,16.856673,159.849983,255.88385
2025-09-23,92,4,81.737827,223.522992,287.7842
2025-09-23,93,4,155.098385,278.143125,327.535417
2025-09-23,94,4,184.398265,338.317733,302.307267
2025-09-23,95,4,195.47324,357.713694,352.949183
2025-09-23,96,4,242.606302,375.364792,493.5825
2025-09-23,97,4,315.625465,460.25545,589.43265
2025-09-23,98,4,385.74641,540.916812,635.81365
2025-09-23,99,4,423.493958,578.355573,668.235417
2025-09-23,100,4,500.235077,628.629727,716.347533
2025-09-23,101,4,546.906838,697.778354,764.822683
2025-09-23,102,4,585.600625,758.393021,814.05375
2025-09-23,103,4,641.728946,785.897665,877.086983
2025-09-23,104,4,699.205779,834.147577,913.336617
2025-09-23,105,4,727.848802,907.254531,956.38375
2025-09-23,106,4,810.666013,1002.529629,1051.862667
2025-09-23,107,4,814.688425,933.133252,959.165317
2025-09-23,108,4,722.782708,774.23776,752.645
2025-09-23,109,4,678.063871,775.426615,764.32985
2025-09-23,110,4,685.685854,814.832229,830.227267
2025-09-23,111,4,689.164115,806.722292,834.416667
2025-09-23,112,4,642.676121,804.795962,836.15965
2025-09-23,113,4,621.049054,806.073296,810.3647
2025-09-23,114,4,654.103333,810.606667,777.426667
2025-09-23,115,4,671.929837,820.818979,799.098883
2025-09-23,116,4,663.708037,824.535317,825.595867
2025-09-23,117,4,652.534583,809.135,817.816667
2025-09-23,118,4,680.284465,826.035004,786.83635
2025-09-23,119,4,650.72534,824.012321,784.2189
2025-09-23,120,4,584.553542,803.887292,811.911667
2025-09-23,121,4,614.636175,808.498298,827.178117
2025-09-23,122,4,639.870273,805.691925,843.5677
2025-09-23,123,4,655.36,799.920833,839.708333
2025-09-23,124,4,676.203796,813.965056,784.895283
2025-09-23,125,4,650.226456,812.117596,801.6618
2025-09-23,126,4,621.241458,795.25,869.216667
2025-09-23,127,4,702.64546,814.293429,842.524383
2025-09-23,128,4,705.024071,801.790721,804.595183
2025-09-23,129,4,632.274167,785.456458,813.381667
2025-09-23,130,4,655.2062,812.54511,829.869133
2025-09-23,131,4,629.131471,757.209931,768.1865
2025-09-23,132,4,529.8,624.062292,639.243333
2025-09-23,133,4,487.72896,605.75975,553.441567
2025-09-23,134,4,493.890308,617.5961,582.678567
2025-09-23,135,4,493.770833,609.568333,647.206667
2025-09-23,136,4,505.693263,615.867485,596.69985
2025-09-23,137,4,513.11305,628.012752,555.352283
2025-09-23,138,4,499.196042,622.590417,569.35
2025-09-23,139,4,499.391179,607.993504,564.655867
2025-09-23,140,4,508.263727,602.791308,576.501567
2025-09-23,141,4,500.614167,609.873958,610.325
2025-09-23,142,4,466.72559,615.207112,617.0673
2025-09-23,143,4,437.011962,606.437985,568.298083
2025-09-23,0,5,468.892708,625.802083,570.856667
2025-09-23,1,5,508.021517,644.833123,570.184333
2025-09-23,2,5,505.40609,636.402571,560.318183
2025-09-23,3,5,444.54375,595.664375,564.766667
2025-09-23,4,5,434.357935,592.405254,598.508917
2025-09-23,5,5,461.760054,593.102337,606.51065
2025-09-23,6,5,456.572292,584.633125,589.77
2025-09-23,7,5,413.280858,577.174031,597.35335
2025-09-23,8,5,430.179188,577.522248,579.971667
2025-09-23,9,5,504.20625,597.333542,552.68
2025-09-23,10,5,479.803735,598.633423,584.05335
2025-09-23,11,5,449.848794,599.781773,601.861617
2025-09-23,12,5,472.564375,604.659375,590.606667
2025-09-23,13,5,463.111763,592.56201,604.56305
2025-09-23,14,5,454.434404,589.261396,607.79955
2025-09-23,15,5,452.880208,600.093125,594.986667
2025-09-23,16,5,475.167192,610.149179,598.5124
2025-09-23,17,5,494.293073,608.781202,587.279767
2025-09-23,18,5,497.570833,605.724583,567.005
2025-09-23,19,5,497.070271,608.982392,578.479933
2025-09-23,20,5,495.34456,608.485898,591.051967
2025-09-23,21,5,512.948333,594.971458,586.85
2025-09-23,22,5,507.821844,588.732129,582.173583
2025-09-23,23,5,499.828308,600.528885,602.753333
2025-09-23,24,5,496.06125,611.625833,623.128333
2025-09-23,25,5,560.895085,628.028262,595.522683
2025-09-23,26,5,581.743538,626.642279,591.470933
2025-09-23,27,5,536.811667,617.575625,616.071667
2025-09-23,28,5,524.390104,619.503663,604.8963
2025-09-23,29,5,530.87189,614.489202,600.415817
2025-09-23,30,5,545.457083,607.373542,618.123333
2025-09-23,31,5,545.8539,599.077092,625.165267
2025-09-23,32,5,551.919787,611.527471,614.908133
2025-09-23,33,5,577.129896,629.758542,592.946667
2025-09-23,34,5,549.330623,593.486781,583.97805
2025-09-23,35,5,610.6059,648.767308,666.913433
2025-09-23,36,5,694.476615,755.183125,790.623333
2025-09-23,37,5,690.462956,731.24755,793.772083
2025-09-23,38,5,632.52601,650.806779,742.659817
2025-09-23,39,5,602.522917,599.017708,690.46875
2025-09-23,40,5,594.142875,573.813213,630.584017
2025-09-23,41,5,537.565288,522.518142,584.88215
2025-09-23,42,5,445.422708,448.771406,546.2125
2025-09-23,43,5,381.415523,400.069973,484.722833
2025-09-23,44,5,371.784304,369.360423,425.30835
2025-09-23,45,5,325.691042,308.247292,361.320417
2025-09-23,46,5,215.438271,203.444281,285.468267
2025-09-23,47,5,228.05304,259.806579,357.730217
2025-09-23,48,5,351.496979,406.952917,491.324583
2025-09-23,49,5,359.637638,377.554962,424.227
2025-09-23,50,5,276.403352,292.0215,340.29965
2025-09-23,51,5,183.762604,240.895625,322.88875
2025-09-23,52,5,144.545535,199.067133,267.16475
2025-09-23,53,5,74.006567,122.684083,177.016983
2025-09-23,54,5,-27.82099,68.435833,103.286667
2025-09-23,55,5,-149.852673,52.719965,88.530533
2025-09-23,56,5,-223.50955,16.267231,75.393733
2025-09-23,57,5,-258.198281,-55.689167,46.359583
2025-09-23,58,5,-314.373433,-123.012656,34.080667
2025-09-23,59,5,-333.317048,-160.752394,13.978433
2025-09-23,60,5,-374.842344,-180.741562,-5.300417
2025-09-23,61,5,-455.251121,-217.800217,3.388967
2025-09-23,62,5,-470.830881,-256.675233,-45.913567
2025-09-23,63,5,-429.882656,-265.624427,-133.931667
2025-09-23,64,5,-462.77041,-248.47441,-146.78905
2025-09-23,65,5,-546.786627,-280.949262,-127.813067
2025-09-23,66,5,-601.810937,-327.344219,-148.185833
2025-09-23,67,5,-655.777188,-350.43989,-237.941717
2025-09-23,68,5,-663.262133,-373.083302,-316.498517
2025-09-23,69,5,-669.101458,-395.344844,-328.03625
2025-09-23,70,5,-715.087879,-383.719967,-295.94055
2025-09-23,71,5,-735.915763,-436.475815,-343.97645
2025-09-23,72,5,-729.470625,-524.770833,-453.312083
2025-09-23,73,5,-705.707681,-510.662804,-479.1387
2025-09-23,74,5,-681.088877,-481.660494,-441.904033
2025-09-23,75,5,-636.180885,-464.51349,-421.009583
2025-09-23,76,5,-600.316473,-451.765473,-460.462517
2025-09-23,77,5,-574.41004,-412.900554,-409.1788
2025-09-23,78,5,-528.80099,-371.014375,-287.767917
2025-09-23,79,5,-471.906721,-345.69745,-271.910917
2025-09-23,80,5,-498.511554,-339.792862,-278.945617
2025-09-23,81,5,-451.8825,-309.455729,-248.609583
2025-09-23,82,5,-339.121281,-243.666113,-205.436183
2025-09-23,83,5,-342.891273,-202.416798,-156.054517
2025-09-23,84,5,-398.627552,-169.728125,-114.23875
2025-09-23,85,5,-302.005221,-117.977981,-89.892717
2025-09-23,86,5,-235.862044,-73.815271,-30.106467
2025-09-23,87,5,-210.843698,-40.360781,63.758333
2025-09-23,88,5,-135.991494,18.494508,137.285467
2025-09-23,89,5,-76.581673,71.469952,202.581117
2025-09-23,90,5,-41.591146,114.59625,250.17375
2025-09-23,91,5,39.437148,159.849983,255.88385
2025-09-23,92,5,109.395431,223.522992,287.7842
2025-09-23,93,5,128.92974,278.143125,327.535417
2025-09-23,94,5,182.197142,338.317733,302.307267
2025-09-23,95,5,243.277715,357.713694,352.949183
2025-09-23,96,5,307.192969,375.364792,493.5825
2025-09-23,97,5,411.052635,460.25545,589.43265
2025-09-23,98,5,477.894281,540.916812,635.81365
2025-09-23,99,5,479.849323,578.355573,668.235417
2025-09-23,100,5,531.389833,628.629727,716.347533
2025-09-23,101,5,611.553677,697.778354,764.822683
2025-09-23,102,5,683.273906,758.393021,814.05375
2025-09-23,103,5,730.489462,785.897665,877.086983
2025-09-23,104,5,741.475071,834.147577,913.336617
2025-09-23,105,5,729.930677,907.254531,956.38375
2025-09-23,106,5,827.483456,1002.529629,1051.862667
2025-09-23,107,5,827.070117,933.133252,959.165317
2025-09-23,108,5,706.300469,774.23776,752.645
2025-09-23,109,5,667.975125,775.426615,764.32985
2025-09-23,110,5,665.659617,814.832229,830.227267
2025-09-23,111,5,651.088125,806.722292,834.416667
2025-09-23,112,5,662.49534,804.795962,836.15965
2025-09-23,113,5,640.651331,806.073296,810.3647
2025-09-23,114,5,591.897083,810.606667,777.426667
2025-09-23,115,5,620.856721,820.818979,799.098883
2025-09-23,116,5,630.528685,824.535317,825.595867
2025-09-23,117,5,606.749792,809.135,817.816667
2025-09-23,118,5,648.87574,826.035004,786.83635
2025-09-23,119,5,657.896829,824.012321,784.2189
2025-09-23,120,5,636.242708,803.887292,811.911667
2025-09-23,121,5,658.827496,808.498298,827.178117
2025-09-23,122,5,657.681973,805.691925,843.5677
2025-09-23,123,5,630.356458,799.920833,839.708333
2025-09-23,124,5,640.529865,813.965056,784.895283
2025-09-23,125,5,676.230046,812.117596,801.6618
2025-09-23,126,5,680.290417,795.25,869.216667
2025-09-23,127,5,668.222765,814.293429,842.524383
2025-09-23,128,5,621.138483,801.790721,804.595183
2025-09-23,129,5,612.133333,785.456458,813.381667
2025-09-23,130,5,662.838798,812.54511,829.869133
2025-09-23,131,5,638.752952,757.209931,768.1865
2025-09-23,132,5,531.42625,624.062292,639.243333
2025-09-23,133,5,525.443358,605.75975,553.441567
2025-09-23,134,5,483.699023,617.5961,582.678567
2025-09-23,135,5,416.406458,609.568333,647.206667
2025-09-23,136,5,496.231538,615.867485,596.69985
2025-09-23,137,5,525.343998,628.012752,555.352283
2025-09-23,138,5,483.625833,622.590417,569.35
2025-09-23,139,5,460.56454,607.993504,564.655867
2025-09-23,140,5,459.365271,602.791308,576.501567
2025-09-23,141,5,463.430417,609.873958,610.325
2025-09-23,142,5,452.663158,615.207112,617.0673
2025-09-23,143,5,450.797944,606.437985,568.298083
2025-09-23,0,6,498.865625,625.802083,570.856667
2025-09-23,1,6,588.889752,644.833123,570.184333
2025-09-23,2,6,570.833127,636.402571,560.318183
2025-09-23,3,6,471.450833,595.664375,564.766667
2025-09-23,4,6,492.466931,592.405254,598.508917
2025-09-23,5,6,494.373254,593.102337,606.51065
2025-09-23,6,6,449.458333,584.633125,589.77
2025-09-23,7,6,475.865865,577.174031,597.35335
2025-09-23,8,6,473.659663,577.522248,579.971667
2025-09-23,9,6,480.466458,597.333542,552.68
2025-09-23,10,6,515.871652,598.633423,584.05335
2025-09-23,11,6,536.368406,599.781773,601.861617
2025-09-23,12,6,521.96,604.659375,590.606667
2025-09-23,13,6,497.895756,592.56201,604.56305
2025-09-23,14,6,497.710998,589.261396,607.79955
2025-09-23,15,6,504.053542,600.093125,594.986667
2025-09-23,16,6,521.324406,610.149179,598.5124
2025-09-23,17,6,540.111019,608.781202,587.279767
2025-09-23,18,6,558.057083,605.724583,567.005
2025-09-23,19,6,551.61306,608.982392,578.479933
2025-09-23,20,6,544.856625,608.485898,591.051967
2025-09-23,21,6,551.59375,594.971458,586.85
2025-09-23,22,6,544.219998,588.732129,582.173583
2025-09-23,23,6,552.093635,600.528885,602.753333
2025-09-23,24,6,577.37,611.625833,623.128333
2025-09-23,25,6,631.299085,628.028262,595.522683
2025-09-23,26,6,621.903108,626.642279,591.470933
2025-09-23,27,6,577.895,617.575625,616.071667
2025-09-23,28,6,618.449042,619.503663,604.8963
2025-09-23,29,6,629.9028,614.489202,600.415817
2025-09-23,30,6,575.424583,607.373542,618.123333
2025-09-23,31,6,559.666702,599.077092,625.165267
2025-09-23,32,6,601.837987,611.527471,614.908133
2025-09-23,33,6,648.68401,629.758542,592.946667
2025-09-23,34,6,579.639873,593.486781,583.97805
2025-09-23,35,6,640.195815,648.767308,666.913433
2025-09-23,36,6,780.062917,755.183125,790.623333
2025-09-23,37,6,746.863844,731.24755,793.772083
2025-09-23,38,6,687.794604,650.806779,742.659817
2025-09-23,39,6,672.523177,599.017708,690.46875
2025-09-23,40,6,615.803158,573.813213,630.584017
2025-09-23,41,6,548.339006,522.518142,584.88215
2025-09-23,42,6,487.484896,448.771406,546.2125
2025-09-23,43,6,383.6886,400.069973,484.722833
2025-09-23,44,6,351.329706,369.360423,425.30835
2025-09-23,45,6,354.252917,308.247292,361.320417
2025-09-23,46,6,271.657563,203.444281,285.468267
2025-09-23,47,6,338.820588,259.806579,357.730217
2025-09-23,48,6,517.19,406.952917,491.324583
2025-09-23,49,6,500.809146,377.554962,424.227
2025-09-23,50,6,390.905362,292.0215,340.29965
2025-09-23,51,6,319.57901,240.895625,322.88875
2025-09-23,52,6,321.730373,199.067133,267.16475
2025-09-23,53,6,256.149531,122.684083,177.016983
2025-09-23,54,6,174.60151,68.435833,103.286667
2025-09-23,55,6,176.03044,52.719965,88.530533
2025-09-23,56,6,121.544842,16.267231,75.393733
2025-09-23,57,6,-18.237292,-55.689167,46.359583
2025-09-23,58,6,-54.09976,-123.012656,34.080667
2025-09-23,59,6,-37.710173,-160.752394,13.978433
2025-09-23,60,6,-20.384479,-180.741562,-5.300417
2025-09-23,61,6,-43.940813,-217.800217,3.388967
2025-09-23,62,6,-100.584142,-256.675233,-45.913567
2025-09-23,63,6,-140.706146,-265.624427,-133.931667
2025-09-23,64,6,-188.426883,-248.47441,-146.78905
2025-09-23,65,6,-218.725098,-280.949262,-127.813067
2025-09-23,66,6,-219.428021,-327.344219,-148.185833
2025-09-23,67,6,-308.567377,-350.43989,-237.941717
2025-09-23,68,6,-320.734138,-373.083302,-316.498517
2025-09-23,69,6,-309.46526,-395.344844,-328.03625
2025-09-23,70,6,-358.174565,-383.719967,-295.94055
2025-09-23,71,6,-402.479331,-436.475815,-343.97645
2025-09-23,72,6,-393.821302,-524.770833,-453.312083
2025-09-23,73,6,-347.082012,-510.662804,-479.1387
2025-09-23,74,6,-355.314454,-481.660494,-441.904033
2025-09-23,75,6,-364.166302,-464.51349,-421.009583
2025-09-23,76,6,-330.655502,-451.765473,-460.462517
2025-09-23,77,6,-318.889212,-412.900554,-409.1788
2025-09-23,78,6,-259.243594,-371.014375,-287.767917
2025-09-23,79,6,-207.019896,-345.69745,-271.910917
2025-09-23,80,6,-244.739933,-339.792862,-278.945617
2025-09-23,81,6,-302.294167,-309.455729,-248.609583
2025-09-23,82,6,-191.661702,-243.666113,-205.436183
2025-09-23,83,6,-88.3449,-202.416798,-156.054517
2025-09-23,84,6,-48.406406,-169.728125,-114.23875
2025-09-23,85,6,-49.291379,-117.977981,-89.892717
2025-09-23,86,6,4.358721,-73.815271,-30.106467
2025-09-23,87,6,58.312396,-40.360781,63.758333
2025-09-23,88,6,15.461402,18.494508,137.285467
2025-09-23,89,6,41.740698,71.469952,202.581117
2025-09-23,90,6,98.723333,114.59625,250.17375
2025-09-23,91,6,121.244698,159.849983,255.88385
2025-09-23,92,6,204.92376,223.522992,287.7842
2025-09-23,93,6,289.921354,278.143125,327.535417
2025-09-23,94,6,301.049996,338.317733,302.307267
2025-09-23,95,6,342.426242,357.713694,352.949183
2025-09-23,96,6,423.80125,375.364792,493.5825
2025-09-23,97,6,432.977385,460.25545,589.43265
2025-09-23,98,6,490.73596,540.916812,635.81365
2025-09-23,99,6,572.162031,578.355573,668.235417
2025-09-23,100,6,635.13591,628.629727,716.347533
2025-09-23,101,6,721.9111,697.778354,764.822683
2025-09-23,102,6,799.56474,758.393021,814.05375
2025-09-23,103,6,818.686994,785.897665,877.086983
2025-09-23,104,6,854.701771,834.147577,913.336617
2025-09-23,105,6,901.586042,907.254531,956.38375
2025-09-23,106,6,970.516971,1002.529629,1051.862667
2025-09-23,107,6,916.977783,933.133252,959.165317
2025-09-23,108,6,763.65099,774.23776,752.645
2025-09-23,109,6,721.065592,775.426615,764.32985
2025-09-23,110,6,746.752896,814.832229,830.227267
2025-09-23,111,6,763.994167,806.722292,834.416667
2025-09-23,112,6,717.592233,804.795962,836.15965
2025-09-23,113,6,689.013117,806.073296,810.3647
2025-09-23,114,6,697.779583,810.606667,777.426667
2025-09-23,115,6,758.101313,820.818979,799.098883
2025-09-23,116,6,757.724185,824.535317,825.595867
2025-09-23,117,6,685.896458,809.135,817.816667
2025-09-23,118,6,682.936383,826.035004,786.83635
2025-09-23,119,6,722.500979,824.012321,784.2189
2025-09-23,120,6,760.716458,803.887292,811.911667
2025-09-23,121,6,747.755133,808.498298,827.178117
2025-09-23,122,6,698.965994,805.691925,843.5677
2025-09-23,123,6,679.003333,799.920833,839.708333
2025-09-23,124,6,690.476167,813.965056,784.895283
2025-09-23,125,6,740.355,812.117596,801.6618
2025-09-23,126,6,774.436458,795.25,869.216667
2025-09-23,127,6,730.707187,814.293429,842.524383
2025-09-23,128,6,672.957848,801.790721,804.595183
2025-09-23,129,6,670.733542,785.456458,813.381667
2025-09-23,130,6,705.0852,812.54511,829.869133
2025-09-23,131,6,673.630785,757.209931,768.1865
2025-09-23,132,6,560.96625,624.062292,639.243333
2025-09-23,133,6,551.701933,605.75975,553.441567
2025-09-23,134,6,566.740513,617.5961,582.678567
2025-09-23,135,6,560.653125,609.568333,647.206667
2025-09-23,136,6,515.090908,615.867485,596.69985
2025-09-23,137,6,510.469475,628.012752,555.352283
2025-09-23,138,6,535.33875,622.590417,569.35
2025-09-23,139,6,539.997283,607.993504,564.655867
2025-09-23,140,6,564.837263,602.791308,576.501567
2025-09-23,141,6,567.247917,609.873958,610.325
2025-09-23,142,6,526.299665,615.207112,617.0673
2025-09-23,143,6,506.776748,606.437985,568.298083
2025-09-23,0,7,566.185625,625.802083,570.856667
2025-09-23,1,7,624.414392,644.833123,570.184333
2025-09-23,2,7,581.4416,636.402571,560.318183
2025-09-23,3,7,497.058333,595.664375,564.766667
2025-09-23,4,7,569.220513,592.405254,598.508917
2025-09-23,5,7,600.876962,593.102337,606.51065
2025-09-23,6,7,534.693542,584.633125,589.77
2025-09-23,7,7,505.438827,577.174031,597.35335
2025-09-23,8,7,499.264463,577.522248,579.971667
2025-09-23,9,7,548.60125,597.333542,552.68
2025-09-23,10,7,590.005017,598.633423,584.05335
2025-09-23,11,7,596.258879,599.781773,601.861617
2025-09-23,12,7,590.128958,604.659375,590.606667
2025-09-23,13,7,575.024552,592.56201,604.56305
2025-09-23,14,7,559.578929,589.261396,607.79955
2025-09-23,15,7,545.888125,600.093125,594.986667
2025-09-23,16,7,566.86395,610.149179,598.5124
2025-09-23,17,7,561.620887,608.781202,587.279767
2025-09-23,18,7,543.002708,605.724583,567.005
2025-09-23,19,7,534.0453,608.982392,578.479933
2025-09-23,20,7,557.641658,608.485898,591.051967
2025-09-23,21,7,579.385208,594.971458,586.85
2025-09-23,22,7,590.275685,588.732129,582.173583
2025-09-23,23,7,581.93375,600.528885,602.753333
2025-09-23,24,7,574.535833,611.625833,623.128333
2025-09-23,25,7,602.754465,628.028262,595.522683
2025-09-23,26,7,610.828377,626.642279,591.470933
2025-09-23,27,7,591.836458,617.575625,616.071667
2025-09-23,28,7,595.783879,619.503663,604.8963
2025-09-23,29,7,590.364142,614.489202,600.415817
2025-09-23,30,7,591.275,607.373542,618.123333
2025-09-23,31,7,538.239833,599.077092,625.165267
2025-09-23,32,7,548.084658,611.527471,614.908133
2025-09-23,33,7,614.79599,629.758542,592.946667
2025-09-23,34,7,614.198737,593.486781,583.97805
2025-09-23,35,7,709.117971,648.767308,666.913433
2025-09-23,36,7,823.579583,755.183125,790.623333
2025-09-23,37,7,778.887994,731.24755,793.772083
2025-09-23,38,7,704.786058,650.806779,742.659817
2025-09-23,39,7,690.992917,599.017708,690.46875
2025-09-23,40,7,678.364719,573.813213,630.584017
2025-09-23,41,7,617.428194,522.518142,584.88215
2025-09-23,42,7,535.896302,448.771406,546.2125
2025-09-23,43,7,506.363779,400.069973,484.722833
2025-09-23,44,7,510.967569,369.360423,425.30835
2025-09-23,45,7,447.125521,308.247292,361.320417
2025-09-23,46,7,334.00876,203.444281,285.468267
2025-09-23,47,7,391.994417,259.806579,357.730217
2025-09-23,48,7,534.204948,406.952917,491.324583
2025-09-23,49,7,460.065621,377.554962,424.227
2025-09-23,50,7,315.260475,292.0215,340.29965
2025-09-23,51,7,242.972083,240.895625,322.88875
2025-09-23,52,7,268.198171,199.067133,267.16475
2025-09-23,53,7,235.112173,122.684083,177.016983
2025-09-23,54,7,140.504896,68.435833,103.286667
2025-09-23,55,7,48.759679,52.719965,88.530533
2025-09-23,56,7,9.022304,16.267231,75.393733
2025-09-23,57,7,-20.408958,-55.689167,46.359583
2025-09-23,58,7,-153.262285,-123.012656,34.080667
2025-09-23,59,7,-274.417456,-160.752394,13.978433
2025-09-23,60,7,-318.34125,-180.741562,-5.300417
2025-09-23,61,7,-376.93379,-217.800217,3.388967
2025-09-23,62,7,-430.41136,-256.675233,-45.913567
2025-09-23,63,7,-464.965573,-265.624427,-133.931667
2025-09-23,64,7,-533.686246,-248.47441,-146.78905
2025-09-23,65,7,-578.89559,-280.949262,-127.813067
2025-09-23,66,7,-555.375885,-327.344219,-148.185833
2025-09-23,67,7,-543.052492,-350.43989,-237.941717
2025-09-23,68,7,-541.321031,-373.083302,-316.498517
2025-09-23,69,7,-536.065833,-395.344844,-328.03625
2025-09-23,70,7,-486.800481,-383.719967,-295.94055
2025-09-23,71,7,-613.418648,-436.475815,-343.97645
2025-09-23,72,7,-776.657865,-524.770833,-453.312083
2025-09-23,73,7,-651.220646,-510.662804,-479.1387
2025-09-23,74,7,-559.44111,-481.660494,-441.904033
2025-09-23,75,7,-584.789375,-464.51349,-421.009583
2025-09-23,76,7,-533.971675,-451.765473,-460.462517
2025-09-23,77,7,-452.658658,-412.900554,-409.1788
2025-09-23,78,7,-392.714687,-371.014375,-287.767917
2025-09-23,79,7,-368.953694,-345.69745,-271.910917
2025-09-23,80,7,-378.373481,-339.792862,-278.945617
2025-09-23,81,7,-363.430469,-309.455729,-248.609583
2025-09-23,82,7,-303.603219,-243.666113,-205.436183
2025-09-23,83,7,-291.781871,-202.416798,-156.054517
2025-09-23,84,7,-269.871458,-169.728125,-114.23875
2025-09-23,85,7,-143.070829,-117.977981,-89.892717
2025-09-23,86,7,-85.22279,-73.815271,-30.106467
2025-09-23,87,7,-108.096458,-40.360781,63.758333
2025-09-23,88,7,-14.522363,18.494508,137.285467
2025-09-23,89,7,83.70186,71.469952,202.581117
2025-09-23,90,7,137.807656,114.59625,250.17375
2025-09-23,91,7,217.822965,159.849983,255.88385
2025-09-23,92,7,289.49664,223.522992,287.7842
2025-09-23,93,7,304.573073,278.143125,327.535417
2025-09-23,94,7,333.906265,338.317733,302.307267
2025-09-23,95,7,351.694869,357.713694,352.949183
2025-09-23,96,7,393.033542,375.364792,493.5825
2025-09-23,97,7,452.734902,460.25545,589.43265
2025-09-23,98,7,509.504617,540.916812,635.81365
2025-09-23,99,7,545.542917,578.355573,668.235417
2025-09-23,100,7,598.940656,628.629727,716.347533
2025-09-23,101,7,649.046367,697.778354,764.822683
2025-09-23,102,7,700.865104,758.393021,814.05375
2025-09-23,103,7,750.469204,785.897665,877.086983
2025-09-23,104,7,818.089181,834.147577,913.336617
2025-09-23,105,7,933.548542,907.254531,956.38375
2025-09-23,106,7,986.736796,1002.529629,1051.862667
2025-09-23,107,7,948.490965,933.133252,959.165317
2025-09-23,108,7,826.635885,774.23776,752.645
2025-09-23,109,7,775.281015,775.426615,764.32985
2025-09-23,110,7,751.48501,814.832229,830.227267
2025-09-23,111,7,730.716562,806.722292,834.416667
2025-09-23,112,7,757.193083,804.795962,836.15965
2025-09-23,113,7,780.757648,806.073296,810.3647
2025-09-23,114,7,791.913125,810.606667,777.426667
2025-09-23,115,7,788.534146,820.818979,799.098883
2025-09-23,116,7,747.217021,824.535317,825.595867
2025-09-23,117,7,732.278958,809.135,817.816667
2025-09-23,118,7,817.799069,826.035004,786.83635
2025-09-23,119,7,810.034621,824.012321,784.2189
2025-09-23,120,7,752.1025,803.887292,811.911667
2025-09-23,121,7,768.202269,808.498298,827.178117
2025-09-23,122,7,767.147633,805.691925,843.5677
2025-09-23,123,7,734.332083,799.920833,839.708333
2025-09-23,124,7,750.401148,813.965056,784.895283
2025-09-23,125,7,762.15739,812.117596,801.6618
2025-09-23,126,7,741.959375,795.25,869.216667
2025-09-23,127,7,757.937177,814.293429,842.524383
2025-09-23,128,7,732.049231,801.790721,804.595183
2025-09-23,129,7,708.217917,785.456458,813.381667
2025-09-23,130,7,746.985846,812.54511,829.869133
2025-09-23,131,7,677.026171,757.209931,768.1865
2025-09-23,132,7,511.650833,624.062292,639.243333
2025-09-23,133,7,513.044473,605.75975,553.441567
2025-09-23,134,7,559.693269,617.5961,582.678567
2025-09-23,135,7,569.442708,609.568333,647.206667
2025-09-23,136,7,593.586971,615.867485,596.69985
2025-09-23,137,7,595.805577,628.012752,555.352283
2025-09-23,138,7,549.44875,622.590417,569.35
2025-09-23,139,7,520.60109,607.993504,564.655867
2025-09-23,140,7,553.25001,602.791308,576.501567
2025-09-23,141,7,605.948333,609.873958,610.325
2025-09-23,142,7,568.925554,615.207112,617.0673
2025-09-23,143,7,526.570577,606.437985,568.298083
2025-09-23,0,8,546.392708,625.802083,570.856667
2025-09-23,1,8,623.981804,644.833123,570.184333
2025-09-23,2,8,639.24404,636.402571,560.318183
2025-09-23,3,8,592.000625,595.664375,564.766667
2025-09-23,4,8,543.565085,592.405254,598.508917
2025-09-23,5,8,526.159837,593.102337,606.51065
2025-09-23,6,8,527.142917,584.633125,589.77
2025-09-23,7,8,537.579104,577.174031,597.35335
2025-09-23,8,8,541.961763,577.522248,579.971667
2025-09-23,9,8,532.298333,597.333542,552.68
2025-09-23,10,8,537.717656,598.633423,584.05335
2025-09-23,11,8,578.831408,599.781773,601.861617
2025-09-23,12,8,612.747917,604.659375,590.606667
2025-09-23,13,8,565.897354,592.56201,604.56305
2025-09-23,14,8,533.971437,589.261396,607.79955
2025-09-23,15,8,562.143958,600.093125,594.986667
2025-09-23,16,8,601.134792,610.149179,598.5124
2025-09-23,17,8,599.87791,608.781202,587.279767
2025-09-23,18,8,575.006875,605.724583,567.005
2025-09-23,19,8,614.856912,608.982392,578.479933
2025-09-23,20,8,607.114235,608.485898,591.051967
2025-09-23,21,8,540.011875,594.971458,586.85
2025-09-23,22,8,542.983467,588.732129,582.173583
2025-09-23,23,8,588.932225,600.528885,602.753333
2025-09-23,24,8,616.886042,611.625833,623.128333
2025-09-23,25,8,645.49991,628.028262,595.522683
2025-09-23,26,8,634.610954,626.642279,591.470933
2025-09-23,27,8,600.437708,617.575625,616.071667
2025-09-23,28,8,615.149048,619.503663,604.8963
2025-09-23,29,8,615.089877,614.489202,600.415817
2025-09-23,30,8,581.595833,607.373542,618.123333
2025-09-23,31,8,569.87211,599.077092,625.165267
2025-09-23,32,8,592.130021,611.527471,614.908133
2025-09-23,33,8,608.324375,629.758542,592.946667
2025-09-23,34,8,599.425208,593.486781,583.97805
2025-09-23,35,8,677.100235,648.767308,666.913433
2025-09-23,36,8,796.572969,755.183125,790.623333
2025-09-23,37,8,772.009471,731.24755,793.772083
2025-09-23,38,8,702.137262,650.806779,742.659817
2025-09-23,39,8,657.685521,599.017708,690.46875
2025-09-23,40,8,618.712058,573.813213,630.584017
2025-09-23,41,8,576.94914,522.518142,584.88215
2025-09-23,42,8,535.50349,448.771406,546.2125
2025-09-23,43,8,460.295223,400.069973,484.722833
2025-09-23,44,8,410.366702,369.360423,425.30835
2025-09-23,45,8,358.806458,308.247292,361.320417
2025-09-23,46,8,272.582446,203.444281,285.468267
2025-09-23,47,8,327.253965,259.806579,357.730217
2025-09-23,48,8,444.806146,406.952917,491.324583
2025-09-23,49,8,392.27586,377.554962,424.227
2025-09-23,50,8,319.266744,292.0215,340.29965
2025-09-23,51,8,250.456979,240.895625,322.88875
2025-09-23,52,8,171.477331,199.067133,267.16475
2025-09-23,53,8,107.342292,122.684083,177.016983
2025-09-23,54,8,74.419583,68.435833,103.286667
2025-09-23,55,8,81.398792,52.719965,88.530533
2025-09-23,56,8,73.320963,16.267231,75.393733
2025-09-23,57,8,-15.775312,-55.689167,46.359583
2025-09-23,58,8,-148.702808,-123.012656,34.080667
2025-09-23,59,8,-173.125835,-160.752394,13.978433
2025-09-23,60,8,-114.023125,-180.741562,-5.300417
2025-09-23,61,8,-168.045127,-217.800217,3.388967
2025-09-23,62,8,-257.854417,-256.675233,-45.913567
2025-09-23,63,8,-252.855885,-265.624427,-133.931667
2025-09-23,64,8,-124.992696,-248.47441,-146.78905
2025-09-23,65,8,-140.503415,-280.949262,-127.813067
2025-09-23,66,8,-245.944896,-327.344219,-148.185833
2025-09-23,67,8,-226.802654,-350.43989,-237.941717
2025-09-23,68,8,-207.533375,-373.083302,-316.498517
2025-09-23,69,8,-214.846771,-395.344844,-328.03625
2025-09-23,70,8,-230.219292,-383.719967,-295.94055
2025-09-23,71,8,-222.115167,-436.475815,-343.97645
2025-09-23,72,8,-249.248229,-524.770833,-453.312083
2025-09-23,73,8,-350.445054,-510.662804,-479.1387
2025-09-23,74,8,-391.424579,-481.660494,-441.904033
2025-09-23,75,8,-302.639479,-464.51349,-421.009583
2025-09-23,76,8,-285.212637,-451.765473,-460.462517
2025-09-23,77,8,-314.394783,-412.900554,-409.1788
2025-09-23,78,8,-292.12599,-371.014375,-287.767917
2025-09-23,79,8,-218.171617,-345.69745,-271.910917
2025-09-23,80,8,-222.97974,-339.792862,-278.945617
2025-09-23,81,8,-256.12349,-309.455729,-248.609583
2025-09-23,82,8,-176.401617,-243.666113,-205.436183
2025-09-23,83,8,-131.945588,-202.416798,-156.054517
2025-09-23,84,8,-158.419167,-169.728125,-114.23875
2025-09-23,85,8,-193.479179,-117.977981,-89.892717
2025-09-23,86,8,-135.528869,-73.815271,-30.106467
2025-09-23,87,8,-5.685,-40.360781,63.758333
2025-09-23,88,8,85.060123,18.494508,137.285467
2025-09-23,89,8,118.760027,71.469952,202.581117
2025-09-23,90,8,136.602187,114.59625,250.17375
2025-09-23,91,8,183.138552,159.849983,255.88385
2025-09-23,92,8,274.250727,223.522992,287.7842
2025-09-23,93,8,340.482552,278.143125,327.535417
2025-09-23,94,8,385.404223,338.317733,302.307267
2025-09-23,95,8,331.540521,357.713694,352.949183
2025-09-23,96,8,296.12224,375.364792,493.5825
2025-09-23,97,8,418.01634,460.25545,589.43265
2025-09-23,98,8,533.726269,540.916812,635.81365
2025-09-23,99,8,543.876042,578.355573,668.235417
2025-09-23,100,8,599.885623,628.629727,716.347533
2025-09-23,101,8,719.615731,697.778354,764.822683
2025-09-23,102,8,824.866042,758.393021,814.05375
2025-09-23,103,8,832.45499,785.897665,877.086983
2025-09-23,104,8,860.563852,834.147577,913.336617
2025-09-23,105,8,942.481771,907.254531,956.38375
2025-09-23,106,8,1027.454644,1002.529629,1051.862667
2025-09-23,107,8,958.706842,933.133252,959.165317
2025-09-23,108,8,790.670937,774.23776,752.645
2025-09-23,109,8,749.550981,775.426615,764.32985
2025-09-23,110,8,747.625469,814.832229,830.227267
2025-09-23,111,8,748.97875,806.722292,834.416667
2025-09-23,112,8,804.42371,804.795962,836.15965
2025-09-23,113,8,781.333227,806.073296,810.3647
2025-09-23,114,8,731.964583,810.606667,777.426667
2025-09-23,115,8,783.028481,820.818979,799.098883
2025-09-23,116,8,811.654904,824.535317,825.595867
2025-09-23,117,8,782.854167,809.135,817.816667
2025-09-23,118,8,777.692056,826.035004,786.83635
2025-09-23,119,8,758.831275,824.012321,784.2189
2025-09-23,120,8,745.885625,803.887292,811.911667
2025-09-23,121,8,725.518813,808.498298,827.178117
2025-09-23,122,8,731.731221,805.691925,843.5677
2025-09-23,123,8,778.901458,799.920833,839.708333
2025-09-23,124,8,815.266725,813.965056,784.895283
2025-09-23,125,8,774.302712,812.117596,801.6618
2025-09-23,126,8,747.628542,795.25,869.216667
2025-09-23,127,8,780.388704,814.293429,842.524383
2025-09-23,128,8,752.484921,801.790721,804.595183
2025-09-23,129,8,685.460417,785.456458,813.381667
2025-09-23,130,8,763.743258,812.54511,829.869133
2025-09-23,131,8,747.95341,757.209931,768.1865
2025-09-23,132,8,611.258333,624.062292,639.243333
2025-09-23,133,8,544.386844,605.75975,553.441567
2025-09-23,134,8,555.5164,617.5961,582.678567
2025-09-23,135,8,588.465833,609.568333,647.206667
2025-09-23,136,8,575.603704,615.867485,596.69985
2025-09-23,137,8,575.480692,628.012752,555.352283
2025-09-23,138,8,588.261042,622.590417,569.35
2025-09-23,139,8,570.132746,607.993504,564.655867
2025-09-23,140,8,573.422521,602.791308,576.501567
2025-09-23,141,8,600.096875,609.873958,610.325
2025-09-23,142,8,567.106227,615.207112,617.0673
2025-09-23,143,8,587.957294,606.437985,568.298083
2025-09-23,0,9,627.289792,625.802083,570.856667
2025-09-23,1,9,602.4105,644.833123,570.184333
2025-09-23,2,9,558.383642,636.402571,560.318183
2025-09-23,3,9,550.901458,595.664375,564.766667
2025-09-23,4,9,510.264723,592.405254,598.508917
2025-09-23,5,9,518.51345,593.102337,606.51065
2025-09-23,6,9,565.378958,584.633125,589.77
2025-09-23,7,9,554.199948,577.174031,597.35335
2025-09-23,8,9,544.215006,577.522248,579.971667
2025-09-23,9,9,545.013542,597.333542,552.68
2025-09-23,10,9,526.522892,598.633423,584.05335
2025-09-23,11,9,519.801481,599.781773,601.861617
2025-09-23,12,9,559.007292,604.659375,590.606667
2025-09-23,13,9,547.438206,592.56201,604.56305
2025-09-23,14,9,547.951177,589.261396,607.79955
2025-09-23,15,9,548.315417,600.093125,594.986667
2025-09-23,16,9,587.07201,610.149179,598.5124
2025-09-23,17,9,595.373652,608.781202,587.279767
2025-09-23,18,9,567.759583,605.724583,567.005
2025-09-23,19,9,563.238785,608.982392,578.479933
2025-09-23,20,9,582.397685,608.485898,591.051967
2025-09-23,21,9,595.709583,594.971458,586.85
2025-09-23,22,9,568.893927,588.732129,582.173583
2025-09-23,23,9,565.235954,600.528885,602.753333
2025-09-23,24,9,592.122083,611.625833,623.128333
2025-09-23,25,9,597.36316,628.028262,595.522683
2025-09-23,26,9,600.749552,626.642279,591.470933
2025-09-23,27,9,601.207083,617.575625,616.071667
2025-09-23,28,9,592.446219,619.503663,604.8963
2025-09-23,29,9,597.939767,614.489202,600.415817
2025-09-23,30,9,604.859583,607.373542,618.123333
2025-09-23,31,9,583.679456,599.077092,625.165267
2025-09-23,32,9,598.611575,611.527471,614.908133
2025-09-23,33,9,628.615208,629.758542,592.946667
2025-09-23,34,9,583.260833,593.486781,583.97805
2025-09-23,35,9,674.022321,648.767308,666.913433
2025-09-23,36,9,845.256927,755.183125,790.623333
2025-09-23,37,9,774.427487,731.24755,793.772083
2025-09-23,38,9,662.905579,650.806779,742.659817
2025-09-23,39,9,632.819271,599.017708,690.46875
2025-09-23,40,9,623.023304,573.813213,630.584017
2025-09-23,41,9,570.942304,522.518142,584.88215
2025-09-23,42,9,483.510677,448.771406,546.2125
2025-09-23,43,9,453.892883,400.069973,484.722833
2025-09-23,44,9,420.237829,369.360423,425.30835
2025-09-23,45,9,342.190521,308.247292,361.320417
2025-09-23,46,9,263.072146,203.444281,285.468267
2025-09-23,47,9,312.048237,259.806579,357.730217
2025-09-23,48,9,420.472552,406.952917,491.324583
2025-09-23,49,9,408.275806,377.554962,424.227
2025-09-23,50,9,365.158227,292.0215,340.29965
2025-09-23,51,9,313.414219,240.895625,322.88875
2025-09-23,52,9,228.889696,199.067133,267.16475
2025-09-23,53,9,134.092296,122.684083,177.016983
2025-09-23,54,9,103.648229,68.435833,103.286667
2025-09-23,55,9,90.676292,52.719965,88.530533
2025-09-23,56,9,48.533088,16.267231,75.393733
2025-09-23,57,9,-6.237917,-55.689167,46.359583
2025-09-23,58,9,-52.308215,-123.012656,34.080667
2025-09-23,59,9,-53.039387,-160.752394,13.978433
2025-09-23,60,9,-6.000937,-180.741562,-5.300417
2025-09-23,61,9,-16.883806,-217.800217,3.388967
2025-09-23,62,9,-86.076358,-256.675233,-45.913567
2025-09-23,63,9,-171.226042,-265.624427,-133.931667
2025-09-23,64,9,-208.568092,-248.47441,-146.78905
2025-09-23,65,9,-258.449969,-280.949262,-127.813067
2025-09-23,66,9,-286.837865,-327.344219,-148.185833
2025-09-23,67,9,-305.399085,-350.43989,-237.941717
2025-09-23,68,9,-335.400785,-373.083302,-316.498517
2025-09-23,69,9,-340.415885,-395.344844,-328.03625
2025-09-23,70,9,-311.753619,-383.719967,-295.94055
2025-09-23,71,9,-395.975346,-436.475815,-343.97645
2025-09-23,72,9,-513.385781,-524.770833,-453.312083
2025-09-23,73,9,-477.743523,-510.662804,-479.1387
2025-09-23,74,9,-487.715837,-481.660494,-441.904033
2025-09-23,75,9,-551.975,-464.51349,-421.009583
2025-09-23,76,9,-535.53791,-451.765473,-460.462517
2025-09-23,77,9,-454.021208,-412.900554,-409.1788
2025-09-23,78,9,-412.11349,-371.014375,-287.767917
2025-09-23,79,9,-365.474992,-345.69745,-271.910917
2025-09-23,80,9,-340.151169,-339.792862,-278.945617
2025-09-23,81,9,-301.635677,-309.455729,-248.609583
2025-09-23,82,9,-214.209225,-243.666113,-205.436183
2025-09-23,83,9,-198.810429,-202.416798,-156.054517
2025-09-23,84,9,-216.956615,-169.728125,-114.23875
2025-09-23,85,9,-137.750331,-117.977981,-89.892717
2025-09-23,86,9,-107.70376,-73.815271,-30.106467
2025-09-23,87,9,-123.197344,-40.360781,63.758333
2025-09-23,88,9,-69.523244,18.494508,137.285467
2025-09-23,89,9,-19.906335,71.469952,202.581117
2025-09-23,90,9,7.615156,114.59625,250.17375
2025-09-23,91,9,113.37815,159.849983,255.88385
2025-09-23,92,9,202.8709,223.522992,287.7842
2025-09-23,93,9,260.981615,278.143125,327.535417
2025-09-23,94,9,290.171544,338.317733,302.307267
2025-09-23,95,9,332.802246,357.713694,352.949183
2025-09-23,96,9,407.654687,375.364792,493.5825
2025-09-23,97,9,482.959042,460.25545,589.43265
2025-09-23,98,9,560.532096,540.916812,635.81365
2025-09-23,99,9,604.435573,578.355573,668.235417
2025-09-23,100,9,658.995879,628.629727,716.347533
2025-09-23,101,9,714.657692,697.778354,764.822683
2025-09-23,102,9,767.458698,758.393021,814.05375
2025-09-23,103,9,777.992985,785.897665,877.086983
2025-09-23,104,9,827.79379,834.147577,913.336617
2025-09-23,105,9,933.588229,907.254531,956.38375
2025-09-23,106,9,1044.320271,1002.529629,1051.862667
2025-09-23,107,9,930.588835,933.133252,959.165317
2025-09-23,108,9,708.977656,774.23776,752.645
2025-09-23,109,9,735.36796,775.426615,764.32985
2025-09-23,110,9,763.879487,814.832229,830.227267
2025-09-23,111,9,734.693958,806.722292,834.416667
2025-09-23,112,9,733.93671,804.795962,836.15965
2025-09-23,113,9,753.058071,806.073296,810.3647
2025-09-23,114,9,770.51125,810.606667,777.426667
2025-09-23,115,9,780.502873,820.818979,799.098883
2025-09-23,116,9,783.718865,824.535317,825.595867
2025-09-23,117,9,755.122292,809.135,817.816667
2025-09-23,118,9,738.043004,826.035004,786.83635
2025-09-23,119,9,733.070744,824.012321,784.2189
2025-09-23,120,9,728.330625,803.887292,811.911667
2025-09-23,121,9,776.151525,808.498298,827.178117
2025-09-23,122,9,767.740294,805.691925,843.5677
2025-09-23,123,9,726.975833,799.920833,839.708333
2025-09-23,124,9,755.789912,813.965056,784.895283
2025-09-23,125,9,724.076019,812.117596,801.6618
2025-09-23,126,9,708.675833,795.25,869.216667
2025-09-23,127,9,768.243002,814.293429,842.524383
2025-09-23,128,9,794.320925,801.790721,804.595183
2025-09-23,129,9,762.564167,785.456458,813.381667
2025-09-23,130,9,774.718392,812.54511,829.869133
2025-09-23,131,9,727.777063,757.209931,768.1865
2025-09-23,132,9,571.742917,624.062292,639.243333
2025-09-23,133,9,530.370233,605.75975,553.441567
2025-09-23,134,9,523.403967,617.5961,582.678567
2025-09-23,135,9,526.325,609.568333,647.206667
2025-09-23,136,9,616.596252,615.867485,596.69985
2025-09-23,137,9,649.711131,628.012752,555.352283
2025-09-23,138,9,591.686042,622.590417,569.35
2025-09-23,139,9,525.567227,607.993504,564.655867
2025-09-23,140,9,523.28131,602.791308,576.501567
2025-09-23,141,9,572.134792,609.873958,610.325
2025-09-23,142,9,577.777112,615.207112,617.0673
2025-09-23,143,9,574.157202,606.437985,568.298083
2025-09-23,0,10,594.85,625.802083,570.856667
2025-09-23,1,10,603.57924,644.833123,570.184333
2025-09-23,2,10,578.102008,636.402571,560.318183
2025-09-23,3,10,534.614583,595.664375,564.766667
2025-09-23,4,10,556.281779,592.405254,598.508917
2025-09-23,5,10,569.778669,593.102337,606.51065
2025-09-23,6,10,533.281042,584.633125,589.77
2025-09-23,7,10,525.664712,577.174031,597.35335
2025-09-23,8,10,527.81926,577.522248,579.971667
2025-09-23,9,10,558.498542,597.333542,552.68
2025-09-23,10,10,559.04635,598.633423,584.05335
2025-09-23,11,10,552.382613,599.781773,601.861617
2025-09-23,12,10,548.529167,604.659375,590.606667
2025-09-23,13,10,551.797633,592.56201,604.56305
2025-09-23,14,10,562.753885,589.261396,607.79955
2025-09-23,15,10,544.255,600.093125,594.986667
2025-09-23,16,10,566.823033,610.149179,598.5124
2025-09-23,17,10,578.521623,608.781202,587.279767
2025-09-23,18,10,562.480208,605.724583,567.005
2025-09-23,19,10,541.563735,608.982392,578.479933
2025-09-23,20,10,555.139906,608.485898,591.051967
2025-09-23,21,10,575.189167,594.971458,586.85
2025-09-23,22,10,573.564017,588.732129,582.173583
2025-09-23,23,10,583.357052,600.528885,602.753333
2025-09-23,24,10,607.106458,611.625833,623.128333
2025-09-23,25,10,617.964212,628.028262,595.522683
2025-09-23,26,10,594.839004,626.642279,591.470933
2025-09-23,27,10,581.292917,617.575625,616.071667
2025-09-23,28,10,587.581758,619.503663,604.8963
2025-09-23,29,10,599.534831,614.489202,600.415817
2025-09-23,30,10,612.476875,607.373542,618.123333
2025-09-23,31,10,575.446567,599.077092,625.165267
2025-09-23,32,10,611.895673,611.527471,614.908133
2025-09-23,33,10,673.344583,629.758542,592.946667
2025-09-23,34,10,570.420196,593.486781,583.97805
2025-09-23,35,10,621.572713,648.767308,666.913433
2025-09-23,36,10,811.751354,755.183125,790.623333
2025-09-23,37,10,794.599092,731.24755,793.772083
2025-09-23,38,10,703.461823,650.806779,742.659817
2025-09-23,39,10,643.719271,599.017708,690.46875
2025-09-23,40,10,624.998006,573.813213,630.584017
2025-09-23,41,10,585.508344,522.518142,584.88215
2025-09-23,42,10,496.40349,448.771406,546.2125
2025-09-23,43,10,447.910956,400.069973,484.722833
2025-09-23,44,10,432.279292,369.360423,425.30835
2025-09-23,45,10,383.267344,308.247292,361.320417
2025-09-23,46,10,252.214217,203.444281,285.468267
2025-09-23,47,10,276.974883,259.806579,357.730217
2025-09-23,48,10,437.255208,406.952917,491.324583
2025-09-23,49,10,432.225496,377.554962,424.227
2025-09-23,50,10,391.595925,292.0215,340.29965
2025-09-23,51,10,339.808333,240.895625,322.88875
2025-09-23,52,10,272.255902,199.067133,267.16475
2025-09-23,53,10,218.238806,122.684083,177.016983
2025-09-23,54,10,220.66651,68.435833,103.286667
2025-09-23,55,10,161.793404,52.719965,88.530533
2025-09-23,56,10,135.510754,16.267231,75.393733
2025-09-23,57,10,110.123958,-55.689167,46.359583
2025-09-23,58,10,-25.921262,-123.012656,34.080667
2025-09-23,59,10,-45.876363,-160.752394,13.978433
2025-09-23,60,10,27.997604,-180.741562,-5.300417
2025-09-23,61,10,-63.617831,-217.800217,3.388967
2025-09-23,62,10,-186.325625,-256.675233,-45.913567
2025-09-23,63,10,-204.915573,-265.624427,-133.931667
2025-09-23,64,10,-152.95115,-248.47441,-146.78905
2025-09-23,65,10,-169.821683,-280.949262,-127.813067
2025-09-23,66,10,-257.042031,-327.344219,-148.185833
2025-09-23,67,10,-348.264035,-350.43989,-237.941717
2025-09-23,68,10,-419.04295,-373.083302,-316.498517
2025-09-23,69,10,-474.573385,-395.344844,-328.03625
2025-09-23,70,10,-491.76079,-383.719967,-295.94055
2025-09-23,71,10,-520.840883,-436.475815,-343.97645
2025-09-23,72,10,-530.436354,-524.770833,-453.312083
2025-09-23,73,10,-494.967956,-510.662804,-479.1387
2025-09-23,74,10,-537.764513,-481.660494,-441.904033
2025-09-23,75,10,-532.325313,-464.51349,-421.009583
2025-09-23,76,10,-438.001283,-451.765473,-460.462517
2025-09-23,77,10,-306.459021,-412.900554,-409.1788
2025-09-23,78,10,-250.520521,-371.014375,-287.767917
2025-09-23,79,10,-250.663846,-345.69745,-271.910917
2025-09-23,80,10,-301.084827,-339.792862,-278.945617
2025-09-23,81,10,-312.144844,-309.455729,-248.609583
2025-09-23,82,10,-232.566406,-243.666113,-205.436183
2025-09-23,83,10,-175.573352,-202.416798,-156.054517
2025-09-23,84,10,-149.800781,-169.728125,-114.23875
2025-09-23,85,10,-90.838648,-117.977981,-89.892717
2025-09-23,86,10,-69.916306,-73.815271,-30.106467
2025-09-23,87,10,-69.642969,-40.360781,63.758333
2025-09-23,88,10,5.206552,18.494508,137.285467
2025-09-23,89,10,97.763,71.469952,202.581117
2025-09-23,90,10,162.207292,114.59625,250.17375
2025-09-23,91,10,190.836567,159.849983,255.88385
2025-09-23,92,10,220.033021,223.522992,287.7842
2025-09-23,93,10,282.324323,278.143125,327.535417
2025-09-23,94,10,333.5948,338.317733,302.307267
2025-09-23,95,10,343.787819,357.713694,352.949183
2025-09-23,96,10,392.23276,375.364792,493.5825
2025-09-23,97,10,490.676296,460.25545,589.43265
2025-09-23,98,10,560.840267,540.916812,635.81365
2025-09-23,99,10,588.4125,578.355573,668.235417
2025-09-23,100,10,608.916194,628.629727,716.347533
2025-09-23,101,10,698.934415,697.778354,764.822683
2025-09-23,102,10,794.585208,758.393021,814.05375
2025-09-23,103,10,773.38121,785.897665,877.086983
2025-09-23,104,10,812.526142,834.147577,913.336617
2025-09-23,105,10,930.089427,907.254531,956.38375
2025-09-23,106,10,1002.554467,1002.529629,1051.862667
2025-09-23,107,10,898.257046,933.133252,959.165317
2025-09-23,108,10,750.937396,774.23776,752.645
2025-09-23,109,10,750.015648,775.426615,764.32985
2025-09-23,110,10,795.188513,814.832229,830.227267
2025-09-23,111,10,796.651458,806.722292,834.416667
2025-09-23,112,10,718.833077,804.795962,836.15965
2025-09-23,113,10,710.115002,806.073296,810.3647
2025-09-23,114,10,802.64125,810.606667,777.426667
2025-09-23,115,10,802.34234,820.818979,799.098883
2025-09-23,116,10,786.261769,824.535317,825.595867
2025-09-23,117,10,760.071875,809.135,817.816667
2025-09-23,118,10,809.376194,826.035004,786.83635
2025-09-23,119,10,769.599875,824.012321,784.2189
2025-09-23,120,10,701.79125,803.887292,811.911667
2025-09-23,121,10,736.464177,808.498298,827.178117
2025-09-23,122,10,784.022973,805.691925,843.5677
2025-09-23,123,10,777.222292,799.920833,839.708333
2025-09-23,124,10,791.126883,813.965056,784.895283
2025-09-23,125,10,784.304908,812.117596,801.6618
2025-09-23,126,10,771.899375,795.25,869.216667
2025-09-23,127,10,771.381188,814.293429,842.524383
2025-09-23,128,10,750.558533,801.790721,804.595183
2025-09-23,129,10,746.530417,785.456458,813.381667
2025-09-23,130,10,844.094779,812.54511,829.869133
2025-09-23,131,10,751.778952,757.209931,768.1865
2025-09-23,132,10,519.272292,624.062292,639.243333
2025-09-23,133,10,537.083242,605.75975,553.441567
2025-09-23,134,10,596.84661,617.5961,582.678567
2025-09-23,135,10,567.892292,609.568333,647.206667
2025-09-23,136,10,553.919027,615.867485,596.69985
2025-09-23,137,10,558.154748,628.012752,555.352283
2025-09-23,138,10,555.677708,622.590417,569.35
2025-09-23,139,10,553.013125,607.993504,564.655867
2025-09-23,140,10,543.994769,602.791308,576.501567
2025-09-23,141,10,534.241667,609.873958,610.325
2025-09-23,142,10,582.383294,615.207112,617.0673
2025-09-23,143,10,573.300515,606.437985,568.298083
2025-09-23,0,11,515.981042,625.802083,570.856667
2025-09-23,1,11,507.594073,644.833123,570.184333
2025-09-23,2,11,540.431175,636.402571,560.318183
2025-09-23,3,11,536.216875,595.664375,564.766667
2025-09-23,4,11,479.399667,592.405254,598.508917
2025-09-23,5,11,486.83815,593.102337,606.51065
2025-09-23,6,11,532.333333,584.633125,589.77
2025-09-23,7,11,544.538681,577.174031,597.35335
2025-09-23,8,11,528.190494,577.522248,579.971667
2025-09-23,9,11,510.238125,597.333542,552.68
2025-09-23,10,11,558.181617,598.633423,584.05335
2025-09-23,11,11,597.247738,599.781773,601.861617
2025-09-23,12,11,571.787083,604.659375,590.606667
2025-09-23,13,11,488.450502,592.56201,604.56305
2025-09-23,14,11,466.787308,589.261396,607.79955
2025-09-23,15,11,520.236667,600.093125,594.986667
2025-09-23,16,11,540.156556,610.149179,598.5124
2025-09-23,17,11,553.96671,608.781202,587.279767
2025-09-23,18,11,573.910417,605.724583,567.005
2025-09-23,19,11,573.658098,608.982392,578.479933
2025-09-23,20,11,547.494371,608.485898,591.051967
2025-09-23,21,11,522.661875,594.971458,586.85
2025-09-23,22,11,518.300037,588.732129,582.173583
2025-09-23,23,11,523.79834,600.528885,602.753333
2025-09-23,24,11,514.415,611.625833,623.128333
2025-09-23,25,11,514.95905,628.028262,595.522683
2025-09-23,26,11,542.398073,626.642279,591.470933
2025-09-23,27,11,581.096667,617.575625,616.071667
2025-09-23,28,11,583.785,619.503663,604.8963
2025-09-23,29,11,579.742727,614.489202,600.415817
2025-09-23,30,11,581.857708,607.373542,618.123333
2025-09-23,31,11,548.763075,599.077092,625.165267
2025-09-23,32,11,547.238065,611.527471,614.908133
2025-09-23,33,11,582.039583,629.758542,592.946667
2025-09-23,34,11,557.624335,593.486781,583.97805
2025-09-23,35,11,601.577867,648.767308,666.913433
2025-09-23,36,11,699.560677,755.183125,790.623333
2025-09-23,37,11,675.920085,731.24755,793.772083
2025-09-23,38,11,607.920471,650.806779,742.659817
2025-09-23,39,11,562.259167,599.017708,690.46875
2025-09-23,40,11,536.683748,573.813213,630.584017
2025-09-23,41,11,488.63271,522.518142,584.88215
2025-09-23,42,11,410.832969,448.771406,546.2125
2025-09-23,43,11,364.68806,400.069973,484.722833
2025-09-23,44,11,323.464867,369.360423,425.30835
2025-09-23,45,11,277.163333,308.247292,361.320417
2025-09-23,46,11,214.399906,203.444281,285.468267
2025-09-23,47,11,269.0171,259.806579,357.730217
2025-09-23,48,11,397.527031,406.952917,491.324583
2025-09-23,49,11,349.423387,377.554962,424.227
2025-09-23,50,11,253.497094,292.0215,340.29965
2025-09-23,51,11,205.029271,240.895625,322.88875
2025-09-23,52,11,189.102175,199.067133,267.16475
2025-09-23,53,11,121.710454,122.684083,177.016983
2025-09-23,54,11,74.00724,68.435833,103.286667
2025-09-23,55,11,55.312806,52.719965,88.530533
2025-09-23,56,11,12.098444,16.267231,75.393733
2025-09-23,57,11,-67.600156,-55.689167,46.359583
2025-09-23,58,11,-125.276225,-123.012656,34.080667
2025-09-23,59,11,-154.921102,-160.752394,13.978433
2025-09-23,60,11,-175.110573,-180.741562,-5.300417
2025-09-23,61,11,-182.510292,-217.800217,3.388967
2025-09-23,62,11,-229.290933,-256.675233,-45.913567
2025-09-23,63,11,-283.0225,-265.624427,-133.931667
2025-09-23,64,11,-277.528817,-248.47441,-146.78905
2025-09-23,65,11,-281.288944,-280.949262,-127.813067
2025-09-23,66,11,-319.933125,-327.344219,-148.185833
2025-09-23,67,11,-323.391815,-350.43989,-237.941717
2025-09-23,68,11,-365.309958,-373.083302,-316.498517
2025-09-23,69,11,-415.735208,-395.344844,-328.03625
2025-09-23,70,11,-365.851419,-383.719967,-295.94055
2025-09-23,71,11,-385.232644,-436.475815,-343.97645
2025-09-23,72,11,-470.447708,-524.770833,-453.312083
2025-09-23,73,11,-436.805883,-510.662804,-479.1387
2025-09-23,74,11,-467.249323,-481.660494,-441.904033
2025-09-23,75,11,-507.04375,-464.51349,-421.009583
2025-09-23,76,11,-499.106885,-451.765473,-460.462517
2025-09-23,77,11,-508.858965,-412.900554,-409.1788
2025-09-23,78,11,-506.708229,-371.014375,-287.767917
2025-09-23,79,11,-469.685229,-345.69745,-271.910917
2025-09-23,80,11,-472.113396,-339.792862,-278.945617
2025-09-23,81,11,-441.891302,-309.455729,-248.609583
2025-09-23,82,11,-319.091158,-243.666113,-205.436183
2025-09-23,83,11,-231.946173,-202.416798,-156.054517
2025-09-23,84,11,-200.244792,-169.728125,-114.23875
2025-09-23,85,11,-186.442206,-117.977981,-89.892717
2025-09-23,86,11,-170.887581,-73.815271,-30.106467
2025-09-23,87,11,-148.789479,-40.360781,63.758333
2025-09-23,88,11,-52.977292,18.494508,137.285467
2025-09-23,89,11,33.72485,71.469952,202.581117
2025-09-23,90,11,77.1225,114.59625,250.17375
2025-09-23,91,11,123.937744,159.849983,255.88385
2025-09-23,92,11,171.399448,223.522992,287.7842
2025-09-23,93,11,194.665833,278.143125,327.535417
2025-09-23,94,11,223.779435,338.317733,302.307267
2025-09-23,95,11,255.846377,357.713694,352.949183
2025-09-23,96,11,328.589115,375.364792,493.5825
2025-09-23,97,11,447.906702,460.25545,589.43265
2025-09-23,98,11,501.973863,540.916812,635.81365
2025-09-23,99,11,478.455677,578.355573,668.235417
2025-09-23,100,11,510.049115,628.629727,716.347533
2025-09-23,101,11,596.64161,697.778354,764.822683
2025-09-23,102,11,701.245,758.393021,814.05375
2025-09-23,103,11,674.877831,785.897665,877.086983
2025-09-23,104,11,684.432908,834.147577,913.336617
2025-09-23,105,11,768.847865,907.254531,956.38375
2025-09-23,106,11,890.519721,1002.529629,1051.862667
2025-09-23,107,11,837.651873,933.133252,959.165317
2025-09-23,108,11,692.368802,774.23776,752.645
2025-09-23,109,11,710.042725,775.426615,764.32985
2025-09-23,110,11,727.086965,814.832229,830.227267
2025-09-23,111,11,676.855417,806.722292,834.416667
2025-09-23,112,11,699.884446,804.795962,836.15965
2025-09-23,113,11,695.074598,806.073296,810.3647
2025-09-23,114,11,687.504167,810.606667,777.426667
2025-09-23,115,11,717.270327,820.818979,799.098883
2025-09-23,116,11,707.532865,824.535317,825.595867
2025-09-23,117,11,651.564375,809.135,817.816667
2025-09-23,118,11,693.571627,826.035004,786.83635
2025-09-23,119,11,696.360888,824.012321,784.2189
2025-09-23,120,11,657.427917,803.887292,811.911667
2025-09-23,121,11,695.477529,808.498298,827.178117
2025-09-23,122,11,679.454006,805.691925,843.5677
2025-09-23,123,11,627.222917,799.920833,839.708333
2025-09-23,124,11,636.306115,813.965056,784.895283
2025-09-23,125,11,658.483344,812.117596,801.6618
2025-09-23,126,11,675.505417,795.25,869.216667
2025-09-23,127,11,681.882929,814.293429,842.524383
2025-09-23,128,11,698.658025,801.790721,804.595183
2025-09-23,129,11,723.932292,785.456458,813.381667
2025-09-23,130,11,695.35729,812.54511,829.869133
2025-09-23,131,11,623.334473,757.209931,768.1865
2025-09-23,132,11,544.490208,624.062292,639.243333
2025-09-23,133,11,475.534683,605.75975,553.441567
2025-09-23,134,11,503.552121,617.5961,582.678567
2025-09-23,135,11,550.159375,609.568333,647.206667
2025-09-23,136,11,582.008944,615.867485,596.69985
2025-09-23,137,11,580.758938,628.012752,555.352283
2025-09-23,138,11,542.430625,622.590417,569.35
2025-09-23,139,11,511.945075,607.993504,564.655867
2025-09-23,140,11,486.105087,602.791308,576.501567
2025-09-23,141,11,471.104167,609.873958,610.325
2025-09-23,142,11,481.236485,615.207112,617.0673
2025-09-23,143,11,484.973031,606.437985,568.298083
2025-09-23,0,12,525.389792,625.802083,570.856667
2025-09-23,1,12,570.584544,644.833123,570.184333
2025-09-23,2,12,548.590023,636.402571,560.318183
2025-09-23,3,12,497.978333,595.664375,564.766667
2025-09-23,4,12,471.97846,592.405254,598.508917
2025-09-23,5,12,511.286338,593.102337,606.51065
2025-09-23,6,12,527.671667,584.633125,589.77
2025-09-23,7,12,508.456917,577.174031,597.35335
2025-09-23,8,12,498.312002,577.522248,579.971667
2025-09-23,9,12,527.429583,597.333542,552.68
2025-09-23,10,12,532.173919,598.633423,584.05335
2025-09-23,11,12,533.0672,599.781773,601.861617
2025-09-23,12,12,538.584375,604.659375,590.606667
2025-09-23,13,12,516.85409,592.56201,604.56305
2025-09-23,14,12,502.102502,589.261396,607.79955
2025-09-23,15,12,503.48625,600.093125,594.986667
2025-09-23,16,12,543.529937,610.149179,598.5124
2025-09-23,17,12,538.879402,608.781202,587.279767
2025-09-23,18,12,507.103125,605.724583,567.005
2025-09-23,19,12,566.817248,608.982392,578.479933
2025-09-23,20,12,598.80626,608.485898,591.051967
2025-09-23,21,12,570.765,594.971458,586.85
2025-09-23,22,12,543.927371,588.732129,582.173583
2025-09-23,23,12,544.252704,600.528885,602.753333
2025-09-23,24,12,557.499375,611.625833,623.128333
2025-09-23,25,12,577.371098,628.028262,595.522683
2025-09-23,26,12,551.560785,626.642279,591.470933
2025-09-23,27,12,520.271875,617.575625,616.071667
2025-09-23,28,12,512.724548,619.503663,604.8963
2025-09-23,29,12,529.694829,614.489202,600.415817
2025-09-23,30,12,575.226667,607.373542,618.123333
2025-09-23,31,12,547.949354,599.077092,625.165267
2025-09-23,32,12,529.496167,611.527471,614.908133
2025-09-23,33,12,546.02375,629.758542,592.946667
2025-09-23,34,12,512.421844,593.486781,583.97805
2025-09-23,35,12,588.369077,648.767308,666.913433
2025-09-23,36,12,709.814427,755.183125,790.623333
2025-09-23,37,12,689.9235,731.24755,793.772083
2025-09-23,38,12,630.537717,650.806779,742.659817
2025-09-23,39,12,585.300104,599.017708,690.46875
2025-09-23,40,12,567.603033,573.813213,630.584017
2025-09-23,41,12,539.87046,522.518142,584.88215
2025-09-23,42,12,497.970885,448.771406,546.2125
2025-09-23,43,12,454.473596,400.069973,484.722833
2025-09-23,44,12,416.037648,369.360423,425.30835
2025-09-23,45,12,347.480573,308.247292,361.320417
2025-09-23,46,12,285.541442,203.444281,285.468267
2025-09-23,47,12,291.6324,259.806579,357.730217
2025-09-23,48,12,342.473229,406.952917,491.324583
2025-09-23,49,12,364.872585,377.554962,424.227
2025-09-23,50,12,350.231379,292.0215,340.29965
2025-09-23,51,12,306.337083,240.895625,322.88875
2025-09-23,52,12,259.379758,199.067133,267.16475
2025-09-23,53,12,154.245112,122.684083,177.016983
2025-09-23,54,12,112.003646,68.435833,103.286667
2025-09-23,55,12,83.850002,52.719965,88.530533
2025-09-23,56,12,37.553879,16.267231,75.393733
2025-09-23,57,12,-1.793333,-55.689167,46.359583
2025-09-23,58,12,-158.014206,-123.012656,34.080667
2025-09-23,59,12,-253.42741,-160.752394,13.978433
2025-09-23,60,12,-261.760156,-180.741562,-5.300417
2025-09-23,61,12,-227.704929,-217.800217,3.388967
2025-09-23,62,12,-226.22651,-256.675233,-45.913567
2025-09-23,63,12,-256.706823,-265.624427,-133.931667
2025-09-23,64,12,-271.898063,-248.47441,-146.78905
2025-09-23,65,12,-350.095606,-280.949262,-127.813067
2025-09-23,66,12,-421.255469,-327.344219,-148.185833
2025-09-23,67,12,-405.593285,-350.43989,-237.941717
2025-09-23,68,12,-441.890583,-373.083302,-316.498517
2025-09-23,69,12,-494.756927,-395.344844,-328.03625
2025-09-23,70,12,-393.899525,-383.719967,-295.94055
2025-09-23,71,12,-375.828012,-436.475815,-343.97645
2025-09-23,72,12,-496.445677,-524.770833,-453.312083
2025-09-23,73,12,-494.736927,-510.662804,-479.1387
2025-09-23,74,12,-509.773583,-481.660494,-441.904033
2025-09-23,75,12,-564.886146,-464.51349,-421.009583
2025-09-23,76,12,-559.702146,-451.765473,-460.462517
2025-09-23,77,12,-526.536948,-412.900554,-409.1788
2025-09-23,78,12,-503.351875,-371.014375,-287.767917
2025-09-23,79,12,-436.082506,-345.69745,-271.910917
2025-09-23,80,12,-375.947806,-339.792862,-278.945617
2025-09-23,81,12,-313.943229,-309.455729,-248.609583
2025-09-23,82,12,-269.691394,-243.666113,-205.436183
2025-09-23,83,12,-219.465079,-202.416798,-156.054517
2025-09-23,84,12,-167.365521,-169.728125,-114.23875
2025-09-23,85,12,-185.973617,-117.977981,-89.892717
2025-09-23,86,12,-165.962369,-73.815271,-30.106467
2025-09-23,87,12,-72.418698,-40.360781,63.758333
2025-09-23,88,12,-42.05181,18.494508,137.285467
2025-09-23,89,12,-2.61131,71.469952,202.581117
2025-09-23,90,12,64.538125,114.59625,250.17375
2025-09-23,91,12,105.674373,159.849983,255.88385
2025-09-23,92,12,208.217021,223.522992,287.7842
2025-09-23,93,12,329.594062,278.143125,327.535417
2025-09-23,94,12,363.804181,338.317733,302.307267
2025-09-23,95,12,330.276906,357.713694,352.949183
2025-09-23,96,12,296.6225,375.364792,493.5825
2025-09-23,97,12,352.588071,460.25545,589.43265
2025-09-23,98,12,437.315865,540.916812,635.81365
2025-09-23,99,12,512.978385,578.355573,668.235417
2025-09-23,100,12,565.430735,628.629727,716.347533
2025-09-23,101,12,604.936602,697.778354,764.822683
2025-09-23,102,12,651.575052,758.393021,814.05375
2025-09-23,103,12,684.556865,785.897665,877.086983
2025-09-23,104,12,726.070256,834.147577,913.336617
2025-09-23,105,12,774.969635,907.254531,956.38375
2025-09-23,106,12,864.994188,1002.529629,1051.862667
2025-09-23,107,12,837.76939,933.133252,959.165317
2025-09-23,108,12,745.931615,774.23776,752.645
2025-09-23,109,12,705.627012,775.426615,764.32985
2025-09-23,110,12,684.657846,814.832229,830.227267
2025-09-23,111,12,652.901458,806.722292,834.416667
2025-09-23,112,12,664.904285,804.795962,836.15965
2025-09-23,113,12,694.711292,806.073296,810.3647
2025-09-23,114,12,716.419583,810.606667,777.426667
2025-09-23,115,12,746.287471,820.818979,799.098883
2025-09-23,116,12,708.095675,824.535317,825.595867
2025-09-23,117,12,640.863333,809.135,817.816667
2025-09-23,118,12,682.024802,826.035004,786.83635
2025-09-23,119,12,716.452538,824.012321,784.2189
2025-09-23,120,12,707.107083,803.887292,811.911667
2025-09-23,121,12,672.643192,808.498298,827.178117
2025-09-23,122,12,673.446858,805.691925,843.5677
2025-09-23,123,12,729.362083,799.920833,839.708333
2025-09-23,124,12,701.25894,813.965056,784.895283
2025-09-23,125,12,712.970271,812.117596,801.6618
2025-09-23,126,12,724.617292,795.25,869.216667
2025-09-23,127,12,635.377262,814.293429,842.524383
2025-09-23,128,12,582.155975,801.790721,804.595183
2025-09-23,129,12,625.80625,785.456458,813.381667
2025-09-23,130,12,605.643188,812.54511,829.869133
2025-09-23,131,12,570.760619,757.209931,768.1865
2025-09-23,132,12,565.615625,624.062292,639.243333
2025-09-23,133,12,542.3491,605.75975,553.441567
2025-09-23,134,12,532.410927,617.5961,582.678567
2025-09-23,135,12,530.022292,609.568333,647.206667
2025-09-23,136,12,524.256865,615.867485,596.69985
2025-09-23,137,12,501.738946,628.012752,555.352283
2025-09-23,138,12,496.065833,622.590417,569.35
2025-09-23,139,12,497.243013,607.993504,564.655867
2025-09-23,140,12,482.034937,602.791308,576.501567
2025-09-23,141,12,465.75125,609.873958,610.325
2025-09-23,142,12,486.159869,615.207112,617.0673
2025-09-23,143,12,530.47644,606.437985,568.298083
2025-09-23,0,13,570.17875,625.802083,570.856667
2025-09-23,1,13,562.538402,644.833123,570.184333
2025-09-23,2,13,549.895542,636.402571,560.318183
2025-09-23,3,13,538.918333,595.664375,564.766667
2025-09-23,4,13,555.209735,592.405254,598.508917
2025-09-23,5,13,569.503494,593.102337,606.51065
2025-09-23,6,13,519.23375,584.633125,589.77
2025-09-23,7,13,491.410185,577.174031,597.35335
2025-09-23,8,13,507.514198,577.522248,579.971667
2025-09-23,9,13,561.706875,597.333542,552.68
2025-09-23,10,13,572.171213,598.633423,584.05335
2025-09-23,11,13,557.006554,599.781773,601.861617
2025-09-23,12,13,546.981042,604.659375,590.606667
2025-09-23,13,13,539.664923,592.56201,604.56305
2025-09-23,14,13,552.367652,589.261396,607.79955
2025-09-23,15,13,587.382708,600.093125,594.986667
2025-09-23,16,13,583.821329,610.149179,598.5124
2025-09-23,17,13,578.44349,608.781202,587.279767
2025-09-23,18,13,576.092708,605.724583,567.005
2025-09-23,19,13,618.101871,608.982392,578.479933
2025-09-23,20,13,622.354794,608.485898,591.051967
2025-09-23,21,13,582.918333,594.971458,586.85
2025-09-23,22,13,551.53496,588.732129,582.173583
2025-09-23,23,13,576.477996,600.528885,602.753333
2025-09-23,24,13,605.557917,611.625833,623.128333
2025-09-23,25,13,592.8663,628.028262,595.522683
2025-09-23,26,13,595.505469,626.642279,591.470933
2025-09-23,27,13,623.637083,617.575625,616.071667
2025-09-23,28,13,629.168331,619.503663,604.8963
2025-09-23,29,13,607.994823,614.489202,600.415817
2025-09-23,30,13,586.307708,607.373542,618.123333
2025-09-23,31,13,576.791233,599.077092,625.165267
2025-09-23,32,13,599.128642,611.527471,614.908133
2025-09-23,33,13,624.0425,629.758542,592.946667
2025-09-23,34,13,613.107465,593.486781,583.97805
2025-09-23,35,13,688.798465,648.767308,666.913433
2025-09-23,36,13,796.079115,755.183125,790.623333
2025-09-23,37,13,789.383552,731.24755,793.772083
2025-09-23,38,13,715.877548,650.806779,742.659817
2025-09-23,39,13,669.105938,599.017708,690.46875
2025-09-23,40,13,639.196733,573.813213,630.584017
2025-09-23,41,13,581.047356,522.518142,584.88215
2025-09-23,42,13,509.670052,448.771406,546.2125
2025-09-23,43,13,444.060969,400.069973,484.722833
2025-09-23,44,13,395.018269,369.360423,425.30835
2025-09-23,45,13,320.704219,308.247292,361.320417
2025-09-23,46,13,205.16751,203.444281,285.468267
2025-09-23,47,13,258.330619,259.806579,357.730217
2025-09-23,48,13,415.659323,406.952917,491.324583
2025-09-23,49,13,392.574223,377.554962,424.227
2025-09-23,50,13,282.402973,292.0215,340.29965
2025-09-23,51,13,191.287969,240.895625,322.88875
2025-09-23,52,13,162.647667,199.067133,267.16475
2025-09-23,53,13,39.897083,122.684083,177.016983
2025-09-23,54,13,-82.196146,68.435833,103.286667
2025-09-23,55,13,-19.249267,52.719965,88.530533
2025-09-23,56,13,-4.677575,16.267231,75.393733
2025-09-23,57,13,-95.718802,-55.689167,46.359583
2025-09-23,58,13,-158.023027,-123.012656,34.080667
2025-09-23,59,13,-173.17964,-160.752394,13.978433
2025-09-23,60,13,-162.173333,-180.741562,-5.300417
2025-09-23,61,13,-187.551744,-217.800217,3.388967
2025-09-23,62,13,-237.474473,-256.675233,-45.913567
2025-09-23,63,13,-266.254063,-265.624427,-133.931667
2025-09-23,64,13,-219.26034,-248.47441,-146.78905
2025-09-23,65,13,-194.752467,-280.949262,-127.813067
2025-09-23,66,13,-221.52651,-327.344219,-148.185833
2025-09-23,67,13,-240.725704,-350.43989,-237.941717
2025-09-23,68,13,-249.615475,-373.083302,-316.498517
2025-09-23,69,13,-241.733021,-395.344844,-328.03625
2025-09-23,70,13,-211.101231,-383.719967,-295.94055
2025-09-23,71,13,-268.680494,-436.475815,-343.97645
2025-09-23,72,13,-417.291719,-524.770833,-453.312083
2025-09-23,73,13,-519.384975,-510.662804,-479.1387
2025-09-23,74,13,-516.474171,-481.660494,-441.904033
2025-09-23,75,13,-438.53974,-464.51349,-421.009583
2025-09-23,76,13,-431.191438,-451.765473,-460.462517
2025-09-23,77,13,-417.397302,-412.900554,-409.1788
2025-09-23,78,13,-372.623698,-371.014375,-287.767917
2025-09-23,79,13,-309.978565,-345.69745,-271.910917
2025-09-23,80,13,-285.679204,-339.792862,-278.945617
2025-09-23,81,13,-268.222865,-309.455729,-248.609583
2025-09-23,82,13,-231.44399,-243.666113,-205.436183
2025-09-23,83,13,-195.369117,-202.416798,-156.054517
2025-09-23,84,13,-184.824896,-169.728125,-114.23875
2025-09-23,85,13,-168.003644,-117.977981,-89.892717
2025-09-23,86,13,-108.84434,-73.815271,-30.106467
2025-09-23,87,13,-56.994271,-40.360781,63.758333
2025-09-23,88,13,-28.990296,18.494508,137.285467
2025-09-23,89,13,21.216431,71.469952,202.581117
2025-09-23,90,13,53.269427,114.59625,250.17375
2025-09-23,91,13,45.339579,159.849983,255.88385
2025-09-23,92,13,51.446352,223.522992,287.7842
2025-09-23,93,13,106.39099,278.143125,327.535417
2025-09-23,94,13,240.693633,338.317733,302.307267
2025-09-23,95,13,326.995233,357.713694,352.949183
2025-09-23,96,13,377.954375,375.364792,493.5825
2025-09-23,97,13,500.225342,460.25545,589.43265
2025-09-23,98,13,564.278023,540.916812,635.81365
2025-09-23,99,13,551.757969,578.355573,668.235417
2025-09-23,100,13,634.421144,628.629727,716.347533
2025-09-23,101,13,733.502031,697.778354,764.822683
2025-09-23,102,13,798.140469,758.393021,814.05375
2025-09-23,103,13,843.566498,785.897665,877.086983
2025-09-23,104,13,892.65811,834.147577,913.336617
2025-09-23,105,13,922.139531,907.254531,956.38375
2025-09-23,106,13,983.146637,1002.529629,1051.862667
2025-09-23,107,13,910.172317,933.133252,959.165317
2025-09-23,108,13,763.461146,774.23776,752.645
2025-09-23,109,13,753.413821,775.426615,764.32985
2025-09-23,110,13,765.993929,814.832229,830.227267
2025-09-23,111,13,742.320417,806.722292,834.416667
2025-09-23,112,13,782.727885,804.795962,836.15965
2025-09-23,113,13,783.65384,806.073296,810.3647
2025-09-23,114,13,773.478542,810.606667,777.426667
2025-09-23,115,13,774.205533,820.818979,799.098883
2025-09-23,116,13,787.211302,824.535317,825.595867
2025-09-23,117,13,777.307917,809.135,817.816667
2025-09-23,118,13,782.896135,826.035004,786.83635
2025-09-23,119,13,775.349827,824.012321,784.2189
2025-09-23,120,13,747.154167,803.887292,811.911667
2025-09-23,121,13,750.031952,808.498298,827.178117
2025-09-23,122,13,743.173415,805.691925,843.5677
2025-09-23,123,13,748.005,799.920833,839.708333
2025-09-23,124,13,789.082058,813.965056,784.895283
2025-09-23,125,13,766.426563,812.117596,801.6618
2025-09-23,126,13,741.244375,795.25,869.216667
2025-09-23,127,13,794.904121,814.293429,842.524383
2025-09-23,128,13,770.542556,801.790721,804.595183
2025-09-23,129,13,728.460833,785.456458,813.381667
2025-09-23,130,13,763.071525,812.54511,829.869133
2025-09-23,131,13,730.383637,757.209931,768.1865
2025-09-23,132,13,599.16125,624.062292,639.243333
2025-09-23,133,13,554.111208,605.75975,553.441567
2025-09-23,134,13,541.441656,617.5961,582.678567
2025-09-23,135,13,523.879792,609.568333,647.206667
2025-09-23,136,13,571.042369,615.867485,596.69985
2025-09-23,137,13,602.025375,628.012752,555.352283
2025-09-23,138,13,595.226458,622.590417,569.35
2025-09-23,139,13,523.99936,607.993504,564.655867
2025-09-23,140,13,494.644637,602.791308,576.501567
2025-09-23,141,13,507.85625,609.873958,610.325
2025-09-23,142,13,542.632646,615.207112,617.0673
2025-09-23,143,13,553.972658,606.437985,568.298083
2025-12-21,0,0,559.232292,575.190625,562.211667
2025-12-21,1,0,571.733796,579.943175,596.017717
2025-12-21,2,0,552.645829,564.1651,589.645167
2025-12-21,3,0,595.594583,578.837708,578.683333
2025-12-21,4,0,627.123119,609.702112,564.710033
2025-12-21,5,0,614.111006,616.874223,549.903883
2025-12-21,6,0,580.763125,597.37875,558.21
2025-12-21,7,0,589.405579,588.136215,610.348517
2025-12-21,8,0,608.810487,595.379627,633.23595
2025-12-21,9,0,604.953125,600.173125,622.696667
2025-12-21,10,0,605.153271,598.23044,637.489267
2025-12-21,11,0,610.563785,603.426402,622.368
2025-12-21,12,0,618.489375,616.68625,597.858333
2025-12-21,13,0,624.344185,616.78369,642.746233
2025-12-21,14,0,612.334748,613.017806,653.869117
2025-12-21,15,0,619.799167,626.833125,621.75
2025-12-21,16,0,627.09644,625.632698,636.643333
2025-12-21,17,0,637.929738,629.658338,631.910733
2025-12-21,18,0,626.873542,628.646042,625.288333
2025-12-21,19,0,593.22585,624.867181,696.757683
2025-12-21,20,0,604.497085,633.843283,685.888783
2025-12-21,21,0,632.100625,639.343125,624.79
2025-12-21,22,0,616.145985,637.927935,703.4143
2025-12-21,23,0,605.406354,639.68255,737.32095
2025-12-21,24,0,643.808333,646.967708,679.858333
2025-12-21,25,0,635.450477,637.606385,673.157067
2025-12-21,26,0,664.212767,648.254579,680.399233
2025-12-21,27,0,664.427083,661.247708,677.478333
2025-12-21,28,0,648.944369,663.15915,686.979733
2025-12-21,29,0,650.617502,660.950104,680.602567
2025-12-21,30,0,680.553333,660.323125,672.051667
2025-12-21,31,0,671.343169,663.988979,702.989983
2025-12-21,32,0,663.575002,668.117594,708.874733
2025-12-21,33,0,674.668125,658.275625,677.763333
2025-12-21,34,0,656.210925,633.948835,679.624417
2025-12-21,35,0,758.246944,728.842908,786.285767
2025-12-21,36,0,880.291667,850.165208,915.108333
2025-12-21,37,0,894.843898,872.988875,906.479567
2025-12-21,38,0,853.906198,850.212044,901.305417
2025-12-21,39,0,819.042917,851.212917,931.175
2025-12-21,40,0,792.384962,857.700575,890.858333
2025-12-21,41,0,830.245633,867.511652,872.208167
2025-12-21,42,0,898.026927,869.057187,895.7
2025-12-21,43,0,831.126908,816.253277,864.683533
2025-12-21,44,0,775.063733,771.842937,816.879
2025-12-21,45,0,780.820781,734.695,756.840833
2025-12-21,46,0,697.341113,660.108519,678.191167
2025-12-21,47,0,729.228837,719.890621,768.73535
2025-12-21,48,0,841.273125,856.973229,940.154583
2025-12-21,49,0,836.250225,859.679575,899.032817
2025-12-21,50,0,774.647369,791.873877,823.545817
2025-12-21,51,0,716.988385,721.791823,797.8975
2025-12-21,52,0,643.750854,651.467033,729.992317
2025-12-21,53,0,573.130402,595.243683,680.076133
2025-12-21,54,0,544.289844,556.574323,652.34375
2025-12-21,55,0,542.808977,524.79281,584.00365
2025-12-21,56,0,516.455654,493.72974,527.685367
2025-12-21,57,0,454.398698,447.181875,505.665
2025-12-21,58,0,423.830404,400.592015,481.458867
2025-12-21,59,0,397.917017,361.45315,426.60045
2025-12-21,60,0,378.336667,331.879583,360.307083
2025-12-21,61,0,389.124119,318.063765,331.193617
2025-12-21,62,0,356.282006,270.608467,326.093433
2025-12-21,63,0,283.788646,218.030365,331.784583
2025-12-21,64,0,258.910331,220.552337,349.0795
2025-12-21,65,0,217.893812,208.244192,371.06075
2025-12-21,66,0,174.989375,174.638802,381.234583
2025-12-21,67,0,172.8076,142.489348,362.097633
2025-12-21,68,0,146.741556,122.120706,322.25115
2025-12-21,69,0,112.689062,122.944531,282.970417
2025-12-21,70,0,173.889783,137.214102,252.008733
2025-12-21,71,0,129.139952,93.821042,164.707417
2025-12-21,72,0,12.508906,32.17125,73.35
2025-12-21,73,0,23.283012,35.507188,99.4947
2025-12-21,74,0,64.972858,50.172462,108.694983
2025-12-21,75,0,77.028542,53.051406,68.101667
2025-12-21,76,0,82.009819,52.524744,85.331767
2025-12-21,77,0,158.152419,91.35235,160.4821
2025-12-21,78,0,246.42849,148.345208,241.000417
2025-12-21,79,0,225.039983,160.262396,264.312483
2025-12-21,80,0,199.49736,160.171521,225.386167
2025-12-21,81,0,223.11776,163.294167,177.021667
2025-12-21,82,0,261.488583,187.746319,192.5097
2025-12-21,83,0,297.238092,227.685483,253.624117
2025-12-21,84,0,331.949687,271.233333,301.882917
2025-12-21,85,0,366.638231,294.270292,294.896583
2025-12-21,86,0,388.620871,327.302262,317.71575
2025-12-21,87,0,417.961667,371.428906,384.197083
2025-12-21,88,0,428.595762,408.591296,430.384333
2025-12-21,89,0,444.021902,452.193283,491.03275
2025-12-21,90,0,483.4025,520.48901,558.540417
2025-12-21,91,0,463.746335,551.125413,586.453583
2025-12-21,92,0,502.702873,586.58665,640.806083
2025-12-21,93,0,569.004427,644.898177,707.687917
2025-12-21,94,0,618.705085,691.587135,708.694567
2025-12-21,95,0,647.901265,723.395852,736.84515
2025-12-21,96,0,693.279948,772.262448,795.930417
2025-12-21,97,0,764.706119,816.254652,801.381867
2025-12-21,98,0,780.408004,852.847131,842.64315
2025-12-21,99,0,797.698281,894.960573,925.109167
2025-12-21,100,0,901.158573,953.62354,959.7928
2025-12-21,101,0,946.165631,1002.434348,992.864183
2025-12-21,102,0,904.206042,1014.546198,1028.796667
2025-12-21,103,0,901.43169,1030.298444,1018.6957
2025-12-21,104,0,879.461654,1024.48825,1025.7503
2025-12-21,105,0,869.422083,1030.067917,1056.461667
2025-12-21,106,0,878.167742,1053.44974,1048.349133
2025-12-21,107,0,790.623165,928.089229,898.743433
2025-12-21,108,0,652.555833,716.489375,712.633333
2025-12-21,109,0,691.375319,709.880679,715.41445
2025-12-21,110,0,723.89374,742.582287,748.267933
2025-12-21,111,0,660.959167,717.546042,730.008333
2025-12-21,112,0,637.143833,705.495221,734.344383
2025-12-21,113,0,640.111646,713.232731,750.083217
2025-12-21,114,0,640.948125,720.53,748.46
2025-12-21,115,0,653.295863,722.574854,722.483233
2025-12-21,116,0,678.276904,729.384752,726.165517
2025-12-21,117,0,667.277917,731.931875,744.431667
2025-12-21,118,0,613.234087,721.116125,716.9287
2025-12-21,119,0,610.63174,709.863958,733.1195
2025-12-21,120,0,648.366458,708.3325,780.268333
2025-12-21,121,0,665.225652,718.571731,747.5859
2025-12-21,122,0,675.783865,730.39265,692.8171
2025-12-21,123,0,672.596667,719.129792,681.751667
2025-12-21,124,0,677.22319,734.228875,720.3711
2025-12-21,125,0,673.114637,726.338479,722.800167
2025-12-21,126,0,689.449375,730.407292,690.743333
2025-12-21,127,0,653.626796,722.335012,704.5435
2025-12-21,128,0,661.822494,729.758221,721.160717
2025-12-21,129,0,688.762292,733.308542,726.305
2025-12-21,130,0,707.764329,749.552265,739.519033
2025-12-21,131,0,625.676952,667.423258,678.499233
2025-12-21,132,0,516.776875,546.751042,572.4
2025-12-21,133,0,516.265015,548.020287,545.092317
2025-12-21,134,0,530.178925,564.051471,550.836133
2025-12-21,135,0,527.200833,559.365625,542.6
2025-12-21,136,0,489.479935,549.395035,525.919
2025-12-21,137,0,489.122806,546.714829,543.393917
2025-12-21,138,0,520.26125,557.444167,584.828333
2025-12-21,139,0,506.19075,573.526848,592.452567
2025-12-21,140,0,526.706788,580.328081,565.9438
2025-12-21,141,0,567.283125,573.062708,550.931667
2025-12-21,142,0,530.496496,562.734585,589.960217
2025-12-21,143,0,547.62404,574.022354,595.331833
2025-12-21,0,1,595.923542,575.190625,562.211667
2025-12-21,1,1,595.16234,579.943175,596.017717
2025-12-21,2,1,553.279946,564.1651,589.645167
2025-12-21,3,1,576.19375,578.837708,578.683333
2025-12-21,4,1,632.716625,609.702112,564.710033
2025-12-21,5,1,639.728694,616.874223,549.903883
2025-12-21,6,1,600.714167,597.37875,558.21
2025-12-21,7,1,607.801419,588.136215,610.348517
2025-12-21,8,1,622.537952,595.379627,633.23595
2025-12-21,9,1,604.452917,600.173125,622.696667
2025-12-21,10,1,611.232115,598.23044,637.489267
2025-12-21,11,1,618.439069,603.426402,622.368
2025-12-21,12,1,623.369167,616.68625,597.858333
2025-12-21,13,1,639.272952,616.78369,642.746233
2025-12-21,14,1,653.544188,613.017806,653.869117
2025-12-21,15,1,685.416458,626.833125,621.75
2025-12-21,16,1,681.182685,625.632698,636.643333
2025-12-21,17,1,680.085608,629.658338,631.910733
2025-12-21,18,1,676.9625,628.646042,625.288333
2025-12-21,19,1,666.284331,624.867181,696.757683
2025-12-21,20,1,672.867802,633.843283,685.888783
2025-12-21,21,1,678.659375,639.343125,624.79
2025-12-21,22,1,648.362294,637.927935,703.4143
2025-12-21,23,1,645.292888,639.68255,737.32095
2025-12-21,24,1,677.035833,646.967708,679.858333
2025-12-21,25,1,684.643869,637.606385,673.157067
2025-12-21,26,1,698.931006,648.254579,680.399233
2025-12-21,27,1,724.8475,661.247708,677.478333
2025-12-21,28,1,757.191377,663.15915,686.979733
2025-12-21,29,1,740.008548,660.950104,680.602567
2025-12-21,30,1,696.744167,660.323125,672.051667
2025-12-21,31,1,707.984125,663.988979,702.989983
2025-12-21,32,1,700.413148,668.117594,708.874733
2025-12-21,33,1,690.467083,658.275625,677.763333
2025-12-21,34,1,695.650723,633.948835,679.624417
2025-12-21,35,1,795.726552,728.842908,786.285767
2025-12-21,36,1,883.694375,850.165208,915.108333
2025-12-21,37,1,925.129827,872.988875,906.479567
2025-12-21,38,1,914.587838,850.212044,901.305417
2025-12-21,39,1,898.941667,851.212917,931.175
2025-12-21,40,1,902.919554,857.700575,890.858333
2025-12-21,41,1,935.501504,867.511652,872.208167
2025-12-21,42,1,957.899479,869.057187,895.7
2025-12-21,43,1,903.750354,816.253277,864.683533
2025-12-21,44,1,855.16821,771.842937,816.879
2025-12-21,45,1,821.741146,734.695,756.840833
2025-12-21,46,1,763.338633,660.108519,678.191167
2025-12-21,47,1,802.69019,719.890621,768.73535
2025-12-21,48,1,906.019687,856.973229,940.154583
2025-12-21,49,1,920.820827,859.679575,899.032817
2025-12-21,50,1,862.8154,791.873877,823.545817
2025-12-21,51,1,798.43474,721.791823,797.8975
2025-12-21,52,1,759.343173,651.467033,729.992317
2025-12-21,53,1,703.381244,595.243683,680.076133
2025-12-21,54,1,644.196042,556.574323,652.34375
2025-12-21,55,1,612.278933,524.79281,584.00365
2025-12-21,56,1,602.2899,493.72974,527.685367
2025-12-21,57,1,577.170312,447.181875,505.665
2025-12-21,58,1,511.615215,400.592015,481.458867
2025-12-21,59,1,432.343771,361.45315,426.60045
2025-12-21,60,1,391.71651,331.879583,360.307083
2025-12-21,61,1,436.764452,318.063765,331.193617
2025-12-21,62,1,451.71131,270.608467,326.093433
2025-12-21,63,1,414.063958,218.030365,331.784583
2025-12-21,64,1,368.783587,220.552337,349.0795
2025-12-21,65,1,375.014535,208.244192,371.06075
2025-12-21,66,1,398.973438,174.638802,381.234583
2025-12-21,67,1,300.34089,142.489348,362.097633
2025-12-21,68,1,209.92879,122.120706,322.25115
2025-12-21,69,1,198.170156,122.944531,282.970417
2025-12-21,70,1,244.532906,137.214102,252.008733
2025-12-21,71,1,237.059767,93.821042,164.707417
2025-12-21,72,1,194.786979,32.17125,73.35
2025-12-21,73,1,206.572742,35.507188,99.4947
2025-12-21,74,1,217.603973,50.172462,108.694983
2025-12-21,75,1,238.070312,53.051406,68.101667
2025-12-21,76,1,176.531615,52.524744,85.331767
2025-12-21,77,1,225.011085,91.35235,160.4821
2025-12-21,78,1,359.10974,148.345208,241.000417
2025-12-21,79,1,315.738085,160.262396,264.312483
2025-12-21,80,1,290.793398,160.171521,225.386167
2025-12-21,81,1,324.86026,163.294167,177.021667
2025-12-21,82,1,328.732515,187.746319,192.5097
2025-12-21,83,1,317.433935,227.685483,253.624117
2025-12-21,84,1,344.152604,271.233333,301.882917
2025-12-21,85,1,416.786677,294.270292,294.896583
2025-12-21,86,1,482.187358,327.302262,317.71575
2025-12-21,87,1,516.508542,371.428906,384.197083
2025-12-21,88,1,523.669194,408.591296,430.384333
2025-12-21,89,1,548.939248,452.193283,491.03275
2025-12-21,90,1,603.650313,520.48901,558.540417
2025-12-21,91,1,641.068315,551.125413,586.453583
2025-12-21,92,1,676.684906,586.58665,640.806083
2025-12-21,93,1,725.871042,644.898177,707.687917
2025-12-21,94,1,816.015704,691.587135,708.694567
2025-12-21,95,1,846.560769,723.395852,736.84515
2025-12-21,96,1,837.335625,772.262448,795.930417
2025-12-21,97,1,845.418481,816.254652,801.381867
2025-12-21,98,1,882.277754,852.847131,842.64315
2025-12-21,99,1,953.819583,894.960573,925.109167
2025-12-21,100,1,1045.108704,953.62354,959.7928
2025-12-21,101,1,1053.555912,1002.434348,992.864183
2025-12-21,102,1,1006.355677,1014.546198,1028.796667
2025-12-21,103,1,1048.424702,1030.298444,1018.6957
2025-12-21,104,1,1061.714871,1024.48825,1025.7503
2025-12-21,105,1,1053.345,1030.067917,1056.461667
2025-12-21,106,1,1063.643544,1053.44974,1048.349133
2025-12-21,107,1,916.89174,928.089229,898.743433
2025-12-21,108,1,707.97875,716.489375,712.633333
2025-12-21,109,1,723.00875,709.880679,715.41445
2025-12-21,110,1,761.178625,742.582287,748.267933
2025-12-21,111,1,700.675417,717.546042,730.008333
2025-12-21,112,1,674.2764,705.495221,734.344383
2025-12-21,113,1,688.052648,713.232731,750.083217
2025-12-21,114,1,729.263542,720.53,748.46
2025-12-21,115,1,739.116192,722.574854,722.483233
2025-12-21,116,1,753.084733,729.384752,726.165517
2025-12-21,117,1,755.980417,731.931875,744.431667
2025-12-21,118,1,717.419696,721.116125,716.9287
2025-12-21,119,1,716.276108,709.863958,733.1195
2025-12-21,120,1,740.580625,708.3325,780.268333
2025-12-21,121,1,772.898592,718.571731,747.5859
2025-12-21,122,1,760.836802,730.39265,692.8171
2025-12-21,123,1,696.001875,719.129792,681.751667
2025-12-21,124,1,701.194296,734.228875,720.3711
2025-12-21,125,1,715.463298,726.338479,722.800167
2025-12-21,126,1,740.311667,730.407292,690.743333
2025-12-21,127,1,737.305635,722.335012,704.5435
2025-12-21,128,1,725.650329,729.758221,721.160717
2025-12-21,129,1,735.76125,733.308542,726.305
2025-12-21,130,1,760.39081,749.552265,739.519033
2025-12-21,131,1,691.329065,667.423258,678.499233
2025-12-21,132,1,572.849375,546.751042,572.4
2025-12-21,133,1,560.104942,548.020287,545.092317
2025-12-21,134,1,569.788033,564.051471,550.836133
2025-12-21,135,1,563.40125,559.365625,542.6
2025-12-21,136,1,549.161935,549.395035,525.919
2025-12-21,137,1,542.011894,546.714829,543.393917
2025-12-21,138,1,556.700208,557.444167,584.828333
2025-12-21,139,1,589.101981,573.526848,592.452567
2025-12-21,140,1,604.001613,580.328081,565.9438
2025-12-21,141,1,586.877708,573.062708,550.931667
2025-12-21,142,1,555.92809,562.734585,589.960217
2025-12-21,143,1,580.757952,574.022354,595.331833
2025-12-21,0,2,599.864583,575.190625,562.211667
2025-12-21,1,2,570.57176,579.943175,596.017717
2025-12-21,2,2,557.631394,564.1651,589.645167
2025-12-21,3,2,613.185833,578.837708,578.683333
2025-12-21,4,2,637.337721,609.702112,564.710033
2025-12-21,5,2,638.736092,616.874223,549.903883
2025-12-21,6,2,628.263333,597.37875,558.21
2025-12-21,7,2,609.125146,588.136215,610.348517
2025-12-21,8,2,610.837081,595.379627,633.23595
2025-12-21,9,2,600.821667,600.173125,622.696667
2025-12-21,10,2,584.173035,598.23044,637.489267
2025-12-21,11,2,606.679421,603.426402,622.368
2025-12-21,12,2,655.563125,616.68625,597.858333
2025-12-21,13,2,662.002519,616.78369,642.746233
2025-12-21,14,2,641.300704,613.017806,653.869117
2025-12-21,15,2,650.79375,626.833125,621.75
2025-12-21,16,2,662.023271,625.632698,636.643333
2025-12-21,17,2,663.113015,629.658338,631.910733
2025-12-21,18,2,648.627708,628.646042,625.288333
2025-12-21,19,2,645.849423,624.867181,696.757683
2025-12-21,20,2,642.962056,633.843283,685.888783
2025-12-21,21,2,652.864375,639.343125,624.79
2025-12-21,22,2,699.080158,637.927935,703.4143
2025-12-21,23,2,702.163885,639.68255,737.32095
2025-12-21,24,2,663.14125,646.967708,679.858333
2025-12-21,25,2,672.089877,637.606385,673.157067
2025-12-21,26,2,687.447779,648.254579,680.399233
2025-12-21,27,2,665.708542,661.247708,677.478333
2025-12-21,28,2,672.165685,663.15915,686.979733
2025-12-21,29,2,681.903829,660.950104,680.602567
2025-12-21,30,2,685.95875,660.323125,672.051667
2025-12-21,31,2,684.686848,663.988979,702.989983
2025-12-21,32,2,695.170181,668.117594,708.874733
2025-12-21,33,2,683.836875,658.275625,677.763333
2025-12-21,34,2,673.079813,633.948835,679.624417
2025-12-21,35,2,763.101196,728.842908,786.285767
2025-12-21,36,2,870.584375,850.165208,915.108333
2025-12-21,37,2,894.586373,872.988875,906.479567
2025-12-21,38,2,910.3974,850.212044,901.305417
2025-12-21,39,2,931.17625,851.212917,931.175
2025-12-21,40,2,896.741987,857.700575,890.858333
2025-12-21,41,2,877.363021,867.511652,872.208167
2025-12-21,42,2,915.4925,869.057187,895.7
2025-12-21,43,2,884.183194,816.253277,864.683533
2025-12-21,44,2,850.293687,771.842937,816.879
2025-12-21,45,2,818.906979,734.695,756.840833
2025-12-21,46,2,738.885885,660.108519,678.191167
2025-12-21,47,2,815.463758,719.890621,768.73535
2025-12-21,48,2,948.10875,856.973229,940.154583
2025-12-21,49,2,926.428492,859.679575,899.032817
2025-12-21,50,2,830.98484,791.873877,823.545817
2025-12-21,51,2,767.222656,721.791823,797.8975
2025-12-21,52,2,751.036352,651.467033,729.992317
2025-12-21,53,2,719.114583,595.243683,680.076133
2025-12-21,54,2,648.002292,556.574323,652.34375
2025-12-21,55,2,632.27981,524.79281,584.00365
2025-12-21,56,2,606.231317,493.72974,527.685367
2025-12-21,57,2,576.68026,447.181875,505.665
2025-12-21,58,2,550.069823,400.592015,481.458867
2025-12-21,59,2,519.342744,361.45315,426.60045
2025-12-21,60,2,507.278125,331.879583,360.307083
2025-12-21,61,2,561.175944,318.063765,331.193617
2025-12-21,62,2,497.838829,270.608467,326.093433
2025-12-21,63,2,359.576042,218.030365,331.784583
2025-12-21,64,2,331.570762,220.552337,349.0795
2025-12-21,65,2,338.186888,208.244192,371.06075
2025-12-21,66,2,361.355365,174.638802,381.234583
2025-12-21,67,2,420.78241,142.489348,362.097633
2025-12-21,68,2,439.888929,122.120706,322.25115
2025-12-21,69,2,390.431823,122.944531,282.970417
2025-12-21,70,2,332.264802,137.214102,252.008733
2025-12-21,71,2,301.166902,93.821042,164.707417
2025-12-21,72,2,303.121094,32.17125,73.35
2025-12-21,73,2,239.141431,35.507188,99.4947
2025-12-21,74,2,209.243042,50.172462,108.694983
2025-12-21,75,2,218.840729,53.051406,68.101667
2025-12-21,76,2,226.440675,52.524744,85.331767
2025-12-21,77,2,241.6771,91.35235,160.4821
2025-12-21,78,2,242.484323,148.345208,241.000417
2025-12-21,79,2,234.138131,160.262396,264.312483
2025-12-21,80,2,204.841077,160.171521,225.386167
2025-12-21,81,2,186.468281,163.294167,177.021667
2025-12-21,82,2,264.717944,187.746319,192.5097
2025-12-21,83,2,306.1794,227.685483,253.624117
2025-12-21,84,2,302.541563,271.233333,301.882917
2025-12-21,85,2,363.256679,294.270292,294.896583
2025-12-21,86,2,403.676977,327.302262,317.71575
2025-12-21,87,2,420.198281,371.428906,384.197083
2025-12-21,88,2,480.709658,408.591296,430.384333
2025-12-21,89,2,551.908396,452.193283,491.03275
2025-12-21,90,2,613.392552,520.48901,558.540417
2025-12-21,91,2,645.267967,551.125413,586.453583
2025-12-21,92,2,686.550352,586.58665,640.806083
2025-12-21,93,2,719.225781,644.898177,707.687917
2025-12-21,94,2,741.600406,691.587135,708.694567
2025-12-21,95,2,769.15509,723.395852,736.84515
2025-12-21,96,2,843.437396,772.262448,795.930417
2025-12-21,97,2,863.049833,816.254652,801.381867
2025-12-21,98,2,874.228765,852.847131,842.64315
2025-12-21,99,2,918.591458,894.960573,925.109167
2025-12-21,100,2,997.817342,953.62354,959.7928
2025-12-21,101,2,1026.54416,1002.434348,992.864183
2025-12-21,102,2,1006.258906,1014.546198,1028.796667
2025-12-21,103,2,1038.096598,1030.298444,1018.6957
2025-12-21,104,2,1057.149025,1024.48825,1025.7503
2025-12-21,105,2,1066.369792,1030.067917,1056.461667
2025-12-21,106,2,1091.681677,1053.44974,1048.349133
2025-12-21,107,2,943.045994,928.089229,898.743433
2025-12-21,108,2,697.368958,716.489375,712.633333
2025-12-21,109,2,706.691958,709.880679,715.41445
2025-12-21,110,2,749.832383,742.582287,748.267933
2025-12-21,111,2,705.222708,717.546042,730.008333
2025-12-21,112,2,701.875206,705.495221,734.344383
2025-12-21,113,2,724.760525,713.232731,750.083217
2025-12-21,114,2,741.121042,720.53,748.46
2025-12-21,115,2,720.755202,722.574854,722.483233
2025-12-21,116,2,723.927492,729.384752,726.165517
2025-12-21,117,2,736.282708,731.931875,744.431667
2025-12-21,118,2,720.589102,721.116125,716.9287
2025-12-21,119,2,707.000617,709.863958,733.1195
2025-12-21,120,2,708.101042,708.3325,780.268333
2025-12-21,121,2,717.46076,718.571731,747.5859
2025-12-21,122,2,739.116942,730.39265,692.8171
2025-12-21,123,2,741.814583,719.129792,681.751667
2025-12-21,124,2,742.286644,734.228875,720.3711
2025-12-21,125,2,713.461869,726.338479,722.800167
2025-12-21,126,2,732.912708,730.407292,690.743333
2025-12-21,127,2,698.905694,722.335012,704.5435
2025-12-21,128,2,697.487312,729.758221,721.160717
2025-12-21,129,2,710.1225,733.308542,726.305
2025-12-21,130,2,751.920563,749.552265,739.519033
2025-12-21,131,2,663.521602,667.423258,678.499233
2025-12-21,132,2,515.973958,546.751042,572.4
2025-12-21,133,2,520.0821,548.020287,545.092317
2025-12-21,134,2,557.663712,564.051471,550.836133
2025-12-21,135,2,580.768542,559.365625,542.6
2025-12-21,136,2,573.3122,549.395035,525.919
2025-12-21,137,2,572.279771,546.714829,543.393917
2025-12-21,138,2,577.164792,557.444167,584.828333
2025-12-21,139,2,572.433698,573.526848,592.452567
2025-12-21,140,2,590.683342,580.328081,565.9438
2025-12-21,141,2,607.677917,573.062708,550.931667
2025-12-21,142,2,585.278021,562.734585,589.960217
2025-12-21,143,2,563.837071,574.022354,595.331833
2025-12-21,0,3,563.214375,575.190625,562.211667
2025-12-21,1,3,570.494087,579.943175,596.017717
2025-12-21,2,3,573.708192,564.1651,589.645167
2025-12-21,3,3,614.12625,578.837708,578.683333
2025-12-21,4,3,633.082096,609.702112,564.710033
2025-12-21,5,3,626.768271,616.874223,549.903883
2025-12-21,6,3,607.029583,597.37875,558.21
2025-12-21,7,3,576.223002,588.136215,610.348517
2025-12-21,8,3,594.318023,595.379627,633.23595
2025-12-21,9,3,637.516667,600.173125,622.696667
2025-12-21,10,3,615.923437,598.23044,637.489267
2025-12-21,11,3,610.36371,603.426402,622.368
2025-12-21,12,3,652.52375,616.68625,597.858333
2025-12-21,13,3,658.386133,616.78369,642.746233
2025-12-21,14,3,645.154121,613.017806,653.869117
2025-12-21,15,3,642.711667,626.833125,621.75
2025-12-21,16,3,627.500433,625.632698,636.643333
2025-12-21,17,3,632.016123,629.658338,631.910733
2025-12-21,18,3,651.189792,628.646042,625.288333
2025-12-21,19,3,659.7609,624.867181,696.757683
2025-12-21,20,3,686.08126,633.843283,685.888783
2025-12-21,21,3,675.736875,639.343125,624.79
2025-12-21,22,3,634.522281,637.927935,703.4143
2025-12-21,23,3,631.955281,639.68255,737.32095
2025-12-21,24,3,665.730208,646.967708,679.858333
2025-12-21,25,3,665.058337,637.606385,673.157067
2025-12-21,26,3,703.259498,648.254579,680.399233
2025-12-21,27,3,738.434583,661.247708,677.478333
2025-12-21,28,3,715.456808,663.15915,686.979733
2025-12-21,29,3,680.071812,660.950104,680.602567
2025-12-21,30,3,667.4,660.323125,672.051667
2025-12-21,31,3,678.230267,663.988979,702.989983
2025-12-21,32,3,697.764492,668.117594,708.874733
2025-12-21,33,3,715.559792,658.275625,677.763333
2025-12-21,34,3,665.18621,633.948835,679.624417
2025-12-21,35,3,762.738106,728.842908,786.285767
2025-12-21,36,3,903.977708,850.165208,915.108333
2025-12-21,37,3,910.122013,872.988875,906.479567
2025-12-21,38,3,895.984938,850.212044,901.305417
2025-12-21,39,3,935.981667,851.212917,931.175
2025-12-21,40,3,875.210037,857.700575,890.858333
2025-12-21,41,3,871.748219,867.511652,872.208167
2025-12-21,42,3,922.511927,869.057187,895.7
2025-12-21,43,3,890.285573,816.253277,864.683533
2025-12-21,44,3,836.792498,771.842937,816.879
2025-12-21,45,3,783.048802,734.695,756.840833
2025-12-21,46,3,704.547704,660.108519,678.191167
2025-12-21,47,3,774.492244,719.890621,768.73535
2025-12-21,48,3,935.2625,856.973229,940.154583
2025-12-21,49,3,939.25814,859.679575,899.032817
2025-12-21,50,3,857.896652,791.873877,823.545817
2025-12-21,51,3,782.424427,721.791823,797.8975
2025-12-21,52,3,737.225267,651.467033,729.992317
2025-12-21,53,3,676.655758,595.243683,680.076133
2025-12-21,54,3,618.021927,556.574323,652.34375
2025-12-21,55,3,622.070156,524.79281,584.00365
2025-12-21,56,3,611.748006,493.72974,527.685367
2025-12-21,57,3,575.669687,447.181875,505.665
2025-12-21,58,3,528.433429,400.592015,481.458867
2025-12-21,59,3,502.226038,361.45315,426.60045
2025-12-21,60,3,492.133854,331.879583,360.307083
2025-12-21,61,3,500.724619,318.063765,331.193617
2025-12-21,62,3,405.195242,270.608467,326.093433
2025-12-21,63,3,293.831927,218.030365,331.784583
2025-12-21,64,3,372.280087,220.552337,349.0795
2025-12-21,65,3,409.459,208.244192,371.06075
2025-12-21,66,3,340.436302,174.638802,381.234583
2025-12-21,67,3,273.974806,142.489348,362.097633
2025-12-21,68,3,260.967792,122.120706,322.25115
2025-12-21,69,3,299.39474,122.944531,282.970417
2025-12-21,70,3,352.334748,137.214102,252.008733
2025-12-21,71,3,309.718554,93.821042,164.707417
2025-12-21,72,3,209.420052,32.17125,73.35
2025-12-21,73,3,152.357271,35.507188,99.4947
2025-12-21,74,3,166.653529,50.172462,108.694983
2025-12-21,75,3,201.399115,53.051406,68.101667
2025-12-21,76,3,213.619769,52.524744,85.331767
2025-12-21,77,3,236.431071,91.35235,160.4821
2025-12-21,78,3,262.600104,148.345208,241.000417
2025-12-21,79,3,258.471773,160.262396,264.312483
2025-12-21,80,3,249.619198,160.171521,225.386167
2025-12-21,81,3,223.79974,163.294167,177.021667
2025-12-21,82,3,275.87421,187.746319,192.5097
2025-12-21,83,3,344.080479,227.685483,253.624117
2025-12-21,84,3,370.914896,271.233333,301.882917
2025-12-21,85,3,317.031488,294.270292,294.896583
2025-12-21,86,3,336.290658,327.302262,317.71575
2025-12-21,87,3,427.92625,371.428906,384.197083
2025-12-21,88,3,403.787648,408.591296,430.384333
2025-12-21,89,3,406.364133,452.193283,491.03275
2025-12-21,90,3,495.460677,520.48901,558.540417
2025-12-21,91,3,549.256588,551.125413,586.453583
2025-12-21,92,3,623.850358,586.58665,640.806083
2025-12-21,93,3,691.41599,644.898177,707.687917
2025-12-21,94,3,728.336302,691.587135,708.694567
2025-12-21,95,3,758.69806,723.395852,736.84515
2025-12-21,96,3,813.735625,772.262448,795.930417
2025-12-21,97,3,847.97736,816.254652,801.381867
2025-12-21,98,3,869.455446,852.847131,842.64315
2025-12-21,99,3,896.948958,894.960573,925.109167
2025-12-21,100,3,944.52235,953.62354,959.7928
2025-12-21,101,3,995.859169,1002.434348,992.864183
2025-12-21,102,3,1017.667448,1014.546198,1028.796667
2025-12-21,103,3,1044.850012,1030.298444,1018.6957
2025-12-21,104,3,1050.519825,1024.48825,1025.7503
2025-12-21,105,3,1044.070417,1030.067917,1056.461667
2025-12-21,106,3,1082.509879,1053.44974,1048.349133
2025-12-21,107,3,944.97475,928.089229,898.743433
2025-12-21,108,3,720.453958,716.489375,712.633333
2025-12-21,109,3,735.695935,709.880679,715.41445
2025-12-21,110,3,771.637383,742.582287,748.267933
2025-12-21,111,3,723.2725,717.546042,730.008333
2025-12-21,112,3,706.420844,705.495221,734.344383
2025-12-21,113,3,710.715923,713.232731,750.083217
2025-12-21,114,3,710.60625,720.53,748.46
2025-12-21,115,3,726.229829,722.574854,722.483233
2025-12-21,116,3,741.245225,729.384752,726.165517
2025-12-21,117,3,742.1375,731.931875,744.431667
2025-12-21,118,3,748.332498,721.116125,716.9287
2025-12-21,119,3,710.147917,709.863958,733.1195
2025-12-21,120,3,689.8375,708.3325,780.268333
2025-12-21,121,3,726.469906,718.571731,747.5859
2025-12-21,122,3,742.331681,730.39265,692.8171
2025-12-21,123,3,713.98375,719.129792,681.751667
2025-12-21,124,3,723.974367,734.228875,720.3711
2025-12-21,125,3,727.98531,726.338479,722.800167
2025-12-21,126,3,743.14,730.407292,690.743333
2025-12-21,127,3,731.309442,722.335012,704.5435
2025-12-21,128,3,717.402254,729.758221,721.160717
2025-12-21,129,3,707.243542,733.308542,726.305
2025-12-21,130,3,763.65455,749.552265,739.519033
2025-12-21,131,3,684.035831,667.423258,678.499233
2025-12-21,132,3,538.752917,546.751042,572.4
2025-12-21,133,3,575.053727,548.020287,545.092317
2025-12-21,134,3,577.197956,564.051471,550.836133
2025-12-21,135,3,519.465417,559.365625,542.6
2025-12-21,136,3,546.460312,549.395035,525.919
2025-12-21,137,3,555.268562,546.714829,543.393917
2025-12-21,138,3,548.111458,557.444167,584.828333
2025-12-21,139,3,609.269727,573.526848,592.452567
2025-12-21,140,3,615.9126,580.328081,565.9438
2025-12-21,141,3,571.50875,573.062708,550.931667
2025-12-21,142,3,563.762023,562.734585,589.960217
2025-12-21,143,3,593.222798,574.022354,595.331833
2025-12-21,0,4,616.143542,575.190625,562.211667
2025-12-21,1,4,611.010917,579.943175,596.017717
2025-12-21,2,4,580.190558,564.1651,589.645167
2025-12-21,3,4,590.56125,578.837708,578.683333
2025-12-21,4,4,616.871248,609.702112,564.710033
2025-12-21,5,4,624.663333,616.874223,549.903883
2025-12-21,6,4,601.070417,597.37875,558.21
2025-12-21,7,4,617.179392,588.136215,610.348517
2025-12-21,8,4,622.79114,595.379627,633.23595
2025-12-21,9,4,611.866667,600.173125,622.696667
2025-12-21,10,4,615.255962,598.23044,637.489267
2025-12-21,11,4,638.064573,603.426402,622.368
2025-12-21,12,4,656.264167,616.68625,597.858333
2025-12-21,13,4,649.771658,616.78369,642.746233
2025-12-21,14,4,624.217023,613.017806,653.869117
2025-12-21,15,4,634.719375,626.833125,621.75
2025-12-21,16,4,604.6304,625.632698,636.643333
2025-12-21,17,4,625.332017,629.658338,631.910733
2025-12-21,18,4,651.644792,628.646042,625.288333
2025-12-21,19,4,656.54916,624.867181,696.757683
2025-12-21,20,4,654.043858,633.843283,685.888783
2025-12-21,21,4,648.19625,639.343125,624.79
2025-12-21,22,4,659.865312,637.927935,703.4143
2025-12-21,23,4,683.871669,639.68255,737.32095
2025-12-21,24,4,678.995,646.967708,679.858333
2025-12-21,25,4,658.281315,637.606385,673.157067
2025-12-21,26,4,645.224531,648.254579,680.399233
2025-12-21,27,4,666.940417,661.247708,677.478333
2025-12-21,28,4,689.852796,663.15915,686.979733
2025-12-21,29,4,675.817331,660.950104,680.602567
2025-12-21,30,4,673.146042,660.323125,672.051667
2025-12-21,31,4,740.815817,663.988979,702.989983
2025-12-21,32,4,751.649925,668.117594,708.874733
2025-12-21,33,4,708.237708,658.275625,677.763333
2025-12-21,34,4,722.31875,633.948835,679.624417
2025-12-21,35,4,805.937483,728.842908,786.285767
2025-12-21,36,4,880.877083,850.165208,915.108333
2025-12-21,37,4,912.158346,872.988875,906.479567
2025-12-21,38,4,879.500362,850.212044,901.305417
2025-12-21,39,4,861.233333,851.212917,931.175
2025-12-21,40,4,909.222825,857.700575,890.858333
2025-12-21,41,4,960.084602,867.511652,872.208167
2025-12-21,42,4,949.505833,869.057187,895.7
2025-12-21,43,4,893.78011,816.253277,864.683533
2025-12-21,44,4,824.166248,771.842937,816.879
2025-12-21,45,4,775.840052,734.695,756.840833
2025-12-21,46,4,720.329123,660.108519,678.191167
2025-12-21,47,4,780.795546,719.890621,768.73535
2025-12-21,48,4,911.162812,856.973229,940.154583
2025-12-21,49,4,957.652181,859.679575,899.032817
2025-12-21,50,4,882.801806,791.873877,823.545817
2025-12-21,51,4,761.47724,721.791823,797.8975
2025-12-21,52,4,707.868548,651.467033,729.992317
2025-12-21,53,4,640.775177,595.243683,680.076133
2025-12-21,54,4,588.089635,556.574323,652.34375
2025-12-21,55,4,609.047573,524.79281,584.00365
2025-12-21,56,4,605.620383,493.72974,527.685367
2025-12-21,57,4,539.211302,447.181875,505.665
2025-12-21,58,4,473.659788,400.592015,481.458867
2025-12-21,59,4,417.194833,361.45315,426.60045
2025-12-21,60,4,381.485885,331.879583,360.307083
2025-12-21,61,4,401.23735,318.063765,331.193617
2025-12-21,62,4,354.919898,270.608467,326.093433
2025-12-21,63,4,272.699635,218.030365,331.784583
2025-12-21,64,4,271.681633,220.552337,349.0795
2025-12-21,65,4,297.522938,208.244192,371.06075
2025-12-21,66,4,298.056198,174.638802,381.234583
2025-12-21,67,4,239.8567,142.489348,362.097633
2025-12-21,68,4,209.486527,122.120706,322.25115
2025-12-21,69,4,239.874375,122.944531,282.970417
2025-12-21,70,4,241.6384,137.214102,252.008733
2025-12-21,71,4,148.637867,93.821042,164.707417
2025-12-21,72,4,67.650469,32.17125,73.35
2025-12-21,73,4,96.168925,35.507188,99.4947
2025-12-21,74,4,154.420685,50.172462,108.694983
2025-12-21,75,4,184.725208,53.051406,68.101667
2025-12-21,76,4,138.654569,52.524744,85.331767
2025-12-21,77,4,154.341298,91.35235,160.4821
2025-12-21,78,4,242.2875,148.345208,241.000417
2025-12-21,79,4,247.1883,160.262396,264.312483
2025-12-21,80,4,224.490125,160.171521,225.386167
2025-12-21,81,4,213.625729,163.294167,177.021667
2025-12-21,82,4,223.890785,187.746319,192.5097
2025-12-21,83,4,252.309344,227.685483,253.624117
2025-12-21,84,4,293.786354,271.233333,301.882917
2025-12-21,85,4,331.531237,294.270292,294.896583
2025-12-21,86,4,361.348352,327.302262,317.71575
2025-12-21,87,4,387.522604,371.428906,384.197083
2025-12-21,88,4,457.853956,408.591296,430.384333
2025-12-21,89,4,509.77756,452.193283,491.03275
2025-12-21,90,4,556.378073,520.48901,558.540417
2025-12-21,91,4,591.078694,551.125413,586.453583
2025-12-21,92,4,643.3673,586.58665,640.806083
2025-12-21,93,4,710.11599,644.898177,707.687917
2025-12-21,94,4,755.725042,691.587135,708.694567
2025-12-21,95,4,780.202196,723.395852,736.84515
2025-12-21,96,4,813.860365,772.262448,795.930417
2025-12-21,97,4,842.958333,816.254652,801.381867
2025-12-21,98,4,866.503054,852.847131,842.64315
2025-12-21,99,4,905.020781,894.960573,925.109167
2025-12-21,100,4,990.344392,953.62354,959.7928
2025-12-21,101,4,1049.7301,1002.434348,992.864183
2025-12-21,102,4,1047.024375,1014.546198,1028.796667
2025-12-21,103,4,1021.52639,1030.298444,1018.6957
2025-12-21,104,4,1001.902146,1024.48825,1025.7503
2025-12-21,105,4,1018.268542,1030.067917,1056.461667
2025-12-21,106,4,1069.863262,1053.44974,1048.349133
2025-12-21,107,4,941.573735,928.089229,898.743433
2025-12-21,108,4,707.129583,716.489375,712.633333
2025-12-21,109,4,694.126219,709.880679,715.41445
2025-12-21,110,4,756.295012,742.582287,748.267933
2025-12-21,111,4,758.481042,717.546042,730.008333
2025-12-21,112,4,730.902713,705.495221,734.344383
2025-12-21,113,4,697.413708,713.232731,750.083217
2025-12-21,114,4,700.518333,720.53,748.46
2025-12-21,115,4,705.149523,722.574854,722.483233
2025-12-21,116,4,715.546642,729.384752,726.165517
2025-12-21,117,4,727.657708,731.931875,744.431667
2025-12-21,118,4,712.331538,721.116125,716.9287
2025-12-21,119,4,688.394654,709.863958,733.1195
2025-12-21,120,4,683.318333,708.3325,780.268333
2025-12-21,121,4,704.533904,718.571731,747.5859
2025-12-21,122,4,718.128058,730.39265,692.8171
2025-12-21,123,4,729.464583,719.129792,681.751667
2025-12-21,124,4,779.582875,734.228875,720.3711
2025-12-21,125,4,743.35315,726.338479,722.800167
2025-12-21,126,4,696.21625,730.407292,690.743333
2025-12-21,127,4,707.523879,722.335012,704.5435
2025-12-21,128,4,759.78794,729.758221,721.160717
2025-12-21,129,4,781.944167,733.308542,726.305
2025-12-21,130,4,760.271962,749.552265,739.519033
2025-12-21,131,4,665.768719,667.423258,678.499233
2025-12-21,132,4,564.596875,546.751042,572.4
2025-12-21,133,4,553.111296,548.020287,545.092317
2025-12-21,134,4,554.736033,564.051471,550.836133
2025-12-21,135,4,551.918125,559.365625,542.6
2025-12-21,136,4,559.015135,549.395035,525.919
2025-12-21,137,4,544.316644,546.714829,543.393917
2025-12-21,138,4,537.236458,557.444167,584.828333
2025-12-21,139,4,565.303771,573.526848,592.452567
2025-12-21,140,4,575.615598,580.328081,565.9438
2025-12-21,141,4,580.179167,573.062708,550.931667
2025-12-21,142,4,613.004023,562.734585,589.960217
2025-12-21,143,4,602.595967,574.022354,595.331833
2025-12-21,0,5,543.286042,575.190625,562.211667
2025-12-21,1,5,547.790171,579.943175,596.017717
2025-12-21,2,5,569.08859,564.1651,589.645167
2025-12-21,3,5,616.856875,578.837708,578.683333
2025-12-21,4,5,652.431879,609.702112,564.710033
2025-12-21,5,5,646.45704,616.874223,549.903883
2025-12-21,6,5,600.437708,597.37875,558.21
2025-12-21,7,5,556.347085,588.136215,610.348517
2025-12-21,8,5,584.116275,595.379627,633.23595
2025-12-21,9,5,626.15375,600.173125,622.696667
2025-12-21,10,5,619.530462,598.23044,637.489267
2025-12-21,11,5,660.513185,603.426402,622.368
2025-12-21,12,5,714.29375,616.68625,597.858333
2025-12-21,13,5,657.40055,616.78369,642.746233
2025-12-21,14,5,603.233279,613.017806,653.869117
2025-12-21,15,5,610.898333,626.833125,621.75
2025-12-21,16,5,635.371102,625.632698,636.643333
2025-12-21,17,5,657.046321,629.658338,631.910733
2025-12-21,18,5,690.539792,628.646042,625.288333
2025-12-21,19,5,707.181731,624.867181,696.757683
2025-12-21,20,5,687.815585,633.843283,685.888783
2025-12-21,21,5,646.343542,639.343125,624.79
2025-12-21,22,5,631.180994,637.927935,703.4143
2025-12-21,23,5,670.018146,639.68255,737.32095
2025-12-21,24,5,707.807083,646.967708,679.858333
2025-12-21,25,5,672.834585,637.606385,673.157067
2025-12-21,26,5,696.518333,648.254579,680.399233
2025-12-21,27,5,738.581458,661.247708,677.478333
2025-12-21,28,5,704.149637,663.15915,686.979733
2025-12-21,29,5,665.335831,660.950104,680.602567
2025-12-21,30,5,663.774375,660.323125,672.051667
2025-12-21,31,5,701.144377,663.988979,702.989983
2025-12-21,32,5,700.017269,668.117594,708.874733
2025-12-21,33,5,679.539167,658.275625,677.763333
2025-12-21,34,5,709.545971,633.948835,679.624417
2025-12-21,35,5,806.671754,728.842908,786.285767
2025-12-21,36,5,862.322292,850.165208,915.108333
2025-12-21,37,5,893.973073,872.988875,906.479567
2025-12-21,38,5,865.534685,850.212044,901.305417
2025-12-21,39,5,855.205625,851.212917,931.175
2025-12-21,40,5,873.638398,857.700575,890.858333
2025-12-21,41,5,900.476623,867.511652,872.208167
2025-12-21,42,5,909.516458,869.057187,895.7
2025-12-21,43,5,867.290654,816.253277,864.683533
2025-12-21,44,5,857.064885,771.842937,816.879
2025-12-21,45,5,835.603802,734.695,756.840833
2025-12-21,46,5,724.176792,660.108519,678.191167
2025-12-21,47,5,768.869248,719.890621,768.73535
2025-12-21,48,5,924.521562,856.973229,940.154583
2025-12-21,49,5,944.767181,859.679575,899.032817
2025-12-21,50,5,885.122867,791.873877,823.545817
2025-12-21,51,5,819.155104,721.791823,797.8975
2025-12-21,52,5,756.07655,651.467033,729.992317
2025-12-21,53,5,694.416783,595.243683,680.076133
2025-12-21,54,5,636.174583,556.574323,652.34375
2025-12-21,55,5,588.976362,524.79281,584.00365
2025-12-21,56,5,598.652281,493.72974,527.685367
2025-12-21,57,5,601.5025,447.181875,505.665
2025-12-21,58,5,519.994185,400.592015,481.458867
2025-12-21,59,5,467.812817,361.45315,426.60045
2025-12-21,60,5,496.96401,331.879583,360.307083
2025-12-21,61,5,544.673617,318.063765,331.193617
2025-12-21,62,5,479.031656,270.608467,326.093433
2025-12-21,63,5,361.428385,218.030365,331.784583
2025-12-21,64,5,323.808756,220.552337,349.0795
2025-12-21,65,5,326.348556,208.244192,371.06075
2025-12-21,66,5,303.431042,174.638802,381.234583
2025-12-21,67,5,213.663085,142.489348,362.097633
2025-12-21,68,5,143.020731,122.120706,322.25115
2025-12-21,69,5,148.496719,122.944531,282.970417
2025-12-21,70,5,198.0783,137.214102,252.008733
2025-12-21,71,5,135.074638,93.821042,164.707417
2025-12-21,72,5,19.631719,32.17125,73.35
2025-12-21,73,5,40.325427,35.507188,99.4947
2025-12-21,74,5,43.798321,50.172462,108.694983
2025-12-21,75,5,34.272969,53.051406,68.101667
2025-12-21,76,5,40.4413,52.524744,85.331767
2025-12-21,77,5,99.848065,91.35235,160.4821
2025-12-21,78,5,164.303125,148.345208,241.000417
2025-12-21,79,5,226.446152,160.262396,264.312483
2025-12-21,80,5,268.31489,160.171521,225.386167
2025-12-21,81,5,266.568021,163.294167,177.021667
2025-12-21,82,5,255.439329,187.746319,192.5097
2025-12-21,83,5,291.36305,227.685483,253.624117
2025-12-21,84,5,343.697188,271.233333,301.882917
2025-12-21,85,5,366.116879,294.270292,294.896583
2025-12-21,86,5,415.060383,327.302262,317.71575
2025-12-21,87,5,456.623177,371.428906,384.197083
2025-12-21,88,5,445.760737,408.591296,430.384333
2025-12-21,89,5,477.556379,452.193283,491.03275
2025-12-21,90,5,577.914427,520.48901,558.540417
2025-12-21,91,5,594.574163,551.125413,586.453583
2025-12-21,92,5,605.801537,586.58665,640.806083
2025-12-21,93,5,659.41,644.898177,707.687917
2025-12-21,94,5,712.148875,691.587135,708.694567
2025-12-21,95,5,727.34221,723.395852,736.84515
2025-12-21,96,5,761.57,772.262448,795.930417
2025-12-21,97,5,814.824621,816.254652,801.381867
2025-12-21,98,5,858.342237,852.847131,842.64315
2025-12-21,99,5,904.461615,894.960573,925.109167
2025-12-21,100,5,998.545521,953.62354,959.7928
2025-12-21,101,5,1054.022296,1002.434348,992.864183
2025-12-21,102,5,1031.925833,1014.546198,1028.796667
2025-12-21,103,5,1040.955112,1030.298444,1018.6957
2025-12-21,104,5,1041.529048,1024.48825,1025.7503
2025-12-21,105,5,1040.353958,1030.067917,1056.461667
2025-12-21,106,5,1042.950435,1053.44974,1048.349133
2025-12-21,107,5,905.99196,928.089229,898.743433
2025-12-21,108,5,705.25125,716.489375,712.633333
2025-12-21,109,5,719.451479,709.880679,715.41445
2025-12-21,110,5,750.591367,742.582287,748.267933
2025-12-21,111,5,699.054375,717.546042,730.008333
2025-12-21,112,5,698.932475,705.495221,734.344383
2025-12-21,113,5,709.650292,713.232731,750.083217
2025-12-21,114,5,704.430625,720.53,748.46
2025-12-21,115,5,693.382375,722.574854,722.483233
2025-12-21,116,5,719.35101,729.384752,726.165517
2025-12-21,117,5,758.834792,731.931875,744.431667
2025-12-21,118,5,739.884087,721.116125,716.9287
2025-12-21,119,5,710.556188,709.863958,733.1195
2025-12-21,120,5,704.88375,708.3325,780.268333
2025-12-21,121,5,715.289375,718.571731,747.5859
2025-12-21,122,5,728.132815,730.39265,692.8171
2025-12-21,123,5,713.838333,719.129792,681.751667
2025-12-21,124,5,741.598456,734.228875,720.3711
2025-12-21,125,5,736.657127,726.338479,722.800167
2025-12-21,126,5,762.875417,730.407292,690.743333
2025-12-21,127,5,746.722671,722.335012,704.5435
2025-12-21,128,5,723.77196,729.758221,721.160717
2025-12-21,129,5,712.4725,733.308542,726.305
2025-12-21,130,5,743.306275,749.552265,739.519033
2025-12-21,131,5,672.653608,667.423258,678.499233
2025-12-21,132,5,557.086042,546.751042,572.4
2025-12-21,133,5,582.148085,548.020287,545.092317
2025-12-21,134,5,599.714896,564.051471,550.836133
2025-12-21,135,5,559.280833,559.365625,542.6
2025-12-21,136,5,553.422721,549.395035,525.919
2025-12-21,137,5,577.902896,546.714829,543.393917
2025-12-21,138,5,591.698333,557.444167,584.828333
2025-12-21,139,5,593.318673,573.526848,592.452567
2025-12-21,140,5,576.299396,580.328081,565.9438
2025-12-21,141,5,573.136875,573.062708,550.931667
2025-12-21,142,5,542.661952,562.734585,589.960217
2025-12-21,143,5,543.465604,574.022354,595.331833
2025-12-21,0,6,541.248542,575.190625,562.211667
2025-12-21,1,6,553.02914,579.943175,596.017717
2025-12-21,2,6,525.585773,564.1651,589.645167
2025-12-21,3,6,521.532083,578.837708,578.683333
2025-12-21,4,6,576.717121,609.702112,564.710033
2025-12-21,5,6,613.259154,616.874223,549.903883
2025-12-21,6,6,587.902708,597.37875,558.21
2025-12-21,7,6,539.097756,588.136215,610.348517
2025-12-21,8,6,538.703902,595.379627,633.23595
2025-12-21,9,6,589.974167,600.173125,622.696667
2025-12-21,10,6,557.459952,598.23044,637.489267
2025-12-21,11,6,566.327629,603.426402,622.368
2025-12-21,12,6,639.355417,616.68625,597.858333
2025-12-21,13,6,612.848948,616.78369,642.746233
2025-12-21,14,6,589.067673,613.017806,653.869117
2025-12-21,15,6,612.834375,626.833125,621.75
2025-12-21,16,6,609.870169,625.632698,636.643333
2025-12-21,17,6,594.724598,629.658338,631.910733
2025-12-21,18,6,597.51,628.646042,625.288333
2025-12-21,19,6,608.122302,624.867181,696.757683
2025-12-21,20,6,634.62419,633.843283,685.888783
2025-12-21,21,6,614.123958,639.343125,624.79
2025-12-21,22,6,602.782517,637.927935,703.4143
2025-12-21,23,6,616.784023,639.68255,737.32095
2025-12-21,24,6,637.008333,646.967708,679.858333
2025-12-21,25,6,621.03836,637.606385,673.157067
2025-12-21,26,6,613.255121,648.254579,680.399233
2025-12-21,27,6,623.20875,661.247708,677.478333
2025-12-21,28,6,649.113031,663.15915,686.979733
2025-12-21,29,6,655.528385,660.950104,680.602567
2025-12-21,30,6,649.406667,660.323125,672.051667
2025-12-21,31,6,683.417167,663.988979,702.989983
2025-12-21,32,6,665.86246,668.117594,708.874733
2025-12-21,33,6,606.083125,658.275625,677.763333
2025-12-21,34,6,593.533733,633.948835,679.624417
2025-12-21,35,6,709.861444,728.842908,786.285767
2025-12-21,36,6,805.164167,850.165208,915.108333
2025-12-21,37,6,808.236533,872.988875,906.479567
2025-12-21,38,6,778.043023,850.212044,901.305417
2025-12-21,39,6,795.188958,851.212917,931.175
2025-12-21,40,6,812.396719,857.700575,890.858333
2025-12-21,41,6,830.215673,867.511652,872.208167
2025-12-21,42,6,840.450417,869.057187,895.7
2025-12-21,43,6,822.095456,816.253277,864.683533
2025-12-21,44,6,763.771308,771.842937,816.879
2025-12-21,45,6,686.895573,734.695,756.840833
2025-12-21,46,6,665.932212,660.108519,678.191167
2025-12-21,47,6,725.932996,719.890621,768.73535
2025-12-21,48,6,788.15401,856.973229,940.154583
2025-12-21,49,6,773.520023,859.679575,899.032817
2025-12-21,50,6,714.439063,791.873877,823.545817
2025-12-21,51,6,652.309219,721.791823,797.8975
2025-12-21,52,6,577.142952,651.467033,729.992317
2025-12-21,53,6,534.364837,595.243683,680.076133
2025-12-21,54,6,528.143125,556.574323,652.34375
2025-12-21,55,6,512.004604,524.79281,584.00365
2025-12-21,56,6,426.971577,493.72974,527.685367
2025-12-21,57,6,343.282917,447.181875,505.665
2025-12-21,58,6,341.648398,400.592015,481.458867
2025-12-21,59,6,318.895512,361.45315,426.60045
2025-12-21,60,6,230.547917,331.879583,360.307083
2025-12-21,61,6,198.48865,318.063765,331.193617
2025-12-21,62,6,151.672833,270.608467,326.093433
2025-12-21,63,6,92.804271,218.030365,331.784583
2025-12-21,64,6,88.518571,220.552337,349.0795
2025-12-21,65,6,103.425633,208.244192,371.06075
2025-12-21,66,6,113.36599,174.638802,381.234583
2025-12-21,67,6,164.169646,142.489348,362.097633
2025-12-21,68,6,167.093927,122.120706,322.25115
2025-12-21,69,6,104.542969,122.944531,282.970417
2025-12-21,70,6,64.865258,137.214102,252.008733
2025-12-21,71,6,53.30386,93.821042,164.707417
2025-12-21,72,6,39.934844,32.17125,73.35
2025-12-21,73,6,18.504008,35.507188,99.4947
2025-12-21,74,6,37.281546,50.172462,108.694983
2025-12-21,75,6,98.949323,53.051406,68.101667
2025-12-21,76,6,135.643152,52.524744,85.331767
2025-12-21,77,6,155.510115,91.35235,160.4821
2025-12-21,78,6,165.658281,148.345208,241.000417
2025-12-21,79,6,127.036408,160.262396,264.312483
2025-12-21,80,6,112.570948,160.171521,225.386167
2025-12-21,81,6,129.698281,163.294167,177.021667
2025-12-21,82,6,175.071442,187.746319,192.5097
2025-12-21,83,6,234.267171,227.685483,253.624117
2025-12-21,84,6,315.469948,271.233333,301.882917
2025-12-21,85,6,339.636033,294.270292,294.896583
2025-12-21,86,6,370.322894,327.302262,317.71575
2025-12-21,87,6,384.606094,371.428906,384.197083
2025-12-21,88,6,341.883475,408.591296,430.384333
2025-12-21,89,6,400.181792,452.193283,491.03275
2025-12-21,90,6,527.465677,520.48901,558.540417
2025-12-21,91,6,534.741888,551.125413,586.453583
2025-12-21,92,6,544.063465,586.58665,640.806083
2025-12-21,93,6,613.524688,644.898177,707.687917
2025-12-21,94,6,658.795769,691.587135,708.694567
2025-12-21,95,6,653.803115,723.395852,736.84515
2025-12-21,96,6,653.016146,772.262448,795.930417
2025-12-21,97,6,726.35984,816.254652,801.381867
2025-12-21,98,6,779.381473,852.847131,842.64315
2025-12-21,99,6,827.700052,894.960573,925.109167
2025-12-21,100,6,906.822965,953.62354,959.7928
2025-12-21,101,6,931.595287,1002.434348,992.864183
2025-12-21,102,6,892.674115,1014.546198,1028.796667
2025-12-21,103,6,884.726946,1030.298444,1018.6957
2025-12-21,104,6,896.50174,1024.48825,1025.7503
2025-12-21,105,6,900.653542,1030.067917,1056.461667
2025-12-21,106,6,899.063483,1053.44974,1048.349133
2025-12-21,107,6,805.909756,928.089229,898.743433
2025-12-21,108,6,658.58,716.489375,712.633333
2025-12-21,109,6,624.803304,709.880679,715.41445
2025-12-21,110,6,647.366223,742.582287,748.267933
2025-12-21,111,6,662.390417,717.546042,730.008333
2025-12-21,112,6,685.236406,705.495221,734.344383
2025-12-21,113,6,691.306031,713.232731,750.083217
2025-12-21,114,6,675.431667,720.53,748.46
2025-12-21,115,6,639.288023,722.574854,722.483233
2025-12-21,116,6,658.575165,729.384752,726.165517
2025-12-21,117,6,684.730417,731.931875,744.431667
2025-12-21,118,6,649.523073,721.116125,716.9287
2025-12-21,119,6,635.125315,709.863958,733.1195
2025-12-21,120,6,653.470208,708.3325,780.268333
2025-12-21,121,6,653.962344,718.571731,747.5859
2025-12-21,122,6,685.979285,730.39265,692.8171
2025-12-21,123,6,708.329583,719.129792,681.751667
2025-12-21,124,6,695.849754,734.228875,720.3711
2025-12-21,125,6,656.368796,726.338479,722.800167
2025-12-21,126,6,661.024583,730.407292,690.743333
2025-12-21,127,6,657.04715,722.335012,704.5435
2025-12-21,128,6,685.599546,729.758221,721.160717
2025-12-21,129,6,696.966667,733.308542,726.305
2025-12-21,130,6,682.916746,749.552265,739.519033
2025-12-21,131,6,599.751671,667.423258,678.499233
2025-12-21,132,6,490.615208,546.751042,572.4
2025-12-21,133,6,506.069071,548.020287,545.092317
2025-12-21,134,6,535.643825,564.051471,550.836133
2025-12-21,135,6,546.632292,559.365625,542.6
2025-12-21,136,6,525.372381,549.395035,525.919
2025-12-21,137,6,516.143831,546.714829,543.393917
2025-12-21,138,6,548.064792,557.444167,584.828333
2025-12-21,139,6,577.454802,573.526848,592.452567
2025-12-21,140,6,561.199552,580.328081,565.9438
2025-12-21,141,6,538.527292,573.062708,550.931667
2025-12-21,142,6,552.591965,562.734585,589.960217
2025-12-21,143,6,570.573312,574.022354,595.331833
